time,pressure_seal,pressure_direct
09:51:12.919,0.337274999999999,0.00904218749999963
09:51:13.020,0.337274999999999,0.00904218749999963
09:51:13.121,0.337274999999999,0.00904218749999963
09:51:13.220,0.337274999999999,0.00904218749999963
09:51:13.320,0.337274999999999,0.00904218749999963
09:51:13.422,0.337274999999999,0.00904218749999963
09:51:13.523,0.337274999999999,0.00904218749999963
09:51:13.623,0.337274999999999,0.00904218749999963
09:51:13.725,0.337274999999999,0.00904218749999963
09:51:13.827,0.337274999999999,0.00904218749999963
09:51:13.927,0.337274999999999,0.00904218749999963
09:51:14.028,0.337274999999999,0.00904218749999963
09:51:14.129,0.337274999999999,0.00904218749999963
09:51:14.230,0.337274999999999,0.00904218749999963
09:51:14.332,0.337274999999999,0.00904218749999963
09:51:14.434,0.337274999999999,0.00904218749999963
09:51:14.534,0.337274999999999,0.00904218749999963
09:51:14.635,0.337274999999999,0.00904218749999963
09:51:14.736,0.337274999999999,0.00904218749999963
09:51:14.837,0.337274999999999,0.00904218749999963
09:51:14.939,0.337274999999999,0.00904218749999963
09:51:15.041,0.337274999999999,0.00904218749999963
09:51:15.142,0.337274999999999,0.00904218749999963
09:51:15.243,0.337274999999999,0.00904218749999963
09:51:15.343,0.337274999999999,0.00904218749999963
09:51:15.443,0.337274999999999,0.00904218749999963
09:51:15.543,0.337274999999999,0.00904218749999963
09:51:15.644,0.337274999999999,0.00904218749999963
09:51:15.744,0.337274999999999,0.00904218749999963
09:51:15.844,0.337274999999999,0.00904218749999963
09:51:15.944,0.337274999999999,0.00904218749999963
09:51:16.046,0.337274999999999,0.00904218749999963
09:51:16.148,0.337274999999999,0.00904218749999963
09:51:16.249,0.3381796875,0.00904218749999963
09:51:16.350,0.3381796875,0.00904218749999963
09:51:16.451,0.337274999999999,0.00904218749999963
09:51:16.551,0.337274999999999,0.00904218749999963
09:51:16.652,0.337274999999999,0.00904218749999963
09:51:16.752,0.337274999999999,0.00904218749999963
09:51:16.853,0.337274999999999,0.00904218749999963
09:51:16.955,0.337274999999999,0.00904218749999963
09:51:17.056,0.337274999999999,0.00904218749999963
09:51:17.156,0.337274999999999,0.00904218749999963
09:51:17.257,0.337274999999999,0.00904218749999963
09:51:17.359,0.337274999999999,0.00904218749999963
09:51:17.461,0.337274999999999,0.00904218749999963
09:51:17.561,0.337274999999999,0.00904218749999963
09:51:17.662,0.337274999999999,0.00904218749999963
09:51:17.762,0.337274999999999,0.00904218749999963
09:51:17.863,0.337274999999999,0.00904218749999963
09:51:17.964,0.337274999999999,0.00904218749999963
09:51:18.064,0.337274999999999,0.00904218749999963
09:51:18.164,0.337274999999999,0.00904218749999963
09:51:18.264,0.337274999999999,0.00904218749999963
09:51:18.364,0.337274999999999,0.00904218749999963
09:51:18.466,0.336371874999999,0.00904218749999963
09:51:18.567,0.336371874999999,0.00904218749999963
09:51:18.667,0.337274999999999,0.00904218749999963
09:51:18.770,0.337274999999999,0.00904218749999963
09:51:18.871,0.337274999999999,0.00904218749999963
09:51:18.972,0.337274999999999,0.00904218749999963
09:51:19.073,0.337274999999999,0.00904218749999963
09:51:19.173,0.337274999999999,0.00904218749999963
09:51:19.273,0.337274999999999,0.00904218749999963
09:51:19.373,0.337274999999999,0.00904218749999963
09:51:19.475,0.337274999999999,0.00904218749999963
09:51:19.576,0.337274999999999,0.00904218749999963
09:51:19.676,0.337274999999999,0.00904218749999963
09:51:19.778,0.337274999999999,0.00904218749999963
09:51:19.879,0.337274999999999,0.00904218749999963
09:51:19.981,0.337274999999999,0.00904218749999963
09:51:20.081,0.337274999999999,0.00904218749999963
09:51:20.182,0.337274999999999,0.00904218749999963
09:51:20.283,0.337274999999999,0.00904218749999963
09:51:20.384,0.337274999999999,0.00904218749999963
09:51:20.486,0.337274999999999,0.00904218749999963
09:51:20.586,0.337274999999999,0.00904218749999963
09:51:20.689,0.336371874999999,0.00904218749999963
09:51:20.789,0.336371874999999,0.00904218749999963
09:51:20.888,0.337274999999999,0.00904218749999963
09:51:20.989,0.337274999999999,0.00904218749999963
09:51:21.089,0.337274999999999,0.00904218749999963
09:51:21.189,0.337274999999999,0.00904218749999963
09:51:21.289,0.337274999999999,0.00904218749999963
09:51:21.390,0.337274999999999,0.00904218749999963
09:51:21.493,0.337274999999999,0.00904218749999963
09:51:21.596,0.337274999999999,0.0108499999999997
09:51:21.696,0.337274999999999,0.0108499999999997
09:51:21.796,0.337274999999999,0.0108499999999997
09:51:21.899,0.337274999999999,0.0108499999999997
09:51:22.001,0.337274999999999,0.0108499999999997
09:51:22.101,0.337274999999999,0.0108499999999997
09:51:22.201,0.337274999999999,0.0108499999999997
09:51:22.301,0.337274999999999,0.0108499999999997
09:51:22.403,0.337274999999999,0.0108499999999997
09:51:22.504,0.337274999999999,0.0108499999999997
09:51:22.605,0.337274999999999,0.0108499999999997
09:51:22.706,0.337274999999999,0.0108499999999997
09:51:22.807,0.337274999999999,0.0108499999999997
09:51:22.910,0.337274999999999,0.0108499999999997
09:51:23.010,0.337274999999999,0.0108499999999997
09:51:23.111,0.337274999999999,0.0099468749999998
09:51:23.212,0.337274999999999,0.0099468749999998
09:51:23.313,0.337274999999999,0.0108499999999997
09:51:23.415,0.337274999999999,0.0108499999999997
09:51:23.515,0.337274999999999,0.0108499999999997
09:51:23.627,0.337274999999999,0.0108499999999997
09:51:23.727,0.337274999999999,0.0108499999999997
09:51:23.827,0.337274999999999,0.0108499999999997
09:51:23.929,0.337274999999999,0.0108499999999997
09:51:24.029,0.337274999999999,0.0108499999999997
09:51:24.132,0.337274999999999,0.0108499999999997
09:51:24.233,0.337274999999999,0.0108499999999997
09:51:24.333,0.337274999999999,0.0108499999999997
09:51:24.434,0.337274999999999,0.0108499999999997
09:51:24.534,0.337274999999999,0.0108499999999997
09:51:24.634,0.337274999999999,0.0108499999999997
09:51:24.734,0.337274999999999,0.0108499999999997
09:51:24.835,0.3381796875,0.0108499999999997
09:51:24.939,0.3381796875,0.0108499999999997
09:51:25.041,0.3381796875,0.0108499999999997
09:51:25.140,0.337274999999999,0.0108499999999997
09:51:25.242,0.337274999999999,0.0108499999999997
09:51:25.343,0.336371874999999,0.0108499999999997
09:51:25.443,0.336371874999999,0.0108499999999997
09:51:25.543,0.336371874999999,0.0108499999999997
09:51:25.644,0.337274999999999,0.0108499999999997
09:51:25.744,0.337274999999999,0.0108499999999997
09:51:25.845,0.337274999999999,0.0108499999999997
09:51:25.946,0.337274999999999,0.0108499999999997
09:51:26.046,0.337274999999999,0.0108499999999997
09:51:26.146,0.337274999999999,0.0108499999999997
09:51:26.246,0.337274999999999,0.0108499999999997
09:51:26.346,0.337274999999999,0.0108499999999997
09:51:26.447,0.337274999999999,0.0108499999999997
09:51:26.548,0.337274999999999,0.0108499999999997
09:51:26.648,0.337274999999999,0.0108499999999997
09:51:26.749,0.337274999999999,0.0108499999999997
09:51:26.851,0.337274999999999,0.0108499999999997
09:51:26.952,0.337274999999999,0.0108499999999997
09:51:27.053,0.3381796875,0.0108499999999997
09:51:27.154,0.3381796875,0.0108499999999997
09:51:27.255,0.3381796875,0.0108499999999997
09:51:27.356,0.337274999999999,0.0108499999999997
09:51:27.456,0.337274999999999,0.0108499999999997
09:51:27.557,0.337274999999999,0.0108499999999997
09:51:27.659,0.337274999999999,0.0108499999999997
09:51:27.761,0.337274999999999,0.0108499999999997
09:51:27.862,0.337274999999999,0.0108499999999997
09:51:27.962,0.337274999999999,0.0108499999999997
09:51:28.063,0.337274999999999,0.0108499999999997
09:51:28.163,0.337274999999999,0.0108499999999997
09:51:28.264,0.337274999999999,0.0108499999999997
09:51:28.365,0.337274999999999,0.0108499999999997
09:51:28.467,0.337274999999999,0.0108499999999997
09:51:28.568,0.336371874999999,0.0108499999999997
09:51:28.668,0.336371874999999,0.0108499999999997
09:51:28.769,0.336371874999999,0.0108499999999997
09:51:28.870,0.336371874999999,0.0108499999999997
09:51:28.972,0.336371874999999,0.0108499999999997
09:51:29.073,0.337274999999999,0.0108499999999997
09:51:29.173,0.337274999999999,0.0108499999999997
09:51:29.274,0.337274999999999,0.0108499999999997
09:51:29.374,0.337274999999999,0.0108499999999997
09:51:29.474,0.337274999999999,0.0099468749999998
09:51:29.574,0.337274999999999,0.0099468749999998
09:51:29.675,0.337274999999999,0.0099468749999998
09:51:29.775,0.337274999999999,0.0099468749999998
09:51:29.876,0.337274999999999,0.0099468749999998
09:51:29.976,0.337274999999999,0.0099468749999998
09:51:30.078,0.337274999999999,0.0099468749999998
09:51:30.178,0.337274999999999,0.0099468749999998
09:51:30.278,0.337274999999999,0.0108499999999997
09:51:30.378,0.337274999999999,0.0108499999999997
09:51:30.480,0.337274999999999,0.0108499999999997
09:51:30.581,0.337274999999999,0.0108499999999997
09:51:30.682,0.337274999999999,0.0108499999999997
09:51:30.783,0.336371874999999,0.0099468749999998
09:51:30.885,0.336371874999999,0.0099468749999998
09:51:30.986,0.336371874999999,0.0108499999999997
09:51:31.088,0.336371874999999,0.0108499999999997
09:51:31.188,0.336371874999999,0.0099468749999998
09:51:31.289,0.337274999999999,0.0099468749999998
09:51:31.390,0.337274999999999,0.0099468749999998
09:51:31.492,0.337274999999999,0.0108499999999997
09:51:31.593,0.336371874999999,0.0108499999999997
09:51:31.695,0.336371874999999,0.0108499999999997
09:51:31.795,0.337274999999999,0.0108499999999997
09:51:31.895,0.337274999999999,0.0108499999999997
09:51:31.996,0.337274999999999,0.0108499999999997
09:51:32.098,0.337274999999999,0.0108499999999997
09:51:32.198,0.337274999999999,0.0108499999999997
09:51:32.298,0.337274999999999,0.0108499999999997
09:51:32.398,0.337274999999999,0.0108499999999997
09:51:32.501,0.337274999999999,0.0108499999999997
09:51:32.601,0.337274999999999,0.0108499999999997
09:51:32.701,0.337274999999999,0.0108499999999997
09:51:32.802,0.339084375,0.0108499999999997
09:51:32.903,0.339084375,0.0108499999999997
09:51:33.004,0.349934374999999,0.0180843750000007
09:51:33.104,0.349934374999999,0.0180843750000007
09:51:33.206,0.349934374999999,0.0325515624999995
09:51:33.306,0.360785937499999,0.0325515624999995
09:51:33.407,0.360785937499999,0.0325515624999995
09:51:33.507,0.377965625,0.0461156249999997
09:51:33.608,0.377965625,0.0461156249999997
09:51:33.708,0.377965625,0.0578703124999996
09:51:33.810,0.3870078125,0.0578703124999996
09:51:33.911,0.3870078125,0.0741468750000002
09:51:34.011,0.4050921875,0.0741468750000002
09:51:34.112,0.4050921875,0.0741468750000002
09:51:34.213,0.4150390625,0.0877093750000002
09:51:34.313,0.4150390625,0.0877093750000002
09:51:34.413,0.4150390625,0.1012734375
09:51:34.515,0.431315625000001,0.1012734375
09:51:34.616,0.431315625000001,0.1012734375
09:51:34.718,0.4521125,0.1220703125
09:51:34.818,0.4521125,0.1220703125
09:51:34.919,0.4521125,0.1428671875
09:51:35.018,0.472909375,0.1428671875
09:51:35.120,0.472909375,0.1428671875
09:51:35.221,0.4918984375,0.1636640625
09:51:35.322,0.4918984375,0.1636640625
09:51:35.423,0.4918984375,0.179940625
09:51:35.526,0.509078125,0.179940625
09:51:35.627,0.509078125,0.179940625
09:51:35.729,0.539821875,0.2043546875
09:51:35.830,0.539821875,0.2043546875
09:51:35.930,0.539821875,0.252278124999999
09:51:36.032,0.5823203125,0.252278124999999
09:51:36.132,0.5823203125,0.280309375
09:51:36.233,0.606734375,0.280309375
09:51:36.334,0.606734375,0.280309375
09:51:36.434,0.606734375,0.297490625000001
09:51:36.534,0.627531250000001,0.297490625000001
09:51:36.636,0.627531250000001,0.3436046875
09:51:36.737,0.678168749999999,0.3436046875
09:51:36.838,0.678168749999999,0.3436046875
09:51:36.938,0.74236875,0.401475
09:51:37.038,0.74236875,0.401475
09:51:37.139,0.74236875,0.46025
09:51:37.240,0.7948140625,0.46025
09:51:37.340,0.7948140625,0.46025
09:51:37.441,0.896085937500001,0.556098437499999
09:51:37.542,0.896085937500001,0.556098437499999
09:51:37.643,0.896085937500001,0.634765625
09:51:37.742,0.960285937499999,0.634765625
09:51:37.844,0.960285937499999,0.634765625
09:51:37.946,1.0054984375,0.677264062500001
09:51:38.047,1.0054984375,0.677264062500001
09:51:38.148,1.0054984375,0.7089125
09:51:38.250,1.022678125,0.7089125
09:51:38.352,1.022678125,0.7089125
09:51:38.452,1.0407625,0.716145312499999
09:51:38.559,1.0407625,0.716145312499999
09:51:38.659,1.0407625,0.740559374999999
09:51:38.761,1.0597515625,0.740559374999999
09:51:38.862,1.0597515625,0.7667828125
09:51:38.964,1.081453125,0.7667828125
09:51:39.065,1.081453125,0.7667828125
09:51:39.166,1.089590625,0.768590625
09:51:39.267,1.089590625,0.768590625
09:51:39.368,1.089590625,0.78125
09:51:39.469,1.1049625,0.78125
09:51:39.570,1.1049625,0.78125
09:51:39.671,1.1782046875,0.838215624999999
09:51:39.773,1.1782046875,0.838215624999999
09:51:39.875,1.1782046875,0.9494359375
09:51:39.976,1.29485,0.9494359375
09:51:40.077,1.29485,0.9494359375
09:51:40.179,1.3961234375,1.058846875
09:51:40.279,1.3961234375,1.058846875
09:51:40.381,1.3961234375,1.1628328125
09:51:40.482,1.4865453125,1.1628328125
09:51:40.584,1.4865453125,1.2071390625
09:51:40.684,1.5335640625,1.2071390625
09:51:40.785,1.5335640625,1.2071390625
09:51:40.885,1.5335640625,1.3916015625
09:51:40.986,1.78041875,1.3916015625
09:51:41.087,1.78041875,1.4820234375
09:51:41.189,1.7903640625,1.4820234375
09:51:41.290,1.7903640625,1.4820234375
09:51:41.392,1.813875,1.503725
09:51:41.492,1.813875,1.503725
09:51:41.592,1.813875,1.4973953125
09:51:41.693,1.8048328125,1.4973953125
09:51:41.794,1.8048328125,1.4973953125
09:51:41.894,1.798503125,1.491065625
09:51:41.994,1.798503125,1.491065625
09:51:42.094,1.798503125,1.4892578125
09:51:42.195,1.798503125,1.4892578125
09:51:42.295,1.798503125,1.4892578125
09:51:42.396,1.798503125,1.488353125
09:51:42.497,1.798503125,1.488353125
09:51:42.599,1.798503125,1.488353125
09:51:42.699,1.795790625,1.488353125
09:51:42.799,1.795790625,1.488353125
09:51:42.900,1.795790625,1.48745
09:51:43.001,1.795790625,1.48745
09:51:43.103,1.795790625,1.4865453125
09:51:43.203,1.795790625,1.4865453125
09:51:43.303,1.795790625,1.485640625
09:51:43.404,1.795790625,1.485640625
09:51:43.504,1.795790625,1.485640625
09:51:43.605,1.795790625,1.488353125
09:51:43.706,1.8057359375,1.488353125
09:51:43.808,1.8057359375,1.71893125
09:51:43.909,2.1140765625,1.71893125
09:51:44.009,2.1140765625,1.71893125
09:51:44.109,2.428746875,2.0336015625
09:51:44.210,2.428746875,2.0336015625
09:51:44.311,2.428746875,2.4350765625
09:51:44.411,2.8202765625,2.4350765625
09:51:44.512,2.8202765625,2.4350765625
09:51:44.612,3.001121875,2.6737921875
09:51:44.713,3.001121875,2.6737921875
09:51:44.814,3.001121875,2.71176875
09:51:44.915,3.0237265625,2.71176875
09:51:45.015,3.0237265625,2.71176875
09:51:45.115,3.031865625,2.727140625
09:51:45.215,3.031865625,2.727140625
09:51:45.316,3.031865625,2.7425125
09:51:45.417,3.04995,2.7425125
09:51:45.518,3.04995,2.7425125
09:51:45.620,3.068034375,2.7615015625
09:51:45.720,3.068034375,2.7615015625
09:51:45.820,3.068034375,2.7822984375
09:51:45.920,3.0897359375,2.7822984375
09:51:46.021,3.0897359375,2.8003828125
09:51:46.121,3.1087234375,2.8003828125
09:51:46.222,3.1087234375,2.8003828125
09:51:46.323,3.1087234375,2.82118125
09:51:46.422,3.1286171875,2.82118125
09:51:46.523,3.1286171875,2.839265625
09:51:46.623,3.145796875,2.839265625
09:51:46.724,3.145796875,2.839265625
09:51:46.825,3.1647859375,2.85735
09:51:46.925,3.1647859375,2.85735
09:51:47.025,3.1647859375,2.878146875
09:51:47.126,3.1855828125,2.878146875
09:51:47.227,3.1855828125,2.878146875
09:51:47.327,3.207284375,2.8998484375
09:51:47.430,3.207284375,2.8998484375
09:51:47.531,3.207284375,2.92155
09:51:47.632,3.229890625,2.92155
09:51:47.733,3.229890625,2.92155
09:51:47.834,3.2515921875,2.9432515625
09:51:47.937,3.2515921875,2.9432515625
09:51:48.039,3.2515921875,2.96314375
09:51:48.140,3.274196875,2.96314375
09:51:48.241,3.274196875,2.9920796875
09:51:48.342,3.2986109375,2.9920796875
09:51:48.443,3.2986109375,2.9920796875
09:51:48.545,3.2986109375,3.017396875
09:51:48.645,3.324834375,3.017396875
09:51:48.746,3.324834375,3.042715625
09:51:48.847,3.3546734375,3.042715625
09:51:48.948,3.3546734375,3.042715625
09:51:49.049,3.4342453125,3.1313296875
09:51:49.150,3.4342453125,3.1313296875
09:51:49.251,3.4342453125,3.145796875
09:51:49.352,3.4532328125,3.145796875
09:51:49.453,3.4532328125,3.145796875
09:51:49.553,3.4550421875,3.1566484375
09:51:49.655,3.4550421875,3.1566484375
09:51:49.758,3.4550421875,3.1412765625
09:51:49.859,3.4396703125,3.1412765625
09:51:49.961,3.4396703125,3.1412765625
09:51:50.061,3.42339375,3.125
09:51:50.162,3.42339375,3.125
09:51:50.263,3.42339375,3.1186703125
09:51:50.364,3.4188734375,3.1186703125
09:51:50.464,3.4188734375,3.115053125
09:51:50.564,3.4143515625,3.115053125
09:51:50.666,3.4143515625,3.115053125
09:51:50.767,3.4143515625,3.1105328125
09:51:50.867,3.410734375,3.1105328125
09:51:50.968,3.410734375,3.1078203125
09:51:51.069,3.408021875,3.1078203125
09:51:51.169,3.408021875,3.1078203125
09:51:51.270,3.405309375,3.1051078125
09:51:51.372,3.405309375,3.1051078125
09:51:51.473,3.405309375,3.1051078125
09:51:51.575,3.408021875,3.1051078125
09:51:51.676,3.408021875,3.1051078125
09:51:51.776,3.6322703125,3.1892
09:51:51.876,3.6322703125,3.1892
09:51:51.976,3.6322703125,3.515625
09:51:52.078,3.8339125,3.515625
09:51:52.178,3.8339125,3.515625
09:51:52.279,4.32490625,4.01475625
09:51:52.380,4.32490625,4.01475625
09:51:52.481,4.32490625,4.1024671875
09:51:52.582,4.465965625,4.1024671875
09:51:52.682,4.465965625,4.2127828125
09:51:52.785,4.5193140625,4.2127828125
09:51:52.885,4.5193140625,4.2127828125
09:51:52.986,4.5193140625,4.471390625
09:51:53.088,4.7734015625,4.471390625
09:51:53.188,4.7734015625,4.4912828125
09:51:53.289,4.79600625,4.4912828125
09:51:53.389,4.79600625,4.4912828125
09:51:53.490,4.79600625,4.5274515625
09:51:53.591,4.8376015625,4.5274515625
09:51:53.691,4.8376015625,4.5780890625
09:51:53.791,4.885525,4.5780890625
09:51:53.892,4.885525,4.5780890625
09:51:53.992,4.9524375,4.6477140625
09:51:54.093,4.9524375,4.6477140625
09:51:54.194,4.9524375,4.69835
09:51:54.296,5.003978125,4.69835
09:51:54.396,5.003978125,4.69835
09:51:54.498,5.0609453125,4.7517
09:51:54.598,5.0609453125,4.7517
09:51:54.699,5.0609453125,4.8131875
09:51:54.801,5.124240625,4.8131875
09:51:54.902,5.124240625,4.8131875
09:51:55.003,5.1920578125,4.8764828125
09:51:55.104,5.1920578125,4.8764828125
09:51:55.206,5.1920578125,5.026584375
09:51:55.307,5.330403125,5.026584375
09:51:55.407,5.330403125,5.1450375
09:51:55.509,5.50491875,5.1450375
09:51:55.610,5.50491875,5.1450375
09:51:55.711,5.50491875,5.3159359375
09:51:55.811,5.6269890625,5.3159359375
09:51:55.912,5.6269890625,5.378328125
09:51:56.012,5.6929984375,5.378328125
09:51:56.113,5.6929984375,5.378328125
09:51:56.214,5.7761859375,5.4669421875
09:51:56.315,5.7761859375,5.4669421875
09:51:56.416,5.7761859375,5.5374703125
09:51:56.517,5.8512375,5.5374703125
09:51:56.617,5.8512375,5.5374703125
09:51:56.717,5.930809375,5.617946875
09:51:56.819,5.930809375,5.617946875
09:51:56.920,5.930809375,5.6830515625
09:51:57.022,5.9859671875,5.6830515625
09:51:57.123,5.9859671875,5.6830515625
09:51:57.224,5.9199578125,5.6631578125
09:51:57.326,5.9199578125,5.6631578125
09:51:57.427,5.9199578125,5.5881078125
09:51:57.529,5.8765546875,5.5881078125
09:51:57.629,5.8765546875,5.573640625
09:51:57.730,5.8620875,5.573640625
09:51:57.831,5.8620875,5.573640625
09:51:57.932,5.8620875,5.55826875
09:51:58.033,5.846715625,5.55826875
09:51:58.134,5.846715625,5.542896875
09:51:58.235,5.8322484375,5.542896875
09:51:58.335,5.8322484375,5.542896875
09:51:58.435,5.818684375,5.528428125
09:51:58.536,5.818684375,5.528428125
09:51:58.636,5.818684375,5.5157703125
09:51:58.737,5.805121875,5.5157703125
09:51:58.837,5.805121875,5.5157703125
09:51:58.937,5.805121875,5.506728125
09:51:59.037,5.805121875,5.506728125
09:51:59.137,5.805121875,5.5645984375
09:51:59.237,5.877459375,5.5645984375
09:51:59.339,5.877459375,5.5645984375
09:51:59.441,6.1668109375,5.7065609375
09:51:59.542,6.1668109375,5.7065609375
09:51:59.642,6.1668109375,5.975115625
09:51:59.744,6.3259546875,5.975115625
09:51:59.845,6.3259546875,5.975115625
09:51:59.945,6.7129625,6.4208984375
09:52:00.045,6.7129625,6.4208984375
09:52:00.146,6.7129625,6.4724390625
09:52:00.247,6.7825875,6.4724390625
09:52:00.347,6.7825875,6.5565328125
09:52:00.447,6.8730109375,6.5565328125
09:52:00.549,6.8730109375,6.5565328125
09:52:00.649,6.8730109375,6.6623265625
09:52:00.751,6.9760921875,6.6623265625
09:52:00.851,6.9760921875,6.7672171875
09:52:00.953,7.0864078125,6.7672171875
09:52:01.055,7.0864078125,6.7672171875
09:52:01.156,7.185871875,6.8730109375
09:52:01.257,7.185871875,6.8730109375
09:52:01.358,7.185871875,6.979709375
09:52:01.459,7.2989,6.979709375
09:52:01.561,7.2989,6.979709375
09:52:01.662,7.4191625,7.100875
09:52:01.763,7.4191625,7.100875
09:52:01.863,7.4191625,7.222040625
09:52:01.964,7.5367109375,7.222040625
09:52:02.065,7.5367109375,7.222040625
09:52:02.166,7.6515484375,7.334165625
09:52:02.266,7.6515484375,7.334165625
09:52:02.367,7.6515484375,7.46075625
09:52:02.468,7.77904375,7.46075625
09:52:02.569,7.77904375,7.46075625
09:52:02.669,7.90201875,7.58373125
09:52:02.769,7.90201875,7.58373125
09:52:02.869,7.90201875,7.704896875
09:52:02.970,8.0195671875,7.704896875
09:52:03.071,8.0195671875,7.8269671875
09:52:03.172,8.1425421875,7.8269671875
09:52:03.272,8.1425421875,7.8269671875
09:52:03.372,8.2609953125,7.9454203125
09:52:03.473,8.2609953125,7.9454203125
09:52:03.573,8.2609953125,8.0665875
09:52:03.673,8.377640625,8.0665875
09:52:03.773,8.377640625,8.0665875
09:52:03.874,8.5159859375,8.1949875
09:52:03.974,8.5159859375,8.1949875
09:52:04.074,8.5159859375,8.3360453125
09:52:04.174,8.65795,8.3360453125
09:52:04.274,8.65795,8.3360453125
09:52:04.375,8.7519890625,8.4662546875
09:52:04.476,8.7519890625,8.4662546875
09:52:04.576,8.7519890625,8.3043984375
09:52:04.677,8.570240625,8.3043984375
09:52:04.779,8.570240625,8.3043984375
09:52:04.880,8.5105609375,8.2347734375
09:52:04.980,8.5105609375,8.2347734375
09:52:05.081,8.5105609375,8.195890625
09:52:05.181,8.4716796875,8.195890625
09:52:05.282,8.4716796875,8.195890625
09:52:05.384,8.4337015625,8.1579140625
09:52:05.485,8.4337015625,8.1579140625
09:52:05.586,8.4337015625,8.1217453125
09:52:05.687,8.3975328125,8.1217453125
09:52:05.788,8.3975328125,8.087384375
09:52:05.889,8.3631734375,8.087384375
09:52:05.990,8.3631734375,8.087384375
09:52:06.092,8.3631734375,8.0548328125
09:52:06.193,8.3333328125,8.0548328125
09:52:06.294,8.3333328125,8.1145109375
09:52:06.395,8.441840625,8.1145109375
09:52:06.495,8.441840625,8.1145109375
09:52:06.595,8.617259375,8.2863140625
09:52:06.695,8.617259375,8.2863140625
09:52:06.796,8.617259375,8.475296875
09:52:06.896,8.8089546875,8.475296875
09:52:06.997,8.8089546875,8.475296875
09:52:07.097,8.9934171875,8.663375
09:52:07.197,8.9934171875,8.663375
09:52:07.299,8.9934171875,8.8532625
09:52:07.400,9.184209375,8.8532625
09:52:07.501,9.184209375,8.8532625
09:52:07.602,9.3740953125,9.044053125
09:52:07.704,9.3740953125,9.044053125
09:52:07.806,9.3740953125,9.231228125
09:52:07.906,9.560365625,9.231228125
09:52:08.006,9.560365625,9.41116875
09:52:08.107,9.739403125,9.41116875
09:52:08.207,9.739403125,9.41116875
09:52:08.308,9.739403125,9.6055765625
09:52:08.409,9.93561875,9.6055765625
09:52:08.509,9.93561875,9.79365625
09:52:08.610,10.1218890625,9.79365625
09:52:08.711,10.1218890625,9.79365625
09:52:08.813,10.32081875,9.99168125
09:52:08.913,10.32081875,9.99168125
09:52:09.014,10.32081875,10.18699375
09:52:09.115,10.51613125,10.18699375
09:52:09.216,10.51613125,10.18699375
09:52:09.316,10.7177734375,10.3886359375
09:52:09.417,10.7177734375,10.3886359375
09:52:09.517,10.7177734375,10.58033125
09:52:09.619,10.9058515625,10.58033125
09:52:09.720,10.9058515625,10.58033125
09:52:09.821,11.0975484375,10.77021875
09:52:09.921,11.0975484375,10.77021875
09:52:10.023,11.0975484375,10.9727640625
09:52:10.124,11.3064234375,10.9727640625
09:52:10.227,11.3064234375,10.9727640625
09:52:10.328,11.516203125,11.1852578125
09:52:10.430,11.516203125,11.1852578125
09:52:10.531,11.516203125,11.387803125
09:52:10.632,11.711515625,11.387803125
09:52:10.734,11.711515625,11.5876375
09:52:10.835,11.9258171875,11.5876375
09:52:10.935,11.9258171875,11.5876375
09:52:11.035,12.130171875,11.801034375
09:52:11.136,12.130171875,11.801034375
09:52:11.236,12.130171875,11.985496875
09:52:11.337,12.311921875,11.985496875
09:52:11.439,12.311921875,11.985496875
09:52:11.541,12.507234375,12.183521875
09:52:11.641,12.507234375,12.183521875
09:52:11.742,12.507234375,12.21516875
09:52:11.843,12.4394171875,12.21516875
09:52:11.944,12.4394171875,12.21516875
09:52:12.045,12.0930984375,11.8462453125
09:52:12.146,12.0930984375,11.8462453125
09:52:12.246,12.0930984375,11.7332171875
09:52:12.346,11.9873046875,11.7332171875
09:52:12.446,11.9873046875,11.7332171875
09:52:12.547,11.890553125,11.636465625
09:52:12.648,11.890553125,11.636465625
09:52:12.750,11.890553125,11.544234375
09:52:12.851,11.798321875,11.544234375
09:52:12.951,11.798321875,11.4529078125
09:52:13.051,11.7097078125,11.4529078125
09:52:13.153,11.7097078125,11.4529078125
09:52:13.253,11.7097078125,11.366103125
09:52:13.353,11.6247109375,11.366103125
09:52:13.453,11.6247109375,11.284721875
09:52:13.554,11.5424265625,11.284721875
09:52:13.656,11.5424265625,11.284721875
09:52:13.757,11.463759375,11.204246875
09:52:13.857,11.463759375,11.204246875
09:52:13.959,11.463759375,11.2811046875
09:52:14.059,11.625615625,11.2811046875
09:52:14.161,11.625615625,11.2811046875
09:52:14.261,11.8950734375,11.54875625
09:52:14.361,11.8950734375,11.54875625
09:52:14.462,11.8950734375,11.80826875
09:52:14.563,12.150065625,11.80826875
09:52:14.663,12.150065625,11.80826875
09:52:14.763,12.4113859375,12.065971875
09:52:14.863,12.4113859375,12.065971875
09:52:14.964,12.4113859375,12.3417609375
09:52:15.064,12.690790625,12.3417609375
09:52:15.164,12.690790625,12.3417609375
09:52:15.266,12.967484375,12.621165625
09:52:15.366,12.967484375,12.621165625
09:52:15.468,12.967484375,12.8897203125
09:52:15.568,13.2333265625,12.8897203125
09:52:15.669,13.2333265625,13.162796875
09:52:15.771,13.51544375,13.162796875
09:52:15.873,13.51544375,13.162796875
09:52:15.973,13.7966578125,13.453053125
09:52:16.074,13.7966578125,13.453053125
09:52:16.174,13.7966578125,13.723415625
09:52:16.275,14.0643078125,13.723415625
09:52:16.376,14.0643078125,13.723415625
09:52:16.477,14.3229171875,13.985640625
09:52:16.579,14.3229171875,13.985640625
09:52:16.679,14.3229171875,14.237015625
09:52:16.779,14.5706734375,14.237015625
09:52:16.880,14.5706734375,14.237015625
09:52:16.980,14.8166234375,14.479346875
09:52:17.082,14.8166234375,14.479346875
09:52:17.182,14.8166234375,14.7343390625
09:52:17.283,15.065284375,14.7343390625
09:52:17.383,15.065284375,14.7343390625
09:52:17.484,15.3021921875,14.9712453125
09:52:17.584,15.3021921875,14.9712453125
09:52:17.684,15.3021921875,15.208153125
09:52:17.785,15.531865625,15.208153125
09:52:17.886,15.531865625,15.208153125
09:52:17.987,15.747975,15.419740625
09:52:18.088,15.747975,15.419740625
09:52:18.189,15.747975,15.651221875
09:52:18.290,15.97945625,15.651221875
09:52:18.391,15.97945625,15.8790875
09:52:18.491,16.2100328125,15.8790875
09:52:18.591,16.2100328125,15.8790875
09:52:18.694,16.4894390625,16.14945
09:52:18.797,16.4894390625,16.14945
09:52:18.897,16.4894390625,16.334815625
09:52:18.999,16.513853125,16.334815625
09:52:19.099,16.513853125,16.334815625
09:52:19.200,15.9143515625,15.6955296875
09:52:19.300,15.9143515625,15.6955296875
09:52:19.400,15.9143515625,15.5002171875
09:52:19.501,15.7235609375,15.5002171875
09:52:19.601,15.7235609375,15.5002171875
09:52:19.702,15.5418109375,15.3148515625
09:52:19.803,15.5418109375,15.3148515625
09:52:19.903,15.5418109375,15.13671875
09:52:20.004,15.3672953125,15.13671875
09:52:20.105,15.3672953125,15.13671875
09:52:20.206,15.2027265625,14.9712453125
09:52:20.307,15.2027265625,14.9712453125
09:52:20.407,15.2027265625,14.8148140625
09:52:20.509,15.049009375,14.8148140625
09:52:20.610,15.049009375,14.9278421875
09:52:20.712,15.309425,14.9278421875
09:52:20.813,15.309425,14.9278421875
09:52:20.914,15.309425,15.3871890625
09:52:21.015,15.776909375,15.3871890625
09:52:21.115,15.776909375,15.8673328125
09:52:21.216,16.2507234375,15.8673328125
09:52:21.316,16.2507234375,15.8673328125
09:52:21.417,16.6901765625,16.30859375
09:52:21.517,16.6901765625,16.30859375
09:52:21.617,16.6901765625,16.745334375
09:52:21.718,17.110640625,16.745334375
09:52:21.819,17.110640625,16.745334375
09:52:21.920,17.5410515625,17.163990625
09:52:22.020,17.5410515625,17.163990625
09:52:22.121,17.5410515625,17.5790296875
09:52:22.222,17.94614375,17.5790296875
09:52:22.322,17.94614375,17.5790296875
09:52:22.424,18.3349609375,17.9669421875
09:52:22.527,18.3349609375,17.9669421875
09:52:22.629,18.3349609375,18.38740625
09:52:22.731,18.759946875,18.38740625
09:52:22.831,18.759946875,18.7970203125
09:52:22.931,19.158709375,18.7970203125
09:52:23.031,19.158709375,18.7970203125
09:52:23.132,19.158709375,19.1776984375
09:52:23.233,19.535771875,19.1776984375
09:52:23.333,19.535771875,19.5303453125
09:52:23.434,19.88299375,19.5303453125
09:52:23.535,19.88299375,19.5303453125
09:52:23.636,20.235640625,19.8866109375
09:52:23.737,20.235640625,19.8866109375
09:52:23.838,20.235640625,20.2112265625
09:52:23.939,20.55211875,20.2112265625
09:52:24.040,20.55211875,20.2112265625
09:52:24.141,20.8559390625,20.5186625
09:52:24.242,20.8559390625,20.5186625
09:52:24.342,20.8559390625,20.8125359375
09:52:24.443,21.142578125,20.8125359375
09:52:24.544,21.142578125,20.8125359375
09:52:24.646,21.4084203125,21.0738578125
09:52:24.747,21.4084203125,21.0738578125
09:52:24.849,21.4084203125,21.355975
09:52:24.950,21.675165625,21.355975
09:52:25.051,21.675165625,21.355975
09:52:25.151,21.7502171875,21.5295859375
09:52:25.252,21.7502171875,21.5295859375
09:52:25.354,21.7502171875,20.6353078125
09:52:25.455,20.7971640625,20.6353078125
09:52:25.556,20.7971640625,20.2700015625
09:52:25.656,20.448134375,20.2700015625
09:52:25.756,20.448134375,20.2700015625
09:52:25.856,20.448134375,19.942671875
09:52:25.957,20.129846875,19.942671875
09:52:26.058,20.129846875,19.641565625
09:52:26.159,19.8332609375,19.641565625
09:52:26.260,19.8332609375,19.641565625
09:52:26.360,19.5583765625,19.3603515625
09:52:26.461,19.5583765625,19.3603515625
09:52:26.561,19.5583765625,19.0981265625
09:52:26.662,19.2988640625,19.0981265625
09:52:26.763,19.2988640625,19.0981265625
09:52:26.864,19.05381875,18.8494640625
09:52:26.965,19.05381875,18.8494640625
09:52:27.066,19.05381875,18.8802078125
09:52:27.168,19.27445,18.8802078125
09:52:27.269,19.27445,18.8802078125
09:52:27.369,19.8106546875,19.4091796875
09:52:27.470,19.8106546875,19.4091796875
09:52:27.571,19.8106546875,20.001446875
09:52:27.672,20.414678125,20.001446875
09:52:27.772,20.414678125,20.001446875
09:52:27.873,20.972584375,20.5783421875
09:52:27.974,20.972584375,20.5783421875
09:52:28.075,20.972584375,21.0566765625
09:52:28.175,21.4364515625,21.0566765625
09:52:28.275,21.4364515625,21.5476703125
09:52:28.376,21.9536671875,21.5476703125
09:52:28.477,21.9536671875,21.5476703125
09:52:28.577,22.4157265625,22.0567484375
09:52:28.677,22.4157265625,22.0567484375
09:52:28.778,22.4157265625,22.4419484375
09:52:28.879,22.7837453125,22.4419484375
09:52:28.980,22.7837453125,22.4419484375
09:52:29.081,23.1020328125,22.769278125
09:52:29.181,23.1020328125,22.769278125
09:52:29.281,23.1020328125,23.084853125
09:52:29.382,23.4176078125,23.084853125
09:52:29.482,23.4176078125,23.084853125
09:52:29.583,23.7187140625,23.3751078125
09:52:29.684,23.7187140625,23.3751078125
09:52:29.784,23.7187140625,23.70515
09:52:29.884,24.033384375,23.70515
09:52:29.984,24.033384375,23.70515
09:52:30.085,24.2865671875,23.9728015625
09:52:30.186,24.2865671875,23.9728015625
09:52:30.288,24.2865671875,24.2196546875
09:52:30.388,24.5487921875,24.2196546875
09:52:30.489,24.5487921875,24.2196546875
09:52:30.590,24.7422953125,24.4484234375
09:52:30.692,24.7422953125,24.4484234375
09:52:30.793,24.7422953125,24.624746875
09:52:30.894,24.917715625,24.624746875
09:52:30.994,24.917715625,24.8010703125
09:52:31.094,25.10850625,24.8010703125
09:52:31.195,25.10850625,24.8010703125
09:52:31.295,24.4203921875,24.57591875
09:52:31.396,24.4203921875,24.57591875
09:52:31.497,24.4203921875,23.5098375
09:52:31.598,23.65541875,23.5098375
09:52:31.698,23.65541875,23.5098375
09:52:31.799,23.232240625,23.07490625
09:52:31.901,23.232240625,23.07490625
09:52:32.003,23.232240625,22.674334375
09:52:32.104,22.8370953125,22.674334375
09:52:32.204,22.8370953125,22.674334375
09:52:32.304,22.473596875,22.3008890625
09:52:32.405,22.473596875,22.3008890625
09:52:32.506,22.473596875,21.9473375
09:52:32.607,22.124565625,21.9473375
09:52:32.708,22.124565625,21.9473375
09:52:32.810,21.7936203125,21.612775
09:52:32.910,21.7936203125,21.612775
09:52:33.012,21.7936203125,21.2944875
09:52:33.113,21.4780453125,21.2944875
09:52:33.214,21.4780453125,20.9979015625
09:52:33.315,21.2836375,20.9979015625
09:52:33.415,21.2836375,20.9979015625
09:52:33.516,21.2836375,21.3062421875
09:52:33.617,21.684209375,21.3062421875
09:52:33.718,21.684209375,21.7420796875
09:52:33.818,22.1209484375,21.7420796875
09:52:33.918,22.1209484375,21.7420796875
09:52:34.018,22.54774375,22.1824359375
09:52:34.119,22.54774375,22.1824359375
09:52:34.220,22.54774375,22.571253125
09:52:34.321,22.9139546875,22.571253125
09:52:34.422,22.9139546875,22.571253125
09:52:34.523,23.1797953125,22.836190625
09:52:34.624,23.1797953125,22.836190625
09:52:34.724,23.1797953125,23.2277203125
09:52:34.825,23.60478125,23.2277203125
09:52:34.927,23.60478125,23.2277203125
09:52:35.028,23.6988203125,23.527921875
09:52:35.130,23.6988203125,23.527921875
09:52:35.230,23.6988203125,23.9393453125
09:52:35.331,24.370659375,23.9393453125
09:52:35.431,24.370659375,24.635596875
09:52:35.532,25.04159375,24.635596875
09:52:35.633,25.04159375,24.635596875
09:52:35.734,25.04159375,25.233290625
09:52:35.835,25.62481875,25.233290625
09:52:35.935,25.62481875,25.793909375
09:52:36.035,26.1782046875,25.793909375
09:52:36.135,26.1782046875,25.793909375
09:52:36.236,26.6312203125,26.2785734375
09:52:36.337,26.6312203125,26.2785734375
09:52:36.438,26.6312203125,26.6294125
09:52:36.540,26.97573125,26.6294125
09:52:36.642,26.97573125,26.6294125
09:52:36.744,26.8744578125,26.719834375
09:52:36.845,26.8744578125,26.719834375
09:52:36.945,26.8744578125,26.72164375
09:52:37.045,26.9748265625,26.72164375
09:52:37.145,26.9748265625,26.72164375
09:52:37.245,26.4015484375,26.315646875
09:52:37.347,26.4015484375,26.315646875
09:52:37.448,26.4015484375,25.1627609375
09:52:37.548,25.302915625,25.1627609375
09:52:37.650,25.302915625,25.1627609375
09:52:37.750,24.8336234375,24.6907546875
09:52:37.851,24.8336234375,24.6907546875
09:52:37.951,24.8336234375,24.2431640625
09:52:38.051,24.3950734375,24.2431640625
09:52:38.153,24.3950734375,23.8272203125
09:52:38.254,23.98726875,23.8272203125
09:52:38.355,23.98726875,23.8272203125
09:52:38.456,23.98726875,23.4347875
09:52:38.557,23.6011640625,23.4347875
09:52:38.663,23.6011640625,23.0640546875
09:52:38.763,23.226815625,23.0640546875
09:52:38.865,23.226815625,23.0640546875
09:52:38.964,22.892253125,22.7168328125
09:52:39.065,22.892253125,22.7168328125
09:52:39.165,22.892253125,22.378653125
09:52:39.265,22.5604015625,22.378653125
09:52:39.365,22.5604015625,22.378653125
09:52:39.466,22.24030625,22.0558453125
09:52:39.568,22.24030625,22.0558453125
09:52:39.669,22.24030625,21.7466
09:52:39.771,21.934678125,21.7466
09:52:39.871,21.934678125,21.7466
09:52:39.972,21.64080625,21.4473015625
09:52:40.073,21.64080625,21.4473015625
09:52:40.172,21.64080625,21.1606625
09:52:40.272,21.355975,21.1606625
09:52:40.372,21.355975,21.1606625
09:52:40.474,21.0847078125,20.8848734375
09:52:40.575,21.0847078125,20.8848734375
09:52:40.676,21.0847078125,20.6172234375
09:52:40.777,20.8170578125,20.6172234375
09:52:40.878,20.8170578125,20.35680625
09:52:40.979,20.5611625,20.35680625
09:52:41.079,20.5611625,20.35680625
09:52:41.180,20.5611625,20.107240625
09:52:41.281,20.3115953125,20.107240625
09:52:41.382,20.3115953125,19.8658125
09:52:41.484,20.073784375,19.8658125
09:52:41.584,20.073784375,19.8658125
09:52:41.684,8.88671875,14.6131734375
09:52:41.785,8.88671875,14.6131734375
09:52:41.887,8.88671875,2.7813953125
09:52:41.988,2.562571875,2.7813953125
09:52:42.088,2.562571875,2.7813953125
09:52:42.189,1.521809375,1.4350046875
09:52:42.290,1.521809375,1.4350046875
09:52:42.392,1.521809375,0.5841296875
09:52:42.492,0.7704,0.5841296875
09:52:42.593,0.7704,0.5841296875
09:52:42.693,0.464771875,0.187175000000001
09:52:42.793,0.464771875,0.187175000000001
09:52:42.895,0.464771875,0.048828125
09:52:42.995,0.367115625,0.048828125
09:52:43.097,0.367115625,0.0244140625
09:52:43.196,0.3535515625,0.0244140625
09:52:43.297,0.3535515625,0.0244140625
09:52:43.397,0.3535515625,0.0253187500000002
09:52:43.498,0.3562640625,0.0253187500000002
09:52:43.600,0.3562640625,0.0253187500000002
09:52:43.702,0.3562640625,0.0253187500000002
09:52:43.803,0.3562640625,0.0253187500000002
09:52:43.903,0.3553609375,0.0253187500000002
09:52:44.003,0.3553609375,0.0253187500000002
09:52:44.104,0.3553609375,0.0253187500000002
09:52:44.205,0.3553609375,0.0253187500000002
09:52:44.306,0.3553609375,0.0253187500000002
09:52:44.407,0.35445625,0.0244140625
09:52:44.509,0.35445625,0.0244140625
09:52:44.611,0.35445625,0.0244140625
09:52:44.712,0.35445625,0.0244140625
09:52:44.812,0.35445625,0.0244140625
09:52:44.913,0.3535515625,0.0244140625
09:52:45.014,0.3535515625,0.0244140625
09:52:45.115,0.3535515625,0.0244140625
09:52:45.216,0.3535515625,0.0244140625
09:52:45.316,0.3535515625,0.0244140625
09:52:45.416,0.3535515625,0.0244140625
09:52:45.517,0.3535515625,0.0244140625
09:52:45.617,0.3535515625,0.0244140625
09:52:45.717,0.3535515625,0.0244140625
09:52:45.817,0.3535515625,0.0244140625
09:52:45.917,0.3535515625,0.0244140625
09:52:46.019,0.3535515625,0.0244140625
09:52:46.119,0.3535515625,0.0244140625
09:52:46.219,0.352646875,0.0244140625
09:52:46.321,0.352646875,0.0244140625
09:52:46.421,0.352646875,0.0244140625
09:52:46.520,0.352646875,0.0244140625
09:52:46.621,0.352646875,0.0244140625
09:52:46.722,0.352646875,0.0244140625
09:52:46.824,0.352646875,0.0207968749999995
09:52:46.926,0.34903125,0.0207968749999995
09:52:47.026,0.34903125,0.0207968749999995
09:52:47.127,0.352646875,0.0244140625
09:52:47.229,0.352646875,0.0244140625
09:52:47.330,0.352646875,0.0207968749999995
09:52:47.431,0.348126562499999,0.0207968749999995
09:52:47.533,0.348126562499999,0.0207968749999995
09:52:47.632,0.348126562499999,0.0180843750000007
09:52:47.733,0.348126562499999,0.0180843750000007
09:52:47.834,0.348126562499999,0.0198921874999994
09:52:47.936,0.348126562499999,0.0198921874999994
09:52:48.037,0.348126562499999,0.0198921874999994
09:52:48.138,0.347221875000001,0.0189890624999994
09:52:48.238,0.347221875000001,0.0189890624999994
09:52:48.340,0.347221875000001,0.0189890624999994
09:52:48.441,0.348126562499999,0.0189890624999994
09:52:48.542,0.348126562499999,0.0198921874999994
09:52:48.643,0.347221875000001,0.0198921874999994
09:52:48.743,0.347221875000001,0.0198921874999994
09:52:48.844,0.347221875000001,0.0198921874999994
09:52:48.945,0.347221875000001,0.0198921874999994
09:52:49.046,0.347221875000001,0.0198921874999994
09:52:49.146,0.348126562499999,0.0198921874999994
09:52:49.247,0.348126562499999,0.0198921874999994
09:52:49.348,0.34903125,0.0198921874999994
09:52:49.449,0.34903125,0.0198921874999994
09:52:49.548,0.34903125,0.0198921874999994
09:52:49.649,0.348126562499999,0.0198921874999994
09:52:49.749,0.348126562499999,0.0198921874999994
09:52:49.850,0.34903125,0.0198921874999994
09:52:49.950,0.34903125,0.0198921874999994
09:52:50.052,0.34903125,0.0198921874999994
09:52:50.152,0.34903125,0.0198921874999994
09:52:50.253,0.34903125,0.0198921874999994
09:52:50.354,0.34903125,0.0207968749999995
09:52:50.455,0.34903125,0.0207968749999995
09:52:50.557,0.34903125,0.0198921874999994
09:52:50.657,0.34903125,0.0198921874999994
09:52:50.757,0.34903125,0.0198921874999994
09:52:50.857,0.34903125,0.0198921874999994
09:52:50.958,0.34903125,0.0198921874999994
09:52:51.058,0.34903125,0.0198921874999994
09:52:51.159,0.34903125,0.0198921874999994
09:52:51.261,0.34903125,0.0207968749999995
09:52:51.361,0.34903125,0.0207968749999995
09:52:51.462,0.34903125,0.0207968749999995
09:52:51.563,0.34903125,0.0217015624999997
09:52:51.663,0.34903125,0.0217015624999997
09:52:51.763,0.34903125,0.0207968749999995
09:52:51.865,0.34903125,0.0207968749999995
09:52:51.965,0.34903125,0.0207968749999995
09:52:52.066,0.34903125,0.0217015624999997
09:52:52.167,0.34903125,0.0217015624999997
09:52:52.268,0.34903125,0.0207968749999995
09:52:52.370,0.34903125,0.0207968749999995
09:52:52.471,0.34903125,0.0207968749999995
09:52:52.571,0.34903125,0.0217015624999997
09:52:52.673,0.34903125,0.0217015624999997
09:52:52.773,0.34903125,0.0207968749999995
09:52:52.873,0.34903125,0.0207968749999995
09:52:52.975,0.34903125,0.0207968749999995
09:52:53.076,0.34903125,0.0217015624999997
09:52:53.177,0.34903125,0.0217015624999997
09:52:53.278,0.34903125,0.0217015624999997
09:52:53.379,0.34903125,0.0217015624999997
09:52:53.480,0.34903125,0.0217015624999997
09:52:53.582,0.349934374999999,0.0217015624999997
09:52:53.683,0.349934374999999,0.0217015624999997
09:52:53.784,0.349934374999999,0.0217015624999997
09:52:53.885,0.349934374999999,0.0217015624999997
09:52:53.985,0.349934374999999,0.0217015624999997
09:52:54.086,0.349934374999999,0.0217015624999997
09:52:54.186,0.349934374999999,0.0217015624999997
09:52:54.287,0.349934374999999,0.0217015624999997
09:52:54.388,0.349934374999999,0.0217015624999997
09:52:54.488,0.349934374999999,0.0217015624999997
09:52:54.588,0.349934374999999,0.0217015624999997
09:52:54.690,0.349934374999999,0.0217015624999997
09:52:54.790,0.349934374999999,0.0235093749999998
09:52:54.890,0.349934374999999,0.0235093749999998
09:52:54.990,0.349934374999999,0.0244140625
09:52:55.090,0.3535515625,0.0244140625
09:52:55.192,0.3535515625,0.0244140625
09:52:55.291,0.349934374999999,0.0253187500000002
09:52:55.393,0.349934374999999,0.0253187500000002
09:52:55.493,0.349934374999999,0.0217015624999997
09:52:55.595,0.35174375,0.0217015624999997
09:52:55.696,0.35174375,0.0217015624999997
09:52:55.799,0.352646875,0.0253187500000002
09:52:55.898,0.352646875,0.0253187500000002
09:52:55.999,0.352646875,0.0244140625
09:52:56.100,0.35174375,0.0244140625
09:52:56.200,0.35174375,0.0244140625
09:52:56.301,0.3508390625,0.0244140625
09:52:56.402,0.3508390625,0.0244140625
09:52:56.504,0.3508390625,0.0244140625
09:52:56.606,0.3508390625,0.0244140625
09:52:56.707,0.3508390625,0.0244140625
09:52:56.806,0.35174375,0.0244140625
09:52:56.907,0.35174375,0.0244140625
09:52:57.007,0.352646875,0.0244140625
09:52:57.109,0.352646875,0.0244140625
09:52:57.209,0.352646875,0.0244140625
09:52:57.309,0.35174375,0.0244140625
09:52:57.409,0.35174375,0.0244140625
09:52:57.510,0.3508390625,0.0244140625
09:52:57.611,0.3508390625,0.0244140625
09:52:57.712,0.3508390625,0.0244140625
09:52:57.813,0.35174375,0.0244140625
09:52:57.913,0.35174375,0.0244140625
09:52:58.014,0.3508390625,0.0244140625
09:52:58.113,0.3508390625,0.0244140625
09:52:58.214,0.3508390625,0.0244140625
09:52:58.314,0.35174375,0.0244140625
09:52:58.414,0.35174375,0.0244140625
09:52:58.515,0.35174375,0.0244140625
09:52:58.616,0.35174375,0.0244140625
09:52:58.718,0.35174375,0.0244140625
09:52:58.819,0.3508390625,0.0244140625
09:52:58.919,0.3508390625,0.0244140625
09:52:59.019,0.35174375,0.0244140625
09:52:59.119,0.35174375,0.0244140625
09:52:59.220,0.352646875,0.0244140625
09:52:59.321,0.352646875,0.0244140625
09:52:59.422,0.352646875,0.0244140625
09:52:59.523,0.352646875,0.0244140625
09:52:59.625,0.352646875,0.0244140625
09:52:59.727,0.35174375,0.0244140625
09:52:59.828,0.35174375,0.0244140625
09:52:59.929,0.35174375,0.0244140625
09:53:00.030,0.35174375,0.0244140625
09:53:00.132,0.35174375,0.0244140625
09:53:00.232,0.35174375,0.0244140625
09:53:00.334,0.35174375,0.0244140625
09:53:00.435,0.35174375,0.0244140625
09:53:00.536,0.3508390625,0.0244140625
09:53:00.637,0.3508390625,0.0244140625
09:53:00.739,0.35174375,0.0244140625
09:53:00.840,0.35174375,0.0244140625
09:53:00.941,0.35174375,0.0244140625
09:53:01.042,0.35174375,0.0244140625
09:53:01.143,0.35174375,0.0244140625
09:53:01.243,0.3508390625,0.0244140625
09:53:01.344,0.3508390625,0.0244140625
09:53:01.445,0.35174375,0.0244140625
09:53:01.546,0.35174375,0.0244140625
09:53:01.648,0.35174375,0.0244140625
09:53:01.748,0.35174375,0.0244140625
09:53:01.849,0.35174375,0.0244140625
09:53:01.950,0.3508390625,0.0244140625
09:53:02.051,0.3508390625,0.0244140625
09:53:02.152,0.3508390625,0.0244140625
09:53:02.254,0.3508390625,0.0244140625
09:53:02.355,0.3508390625,0.0244140625
09:53:02.455,0.3508390625,0.0244140625
09:53:02.557,0.3508390625,0.0244140625
09:53:02.659,0.3508390625,0.0244140625
09:53:02.758,0.35174375,0.0244140625
09:53:02.859,0.35174375,0.0244140625
09:53:02.961,0.35174375,0.0244140625
09:53:03.062,0.35174375,0.0244140625
09:53:03.163,0.35174375,0.0244140625
09:53:03.263,0.35174375,0.0244140625
09:53:03.365,0.35174375,0.0244140625
09:53:03.465,0.35174375,0.0244140625
09:53:03.566,0.35174375,0.0244140625
09:53:03.666,0.35174375,0.0244140625
09:53:03.768,0.35174375,0.0244140625
09:53:03.868,0.35174375,0.0244140625
09:53:03.968,0.35174375,0.0244140625
09:53:04.067,0.35174375,0.0244140625
09:53:04.168,0.35174375,0.0244140625
09:53:04.269,0.35174375,0.0244140625
09:53:04.370,0.35174375,0.0244140625
09:53:04.471,0.35174375,0.0244140625
09:53:04.573,0.35174375,0.0244140625
09:53:04.673,0.35174375,0.0244140625
09:53:04.774,0.35174375,0.0244140625
09:53:04.875,0.35174375,0.0244140625
09:53:04.976,0.35174375,0.0244140625
09:53:05.078,0.35174375,0.0244140625
09:53:05.178,0.35174375,0.0244140625
09:53:05.279,0.35174375,0.0244140625
09:53:05.379,0.35174375,0.0244140625
09:53:05.481,0.35174375,0.0244140625
09:53:05.581,0.35174375,0.0244140625
09:53:05.681,0.35174375,0.0244140625
09:53:05.782,0.35174375,0.0244140625
09:53:05.883,0.35174375,0.0244140625
09:53:05.985,0.35174375,0.0244140625
09:53:06.088,0.35174375,0.0244140625
09:53:06.187,0.35174375,0.0244140625
09:53:06.288,0.35174375,0.0244140625
09:53:06.389,0.35174375,0.0244140625
09:53:06.489,0.35174375,0.0244140625
09:53:06.590,0.35174375,0.0244140625
09:53:06.694,0.3553609375,0.0244140625
09:53:06.793,0.3553609375,0.0244140625
09:53:06.895,0.4358359375,0.0795718749999993
09:53:06.995,0.4358359375,0.0795718749999993
09:53:07.096,0.4358359375,0.189887499999999
09:53:07.196,0.5362046875,0.189887499999999
09:53:07.297,0.5362046875,0.189887499999999
09:53:07.399,0.645615625,0.2911609375
09:53:07.500,0.645615625,0.2911609375
09:53:07.601,0.645615625,0.433123437500001
09:53:07.702,0.7921,0.433123437500001
09:53:07.803,0.7921,0.433123437500001
09:53:07.904,0.933159375000001,0.5868421875
09:53:08.005,0.933159375000001,0.5868421875
09:53:08.106,0.933159375000001,0.704390625
09:53:08.206,1.050709375,0.704390625
09:53:08.308,1.050709375,0.8029515625
09:53:08.407,1.125759375,0.8029515625
09:53:08.509,1.125759375,0.8029515625
09:53:08.608,1.1637375,0.8336953125
09:53:08.710,1.1637375,0.8336953125
09:53:08.810,1.1637375,0.947626562499999
09:53:08.911,1.2966578125,0.947626562499999
09:53:09.012,1.2966578125,0.947626562499999
09:53:09.112,1.340965625,1.017253125
09:53:09.213,1.340965625,1.017253125
09:53:09.313,1.340965625,1.164640625
09:53:09.413,1.536278125,1.164640625
09:53:09.515,1.536278125,1.164640625
09:53:09.615,1.6881875,1.34186875
09:53:09.715,1.6881875,1.34186875
09:53:09.817,1.6881875,1.6122328125
09:53:09.919,2.007378125,1.6122328125
09:53:10.021,2.007378125,1.6122328125
09:53:10.121,2.25423125,1.878075
09:53:10.222,2.25423125,1.878075
09:53:10.322,2.25423125,2.02275
09:53:10.424,2.31843125,2.02275
09:53:10.525,2.31843125,1.996528125
09:53:10.626,2.2985390625,1.996528125
09:53:10.727,2.2985390625,1.996528125
09:53:10.829,2.2985390625,1.9883890625
09:53:10.929,2.292209375,1.9883890625
09:53:11.030,2.292209375,1.9847734375
09:53:11.130,2.289496875,1.9847734375
09:53:11.230,2.289496875,1.9847734375
09:53:11.330,2.2885921875,1.98386875
09:53:11.431,2.2885921875,1.98386875
09:53:11.532,2.2885921875,1.9829640625
09:53:11.632,2.2876875,1.9829640625
09:53:11.733,2.2876875,1.9829640625
09:53:11.835,2.286784375,1.98115625
09:53:11.936,2.286784375,1.98115625
09:53:12.038,2.286784375,1.9802515625
09:53:12.138,2.2858796875,1.9802515625
09:53:12.239,2.2858796875,1.9802515625
09:53:12.340,2.2858796875,1.979346875
09:53:12.442,2.2858796875,1.979346875
09:53:12.542,2.2858796875,1.979346875
09:53:12.644,2.284975,1.979346875
09:53:12.745,2.284975,1.979346875
09:53:12.845,2.3546,1.9847734375
09:53:12.946,2.3546,1.9847734375
09:53:13.046,2.3546,3.2081890625
09:53:13.146,3.7914140625,3.2081890625
09:53:13.246,3.7914140625,4.26070625
09:53:13.348,4.7498921875,4.26070625
09:53:13.448,4.7498921875,4.26070625
09:53:13.549,4.7498921875,4.85749375
09:53:13.648,5.29875625,4.85749375
09:53:13.749,5.29875625,5.191153125
09:53:13.850,5.484121875,5.191153125
09:53:13.950,5.484121875,5.191153125
09:53:14.050,5.509440625,5.2038125
09:53:14.151,5.509440625,5.2038125
09:53:14.252,5.509440625,5.4958765625
09:53:14.354,5.8141640625,5.4958765625
09:53:14.455,5.8141640625,5.4958765625
09:53:14.557,5.852140625,5.545609375
09:53:14.658,5.852140625,5.545609375
09:53:14.760,5.852140625,5.5989578125
09:53:14.861,5.905490625,5.5989578125
09:53:14.961,5.905490625,5.5989578125
09:53:15.062,5.972403125,5.6622546875
09:53:15.162,5.972403125,5.6622546875
09:53:15.264,5.972403125,5.7327828125
09:53:15.366,6.0411234375,5.7327828125
09:53:15.467,6.0411234375,5.8033125
09:53:15.569,6.114365625,5.8033125
09:53:15.670,6.114365625,5.8033125
09:53:15.771,6.114365625,5.8765546875
09:53:15.872,6.1885125,5.8765546875
09:53:15.973,6.1885125,5.9552234375
09:53:16.075,6.2662765625,5.9552234375
09:53:16.177,6.2662765625,5.9552234375
09:53:16.278,6.34765625,6.036603125
09:53:16.380,6.34765625,6.036603125
09:53:16.481,6.34765625,6.1197921875
09:53:16.580,6.4317484375,6.1197921875
09:53:16.681,6.4317484375,6.1197921875
09:53:16.782,6.5185546875,6.20569375
09:53:16.883,6.5185546875,6.20569375
09:53:16.984,6.5185546875,6.293403125
09:53:17.086,6.6062640625,6.293403125
09:53:17.186,6.6062640625,6.293403125
09:53:17.287,6.693975,6.3820171875
09:53:17.387,6.693975,6.3820171875
09:53:17.489,6.693975,6.466109375
09:53:17.590,6.7771625,6.466109375
09:53:17.691,6.7771625,6.550203125
09:53:17.791,6.8603515625,6.550203125
09:53:17.892,6.8603515625,6.550203125
09:53:17.993,6.8603515625,6.6352
09:53:18.094,6.9471578125,6.6352
09:53:18.196,6.9471578125,6.7292390625
09:53:18.295,7.0430046875,6.7292390625
09:53:18.396,7.0430046875,6.7292390625
09:53:18.498,7.1451828125,6.8305125
09:53:18.600,7.1451828125,6.8305125
09:53:18.702,7.1451828125,6.9272640625
09:53:18.803,7.22385,6.9272640625
09:53:18.904,7.22385,6.9272640625
09:53:19.005,7.12348125,6.8657765625
09:53:19.106,7.12348125,6.8657765625
09:53:19.207,7.12348125,6.789821875
09:53:19.306,7.074653125,6.789821875
09:53:19.408,7.074653125,6.789821875
09:53:19.510,7.057471875,6.7717375
09:53:19.611,7.057471875,6.7717375
09:53:19.713,7.057471875,6.753653125
09:53:19.812,7.038484375,6.753653125
09:53:19.914,7.038484375,6.7373765625
09:53:20.013,7.0222078125,6.7373765625
09:53:20.113,7.0222078125,6.7373765625
09:53:20.214,7.0222078125,6.720196875
09:53:20.315,7.005028125,6.720196875
09:53:20.416,7.005028125,6.7030171875
09:53:20.516,6.9914640625,6.7030171875
09:53:20.616,6.9914640625,6.7030171875
09:53:20.717,7.0511421875,6.731046875
09:53:20.817,7.0511421875,6.731046875
09:53:20.917,7.0511421875,6.8531171875
09:53:21.018,7.175021875,6.8531171875
09:53:21.119,7.175021875,6.8531171875
09:53:21.221,7.303421875,6.979709375
09:53:21.321,7.303421875,6.979709375
09:53:21.421,7.303421875,7.113534375
09:53:21.521,7.4354390625,7.113534375
09:53:21.623,7.4354390625,7.113534375
09:53:21.724,7.5584125,7.236509375
09:53:21.825,7.5584125,7.236509375
09:53:21.927,7.5584125,7.368525
09:53:22.029,7.6859078125,7.368525
09:53:22.130,7.6859078125,7.368525
09:53:22.232,7.807978125,7.4905953125
09:53:22.333,7.807978125,7.4905953125
09:53:22.434,7.807978125,7.6108578125
09:53:22.536,7.930953125,7.6108578125
09:53:22.637,7.930953125,7.741065625
09:53:22.737,8.0611625,7.741065625
09:53:22.839,8.0611625,7.741065625
09:53:22.940,8.192275,7.8757953125
09:53:23.041,8.192275,7.8757953125
09:53:23.142,8.192275,7.9969625
09:53:23.243,8.3143453125,7.9969625
09:53:23.343,8.3143453125,7.9969625
09:53:23.445,8.44003125,8.1253609375
09:53:23.545,8.44003125,8.1253609375
09:53:23.645,8.44003125,8.2456234375
09:53:23.747,8.56571875,8.2456234375
09:53:23.848,8.56571875,8.2456234375
09:53:23.949,8.704065625,8.3839703125
09:53:24.050,8.704065625,8.3839703125
09:53:24.151,8.704065625,8.52955
09:53:24.252,8.8478375,8.52955
09:53:24.353,8.8478375,8.52955
09:53:24.453,8.9988421875,8.6769390625
09:53:24.553,8.9988421875,8.6769390625
09:53:24.654,8.9988421875,8.83065625
09:53:24.756,9.153465625,8.83065625
09:53:24.856,9.153465625,8.977140625
09:53:24.958,9.292715625,8.977140625
09:53:25.058,9.292715625,8.977140625
09:53:25.162,9.292715625,9.091978125
09:53:25.262,9.4039359375,9.091978125
09:53:25.362,9.4039359375,9.21043125
09:53:25.463,9.5223890625,9.21043125
09:53:25.565,9.5223890625,9.21043125
09:53:25.666,9.6715859375,9.34696875
09:53:25.767,9.6715859375,9.34696875
09:53:25.867,9.6715859375,9.497975
09:53:25.969,9.80993125,9.497975
09:53:26.069,9.80993125,9.497975
09:53:26.170,9.79636875,9.5350484375
09:53:26.271,9.79636875,9.5350484375
09:53:26.371,9.79636875,9.35239375
09:53:26.473,9.613715625,9.35239375
09:53:26.574,9.613715625,9.35239375
09:53:26.676,9.557653125,9.28276875
09:53:26.777,9.557653125,9.28276875
09:53:26.879,9.557653125,9.251121875
09:53:26.981,9.5251015625,9.251121875
09:53:27.081,9.5251015625,9.217665625
09:53:27.182,9.4916453125,9.217665625
09:53:27.282,9.4916453125,9.217665625
09:53:27.383,9.4916453125,9.184209375
09:53:27.484,9.4590921875,9.184209375
09:53:27.584,9.4590921875,9.1507515625
09:53:27.685,9.4247328125,9.1507515625
09:53:27.786,9.4247328125,9.1507515625
09:53:27.887,9.3921796875,9.1182
09:53:27.988,9.3921796875,9.1182
09:53:28.088,9.3921796875,9.086553125
09:53:28.188,9.3605328125,9.086553125
09:53:28.290,9.3605328125,9.086553125
09:53:28.391,9.3297890625,9.0549046875
09:53:28.492,9.3297890625,9.0549046875
09:53:28.594,9.3297890625,9.0241609375
09:53:28.695,9.2990453125,9.0241609375
09:53:28.797,9.2990453125,9.0241609375
09:53:28.898,9.2683015625,8.9925125
09:53:28.999,9.2683015625,8.9925125
09:53:29.099,9.2683015625,8.9653859375
09:53:29.201,9.2574515625,8.9653859375
09:53:29.302,9.2574515625,9.1191046875
09:53:29.402,9.46723125,9.1191046875
09:53:29.503,9.46723125,9.1191046875
09:53:29.604,9.46723125,9.370478125
09:53:29.705,9.705946875,9.370478125
09:53:29.807,9.705946875,9.5847796875
09:53:29.908,9.9184390625,9.5847796875
09:53:30.010,9.9184390625,9.5847796875
09:53:30.111,10.1110390625,9.7819015625
09:53:30.211,10.1110390625,9.7819015625
09:53:30.313,10.1110390625,9.981734375
09:53:30.413,10.308159375,9.981734375
09:53:30.515,10.308159375,9.981734375
09:53:30.616,10.471825,10.151728125
09:53:30.718,10.471825,10.151728125
09:53:30.821,10.471825,10.3226265625
09:53:30.921,10.651765625,10.3226265625
09:53:31.022,10.651765625,10.3226265625
09:53:31.122,10.8723953125,10.534215625
09:53:31.224,10.8723953125,10.534215625
09:53:31.325,10.8723953125,10.76479375
09:53:31.426,11.1002609375,10.76479375
09:53:31.526,11.1002609375,10.983615625
09:53:31.627,11.3190828125,10.983615625
09:53:31.729,11.3190828125,10.983615625
09:53:31.829,11.3190828125,11.2024375
09:53:31.931,11.5351921875,11.2024375
09:53:32.032,11.5351921875,11.4113140625
09:53:32.132,11.7404515625,11.4113140625
09:53:32.233,11.7404515625,11.4113140625
09:53:32.335,11.9466140625,11.61838125
09:53:32.435,11.9466140625,11.61838125
09:53:32.536,11.9466140625,11.8073640625
09:53:32.636,12.1337890625,11.8073640625
09:53:32.736,12.1337890625,11.8073640625
09:53:32.837,12.33271875,11.999059375
09:53:32.937,12.33271875,11.999059375
09:53:33.038,12.33271875,12.216978125
09:53:33.138,12.546115625,12.216978125
09:53:33.238,12.546115625,12.216978125
09:53:33.338,12.7486625,12.4195234375
09:53:33.438,12.7486625,12.4195234375
09:53:33.539,12.7486625,12.610315625
09:53:33.639,12.9376453125,12.610315625
09:53:33.741,12.9376453125,12.610315625
09:53:33.841,13.142,12.8128609375
09:53:33.941,13.142,12.8128609375
09:53:34.042,13.142,13.019025
09:53:34.144,13.3499703125,13.019025
09:53:34.246,13.3499703125,13.2441765625
09:53:34.348,13.57964375,13.2441765625
09:53:34.449,13.57964375,13.2441765625
09:53:34.548,13.57964375,13.371671875
09:53:34.649,13.607675,13.371671875
09:53:34.751,13.607675,13.0208328125
09:53:34.852,13.23694375,13.0208328125
09:53:34.952,13.23694375,13.0208328125
09:53:35.053,13.1465203125,12.8870078125
09:53:35.154,13.1465203125,12.8870078125
09:53:35.256,13.1465203125,12.8119578125
09:53:35.357,13.0714703125,12.8119578125
09:53:35.458,13.0714703125,12.8119578125
09:53:35.558,12.9973234375,12.7378109375
09:53:35.659,12.9973234375,12.7378109375
09:53:35.759,12.9973234375,12.66456875
09:53:35.860,12.92408125,12.66456875
09:53:35.960,12.92408125,12.66456875
09:53:36.061,12.849934375,12.59223125
09:53:36.163,12.849934375,12.59223125
09:53:36.263,12.849934375,12.520796875
09:53:36.364,12.780309375,12.520796875
09:53:36.464,12.780309375,12.520796875
09:53:36.564,12.7124921875,12.451171875
09:53:36.665,12.7124921875,12.451171875
09:53:36.766,12.7124921875,12.3833546875
09:53:36.866,12.6455796875,12.3833546875
09:53:36.967,12.6455796875,12.3182515625
09:53:37.068,12.5804765625,12.3182515625
09:53:37.170,12.5804765625,12.3182515625
09:53:37.271,12.716109375,12.3544203125
09:53:37.372,12.716109375,12.3544203125
09:53:37.474,12.716109375,12.698025
09:53:37.576,13.0615234375,12.698025
09:53:37.678,13.0615234375,12.698025
09:53:37.779,13.4205,13.05248125
09:53:37.880,13.4205,13.05248125
09:53:37.980,13.4205,13.4241171875
09:53:38.080,13.7939453125,13.4241171875
09:53:38.180,13.7939453125,13.4241171875
09:53:38.282,14.1800484375,13.8038921875
09:53:38.384,14.1800484375,13.8038921875
09:53:38.485,14.1800484375,14.1918046875
09:53:38.592,14.558015625,14.1918046875
09:53:38.693,14.558015625,14.1918046875
09:53:38.794,14.9350765625,14.5643453125
09:53:38.894,14.9350765625,14.5643453125
09:53:38.996,14.9350765625,14.9612984375
09:53:39.096,15.3311265625,14.9612984375
09:53:39.197,15.3311265625,15.3510203125
09:53:39.299,15.72808125,15.3510203125
09:53:39.400,15.72808125,15.3510203125
09:53:39.502,16.1141859375,15.72808125
09:53:39.602,16.1141859375,15.72808125
09:53:39.703,16.1141859375,16.1476421875
09:53:39.804,16.51475625,16.1476421875
09:53:39.905,16.51475625,16.1476421875
09:53:40.005,16.8728296875,16.508428125
09:53:40.106,16.8728296875,16.508428125
09:53:40.207,16.8728296875,16.904478125
09:53:40.307,17.280634375,16.904478125
09:53:40.409,17.280634375,16.904478125
09:53:40.510,17.67849375,17.311378125
09:53:40.610,17.67849375,17.311378125
09:53:40.712,17.67849375,17.691153125
09:53:40.814,18.053746875,17.691153125
09:53:40.915,18.053746875,17.691153125
09:53:41.015,18.4452765625,18.081778125
09:53:41.116,18.4452765625,18.081778125
09:53:41.215,18.4452765625,18.444371875
09:53:41.316,18.798828125,18.444371875
09:53:41.417,18.798828125,18.7590421875
09:53:41.517,19.1089765625,18.7590421875
09:53:41.619,19.1089765625,18.7590421875
09:53:41.719,19.1089765625,19.094509375
09:53:41.819,19.4399234375,19.094509375
09:53:41.922,19.4399234375,19.3992328125
09:53:42.023,19.7464546875,19.3992328125
09:53:42.124,19.7464546875,19.3992328125
09:53:42.224,20.062934375,19.72385
09:53:42.326,20.062934375,19.72385
09:53:42.426,20.062934375,19.9535234375
09:53:42.527,20.2935109375,19.9535234375
09:53:42.626,20.2935109375,19.9535234375
09:53:42.727,20.22026875,20.0547953125
09:53:42.829,20.22026875,20.0547953125
09:53:42.930,20.22026875,19.289821875
09:53:43.031,19.4986984375,19.289821875
09:53:43.132,19.4986984375,19.289821875
09:53:43.233,19.27445,19.0628609375
09:53:43.334,19.27445,19.0628609375
09:53:43.434,19.27445,18.84765625
09:53:43.536,19.063765625,18.84765625
09:53:43.636,19.063765625,18.84765625
09:53:43.738,18.8594109375,18.642396875
09:53:43.840,18.8594109375,18.642396875
09:53:43.940,18.8594109375,18.4425640625
09:53:44.042,18.6659078125,18.4425640625
09:53:44.143,18.6659078125,18.26171875
09:53:44.246,18.48235,18.26171875
09:53:44.346,18.48235,18.26171875
09:53:44.448,18.3033125,18.0781609375
09:53:44.549,18.3033125,18.0781609375
09:53:44.650,18.3033125,17.9108796875
09:53:44.750,18.2011359375,17.9108796875
09:53:44.851,18.2011359375,17.9108796875
09:53:44.952,18.559209375,18.19209375
09:53:45.052,18.559209375,18.19209375
09:53:45.152,18.559209375,18.603515625
09:53:45.254,18.9724390625,18.603515625
09:53:45.353,18.9724390625,18.603515625
09:53:45.455,19.3368421875,18.98690625
09:53:45.556,19.3368421875,18.98690625
09:53:45.656,19.3368421875,19.3504046875
09:53:45.757,19.7157125,19.3504046875
09:53:45.858,19.7157125,19.3504046875
09:53:45.959,20.1280375,19.7554984375
09:53:46.060,20.1280375,19.7554984375
09:53:46.161,20.1280375,20.1642078125
09:53:46.262,20.5222796875,20.1642078125
09:53:46.363,20.5222796875,20.5249921875
09:53:46.464,20.891203125,20.5249921875
09:53:46.564,20.891203125,20.5249921875
09:53:46.664,21.2465640625,20.8975328125
09:53:46.768,21.2465640625,20.8975328125
09:53:46.868,21.2465640625,21.2248625
09:53:46.969,21.5802234375,21.2248625
09:53:47.072,21.5802234375,21.2248625
09:53:47.172,21.8912765625,21.555809375
09:53:47.272,21.8912765625,21.555809375
09:53:47.373,21.8912765625,21.84425625
09:53:47.475,22.17881875,21.84425625
09:53:47.576,22.17881875,21.84425625
09:53:47.677,22.5142875,22.17068125
09:53:47.777,22.5142875,22.17068125
09:53:47.877,22.5142875,22.4907765625
09:53:47.978,22.8316703125,22.4907765625
09:53:48.078,22.8316703125,22.4907765625
09:53:48.179,23.1436265625,22.8090640625
09:53:48.279,23.1436265625,22.8090640625
09:53:48.380,23.1436265625,23.054109375
09:53:48.482,23.3534078125,23.054109375
09:53:48.583,23.3534078125,23.2313375
09:53:48.684,23.5514328125,23.2313375
09:53:48.785,23.5514328125,23.2313375
09:53:48.886,23.776584375,23.47366875
09:53:48.987,23.776584375,23.47366875
09:53:49.089,23.776584375,23.678928125
09:53:49.190,23.9963109375,23.678928125
09:53:49.292,23.9963109375,23.678928125
09:53:49.392,23.8299328125,23.6545140625
09:53:49.492,23.8299328125,23.6545140625
09:53:49.594,23.8299328125,23.0179390625
09:53:49.695,22.9166671875,23.0179390625
09:53:49.795,22.9166671875,23.0179390625
09:53:49.896,22.5594984375,22.3768453125
09:53:49.996,22.5594984375,22.3768453125
09:53:50.096,22.5594984375,22.0666953125
09:53:50.197,22.252965625,22.0666953125
09:53:50.297,22.252965625,22.0666953125
09:53:50.398,21.962709375,21.7737265625
09:53:50.498,21.962709375,21.7737265625
09:53:50.598,21.962709375,21.494321875
09:53:50.700,21.687825,21.494321875
09:53:50.800,21.687825,21.229384375
09:53:50.901,21.4256,21.229384375
09:53:51.002,21.4256,21.229384375
09:53:51.103,21.4256,20.9716796875
09:53:51.203,21.170609375,20.9716796875
09:53:51.305,21.170609375,20.7230171875
09:53:51.406,20.972584375,20.7230171875
09:53:51.506,20.972584375,20.7230171875
09:53:51.607,21.19954375,20.8812578125
09:53:51.707,21.19954375,20.8812578125
09:53:51.807,21.19954375,21.2547015625
09:53:51.909,21.6118703125,21.2547015625
09:53:52.009,21.6118703125,21.2547015625
09:53:52.109,22.1236625,21.7041015625
09:53:52.209,22.1236625,21.7041015625
09:53:52.311,22.1236625,22.2900390625
09:53:52.413,22.68970625,22.2900390625
09:53:52.512,22.68970625,22.2900390625
09:53:52.612,23.2892078125,22.875071875
09:53:52.714,23.2892078125,22.875071875
09:53:52.815,23.2892078125,23.511646875
09:53:52.916,23.9239734375,23.511646875
09:53:53.018,23.9239734375,23.511646875
09:53:53.118,24.499059375,24.1066265625
09:53:53.217,24.499059375,24.1066265625
09:53:53.318,24.499059375,24.6111828125
09:53:53.419,24.98915,24.6111828125
09:53:53.519,24.98915,24.6111828125
09:53:53.620,25.526259375,25.1274953125
09:53:53.722,25.526259375,25.1274953125
09:53:53.823,25.526259375,25.690828125
09:53:53.923,26.0751234375,25.690828125
09:53:54.024,26.0751234375,26.1773
09:53:54.125,26.549840625,26.1773
09:53:54.226,26.549840625,26.1773
09:53:54.327,26.960359375,26.616753125
09:53:54.429,26.960359375,26.616753125
09:53:54.531,26.960359375,26.9106265625
09:53:54.632,27.17646875,26.9106265625
09:53:54.733,27.17646875,26.9106265625
09:53:54.833,27.1855109375,26.99743125
09:53:54.935,27.1855109375,26.99743125
09:53:55.036,27.1855109375,26.4205375
09:53:55.138,26.4123984375,26.4205375
09:53:55.239,26.4123984375,26.4205375
09:53:55.341,25.5000359375,25.3535515625
09:53:55.441,25.5000359375,25.3535515625
09:53:55.543,25.5000359375,24.9032484375
09:53:55.643,25.056965625,24.9032484375
09:53:55.743,25.056965625,24.485496875
09:53:55.844,24.64554375,24.485496875
09:53:55.945,24.64554375,24.485496875
09:53:56.045,24.64554375,24.084925
09:53:56.145,24.26034375,24.084925
09:53:56.245,24.26034375,23.7241390625
09:53:56.347,23.8950375,23.7241390625
09:53:56.448,23.8950375,23.7241390625
09:53:56.548,23.5487203125,23.3714921875
09:53:56.649,23.5487203125,23.3714921875
09:53:56.751,23.5487203125,23.0378328125
09:53:56.853,23.21958125,23.0378328125
09:53:56.954,23.21958125,23.0378328125
09:53:57.053,22.9049125,22.72045
09:53:57.154,22.9049125,22.72045
09:53:57.256,22.9049125,22.412109375
09:53:57.358,22.6038046875,22.412109375
09:53:57.460,22.6038046875,22.412109375
09:53:57.561,22.30450625,22.1155234375
09:53:57.662,22.30450625,22.1155234375
09:53:57.764,22.30450625,21.828884375
09:53:57.865,22.0223890625,21.828884375
09:53:57.965,22.0223890625,21.828884375
09:53:58.067,21.7466,21.5521921875
09:53:58.166,21.7466,21.5521921875
09:53:58.268,21.7466,21.28635
09:53:58.369,21.4816625,21.28635
09:53:58.469,21.4816625,21.0232203125
09:53:58.570,21.2248625,21.0232203125
09:53:58.670,21.2248625,21.0232203125
09:53:58.771,21.2248625,18.5411234375
09:53:58.871,14.7072125,18.5411234375
09:53:58.973,14.7072125,3.1593609375
09:53:59.074,2.4088546875,3.1593609375
09:53:59.175,2.4088546875,3.1593609375
09:53:59.276,1.00730625,0.8752890625
09:53:59.377,1.00730625,0.8752890625
09:53:59.479,1.00730625,0.299298437499999
09:53:59.578,0.54976875,0.299298437499999
09:53:59.679,0.54976875,0.299298437499999
09:53:59.779,0.3888171875,0.0831890624999998
09:53:59.879,0.3888171875,0.0831890624999998
09:53:59.981,0.3888171875,0.0253187500000002
09:54:00.081,0.35445625,0.0253187500000002
09:54:00.183,0.35445625,0.0253187500000002
09:54:00.284,0.35445625,0.0244140625
09:54:00.385,0.35445625,0.0244140625
09:54:00.486,0.35445625,0.0253187500000002
09:54:00.587,0.35445625,0.0253187500000002
09:54:00.688,0.35445625,0.0244140625
09:54:00.788,0.35445625,0.0244140625
09:54:00.889,0.35445625,0.0244140625
09:54:00.991,0.35445625,0.0253187500000002
09:54:01.091,0.35445625,0.0253187500000002
09:54:01.192,0.35445625,0.0244140625
09:54:01.293,0.35445625,0.0244140625
09:54:01.393,0.35445625,0.0244140625
09:54:01.493,0.35445625,0.0244140625
09:54:01.594,0.35445625,0.0244140625
09:54:01.696,0.35445625,0.0244140625
09:54:01.798,0.35445625,0.0244140625
09:54:01.900,0.35445625,0.0244140625
09:54:02.002,0.35445625,0.0253187500000002
09:54:02.103,0.35445625,0.0253187500000002
09:54:02.206,0.35445625,0.0244140625
09:54:02.308,0.3535515625,0.0244140625
09:54:02.409,0.3535515625,0.0244140625
09:54:02.509,0.352646875,0.0253187500000002
09:54:02.610,0.352646875,0.0253187500000002
09:54:02.711,0.352646875,0.0244140625
09:54:02.812,0.3535515625,0.0244140625
09:54:02.913,0.3535515625,0.0244140625
09:54:03.014,0.352646875,0.0244140625
09:54:03.115,0.352646875,0.0244140625
09:54:03.218,0.352646875,0.0217015624999997
09:54:03.319,0.3508390625,0.0217015624999997
09:54:03.420,0.3508390625,0.0207968749999995
09:54:03.521,0.349934374999999,0.0207968749999995
09:54:03.624,0.349934374999999,0.0207968749999995
09:54:03.726,0.349934374999999,0.0207968749999995
09:54:03.826,0.349934374999999,0.0207968749999995
09:54:03.928,0.349934374999999,0.0180843750000007
09:54:04.028,0.348126562499999,0.0180843750000007
09:54:04.129,0.348126562499999,0.0180843750000007
09:54:04.230,0.348126562499999,0.0198921874999994
09:54:04.330,0.348126562499999,0.0198921874999994
09:54:04.432,0.348126562499999,0.0198921874999994
09:54:04.534,0.34903125,0.0198921874999994
09:54:04.636,0.34903125,0.0198921874999994
09:54:04.735,0.34903125,0.0198921874999994
09:54:04.835,0.34903125,0.0198921874999994
09:54:04.936,0.34903125,0.0198921874999994
09:54:05.037,0.34903125,0.0198921874999994
09:54:05.138,0.34903125,0.0198921874999994
09:54:05.239,0.348126562499999,0.0198921874999994
09:54:05.341,0.348126562499999,0.0198921874999994
09:54:05.442,0.348126562499999,0.0198921874999994
09:54:05.544,0.34903125,0.0198921874999994
09:54:05.643,0.34903125,0.0198921874999994
09:54:05.745,0.348126562499999,0.0198921874999994
09:54:05.845,0.348126562499999,0.0198921874999994
09:54:05.946,0.34903125,0.0207968749999995
09:54:06.047,0.34903125,0.0207968749999995
09:54:06.147,0.34903125,0.0198921874999994
09:54:06.248,0.34903125,0.0198921874999994
09:54:06.350,0.34903125,0.0198921874999994
09:54:06.451,0.34903125,0.0207968749999995
09:54:06.553,0.34903125,0.0207968749999995
09:54:06.655,0.34903125,0.0198921874999994
09:54:06.757,0.34903125,0.0198921874999994
09:54:06.858,0.34903125,0.0198921874999994
09:54:06.959,0.34903125,0.0198921874999994
09:54:07.061,0.34903125,0.0198921874999994
09:54:07.161,0.34903125,0.0207968749999995
09:54:07.263,0.34903125,0.0207968749999995
09:54:07.363,0.34903125,0.0198921874999994
09:54:07.464,0.34903125,0.0198921874999994
09:54:07.566,0.34903125,0.0198921874999994
09:54:07.667,0.34903125,0.0207968749999995
09:54:07.768,0.34903125,0.0207968749999995
09:54:07.869,0.34903125,0.0207968749999995
09:54:07.970,0.34903125,0.0207968749999995
09:54:08.072,0.34903125,0.0207968749999995
09:54:08.174,0.34903125,0.0207968749999995
09:54:08.275,0.34903125,0.0207968749999995
09:54:08.375,0.34903125,0.0198921874999994
09:54:08.476,0.34903125,0.0198921874999994
09:54:08.577,0.34903125,0.0198921874999994
09:54:08.679,0.34903125,0.0217015624999997
09:54:08.780,0.34903125,0.0217015624999997
09:54:08.880,0.34903125,0.0207968749999995
09:54:08.980,0.34903125,0.0207968749999995
09:54:09.081,0.34903125,0.0207968749999995
09:54:09.182,0.34903125,0.0217015624999997
09:54:09.284,0.34903125,0.0217015624999997
09:54:09.384,0.34903125,0.0217015624999997
09:54:09.485,0.349934374999999,0.0217015624999997
09:54:09.585,0.349934374999999,0.0217015624999997
09:54:09.686,0.349934374999999,0.0217015624999997
09:54:09.786,0.349934374999999,0.0217015624999997
09:54:09.887,0.349934374999999,0.0217015624999997
09:54:09.989,0.349934374999999,0.0217015624999997
09:54:10.090,0.349934374999999,0.0217015624999997
09:54:10.191,0.349934374999999,0.0217015624999997
09:54:10.292,0.349934374999999,0.0217015624999997
09:54:10.392,0.3508390625,0.0217015624999997
09:54:10.492,0.3508390625,0.0217015624999997
09:54:10.594,0.3508390625,0.0217015624999997
09:54:10.695,0.3508390625,0.0217015624999997
09:54:10.796,0.3508390625,0.0217015624999997
09:54:10.897,0.3508390625,0.0235093749999998
09:54:10.999,0.3508390625,0.0235093749999998
09:54:11.100,0.3508390625,0.0235093749999998
09:54:11.200,0.3508390625,0.0235093749999998
09:54:11.301,0.3508390625,0.0235093749999998
09:54:11.402,0.352646875,0.0253187500000002
09:54:11.502,0.352646875,0.0253187500000002
09:54:11.601,0.352646875,0.0244140625
09:54:11.701,0.3508390625,0.0244140625
09:54:11.802,0.3508390625,0.0244140625
09:54:11.903,0.35174375,0.0244140625
09:54:12.003,0.35174375,0.0244140625
09:54:12.104,0.35174375,0.0244140625
09:54:12.205,0.3508390625,0.0244140625
09:54:12.305,0.3508390625,0.0244140625
09:54:12.406,0.3508390625,0.0244140625
09:54:12.506,0.3508390625,0.0244140625
09:54:12.607,0.3508390625,0.0244140625
09:54:12.706,0.35174375,0.0244140625
09:54:12.808,0.35174375,0.0244140625
09:54:12.909,0.3508390625,0.0244140625
09:54:13.009,0.3508390625,0.0244140625
09:54:13.109,0.35174375,0.0244140625
09:54:13.210,0.35174375,0.0244140625
09:54:13.311,0.35174375,0.0244140625
09:54:13.412,0.35174375,0.0244140625
09:54:13.515,0.35174375,0.0244140625
09:54:13.616,0.3508390625,0.0244140625
09:54:13.716,0.3508390625,0.0244140625
09:54:13.818,0.3508390625,0.0244140625
09:54:13.919,0.35174375,0.0244140625
09:54:14.020,0.35174375,0.0244140625
09:54:14.122,0.35174375,0.0235093749999998
09:54:14.222,0.35174375,0.0235093749999998
09:54:14.324,0.35174375,0.0244140625
09:54:14.426,0.35174375,0.0244140625
09:54:14.527,0.35174375,0.0244140625
09:54:14.627,0.3508390625,0.0244140625
09:54:14.728,0.3508390625,0.0244140625
09:54:14.827,0.3508390625,0.0244140625
09:54:14.927,0.35174375,0.0244140625
09:54:15.029,0.35174375,0.0244140625
09:54:15.129,0.3508390625,0.0244140625
09:54:15.229,0.3508390625,0.0244140625
09:54:15.330,0.35174375,0.0244140625
09:54:15.431,0.35174375,0.0244140625
09:54:15.532,0.35174375,0.0244140625
09:54:15.633,0.3508390625,0.0244140625
09:54:15.733,0.3508390625,0.0244140625
09:54:15.835,0.35174375,0.0244140625
09:54:15.936,0.35174375,0.0244140625
09:54:16.036,0.35174375,0.0244140625
09:54:16.138,0.35174375,0.0244140625
09:54:16.238,0.35174375,0.0244140625
09:54:16.339,0.35174375,0.0244140625
09:54:16.441,0.35174375,0.0244140625
09:54:16.542,0.35174375,0.0244140625
09:54:16.643,0.35174375,0.0244140625
09:54:16.744,0.35174375,0.0244140625
09:54:16.843,0.35174375,0.0244140625
09:54:16.943,0.35174375,0.0244140625
09:54:17.045,0.35174375,0.0244140625
09:54:17.146,0.35174375,0.0244140625
09:54:17.246,0.35174375,0.0244140625
09:54:17.345,0.3508390625,0.0244140625
09:54:17.446,0.3508390625,0.0244140625
09:54:17.546,0.3508390625,0.0244140625
09:54:17.646,0.352646875,0.0244140625
09:54:17.748,0.352646875,0.0244140625
09:54:17.848,0.3508390625,0.0244140625
09:54:17.948,0.3508390625,0.0244140625
09:54:18.049,0.35174375,0.0244140625
09:54:18.150,0.35174375,0.0244140625
09:54:18.250,0.35174375,0.0244140625
09:54:18.351,0.352646875,0.0244140625
09:54:18.452,0.352646875,0.0244140625
09:54:18.551,0.352646875,0.0244140625
09:54:18.653,0.352646875,0.0244140625
09:54:18.754,0.352646875,0.0244140625
09:54:18.854,0.352646875,0.0244140625
09:54:18.955,0.352646875,0.0244140625
09:54:19.057,0.352646875,0.0253187500000002
09:54:19.157,0.352646875,0.0253187500000002
09:54:19.257,0.352646875,0.0244140625
09:54:19.357,0.352646875,0.0244140625
09:54:19.458,0.352646875,0.0244140625
09:54:19.559,0.352646875,0.0244140625
09:54:19.660,0.352646875,0.0244140625
09:54:19.761,0.352646875,0.0244140625
09:54:19.862,0.352646875,0.0244140625
09:54:19.961,0.352646875,0.0244140625
09:54:20.062,0.352646875,0.0244140625
09:54:20.163,0.352646875,0.0244140625
09:54:20.263,0.352646875,0.0253187500000002
09:54:20.365,0.352646875,0.0253187500000002
09:54:20.468,0.352646875,0.0262218750000001
09:54:20.568,0.352646875,0.0262218750000001
09:54:20.670,0.352646875,0.0262218750000001
09:54:20.770,0.352646875,0.0253187500000002
09:54:20.871,0.352646875,0.0253187500000002
09:54:20.972,0.352646875,0.0253187500000002
09:54:21.072,0.352646875,0.0253187500000002
09:54:21.174,0.352646875,0.0253187500000002
09:54:21.275,0.352646875,0.0253187500000002
09:54:21.377,0.352646875,0.0253187500000002
09:54:21.478,0.352646875,0.0253187500000002
09:54:21.580,0.352646875,0.0253187500000002
09:54:21.681,0.352646875,0.0253187500000002
09:54:21.781,0.352646875,0.0253187500000002
09:54:21.883,0.352646875,0.0253187500000002
09:54:21.984,0.352646875,0.0253187500000002
09:54:22.084,0.352646875,0.0253187500000002
09:54:22.185,0.352646875,0.0253187500000002
09:54:22.286,0.352646875,0.0253187500000002
09:54:22.387,0.352646875,0.0253187500000002
09:54:22.488,0.352646875,0.0253187500000002
09:54:22.588,0.352646875,0.0253187500000002
09:54:22.689,0.352646875,0.0262218750000001
09:54:22.790,0.352646875,0.0262218750000001
09:54:22.892,0.352646875,0.0262218750000001
09:54:22.993,0.352646875,0.0253187500000002
09:54:23.093,0.352646875,0.0253187500000002
09:54:23.194,0.352646875,0.0253187500000002
09:54:23.295,0.352646875,0.0253187500000002
09:54:23.397,0.352646875,0.0253187500000002
09:54:23.497,0.352646875,0.0253187500000002
09:54:23.599,0.352646875,0.0253187500000002
09:54:23.699,0.352646875,0.0253187500000002
09:54:23.799,0.352646875,0.0253187500000002
09:54:23.901,0.352646875,0.0253187500000002
09:54:24.002,0.352646875,0.0262218750000001
09:54:24.104,0.352646875,0.0262218750000001
09:54:24.205,0.352646875,0.0262218750000001
09:54:24.307,0.3535515625,0.0262218750000001
09:54:24.407,0.3535515625,0.0280312500000005
09:54:24.509,0.35445625,0.0280312500000005
09:54:24.610,0.35445625,0.0280312500000005
09:54:24.711,0.35445625,0.0352640624999997
09:54:24.812,0.3815828125,0.0352640624999997
09:54:24.914,0.3815828125,0.1835578125
09:54:25.016,0.5515765625,0.1835578125
09:54:25.117,0.5515765625,0.1835578125
09:54:25.217,0.62210625,0.29025625
09:54:25.317,0.62210625,0.29025625
09:54:25.418,0.62210625,0.348126562499999
09:54:25.519,0.6817859375,0.348126562499999
09:54:25.621,0.6817859375,0.348126562499999
09:54:25.722,0.7233796875,0.3924328125
09:54:25.822,0.7233796875,0.3924328125
09:54:25.923,0.7233796875,0.4864734375
09:54:26.022,0.8336953125,0.4864734375
09:54:26.123,0.8336953125,0.4864734375
09:54:26.223,0.946723437499999,0.5976921875
09:54:26.324,0.946723437499999,0.5976921875
09:54:26.425,0.946723437499999,0.7676859375
09:54:26.525,1.1194296875,0.7676859375
09:54:26.625,1.1194296875,0.7676859375
09:54:26.725,1.13028125,0.81470625
09:54:26.826,1.13028125,0.81470625
09:54:26.926,1.13028125,0.8770984375
09:54:27.026,1.2333625,0.8770984375
09:54:27.127,1.2333625,1.00730625
09:54:27.227,1.3427734375,1.00730625
09:54:27.327,1.3427734375,1.00730625
09:54:27.429,1.3427734375,1.120334375
09:54:27.530,1.4277703125,1.120334375
09:54:27.632,1.4277703125,1.114909375
09:54:27.733,1.4259625,1.114909375
09:54:27.833,1.4259625,1.114909375
09:54:27.934,1.4738859375,1.1293765625
09:54:28.034,1.4738859375,1.1293765625
09:54:28.136,1.4738859375,1.426865625
09:54:28.237,1.831959375,1.426865625
09:54:28.337,1.831959375,1.426865625
09:54:28.437,1.8518515625,1.55165
09:54:28.538,1.8518515625,1.55165
09:54:28.638,1.8518515625,1.538990625
09:54:28.739,1.845521875,1.538990625
09:54:28.839,1.845521875,1.538990625
09:54:28.940,1.8382890625,1.5326609375
09:54:29.042,1.8382890625,1.5326609375
09:54:29.143,1.8382890625,1.5281390625
09:54:29.244,1.8355765625,1.5281390625
09:54:29.346,1.8355765625,1.5281390625
09:54:29.446,1.834671875,1.5272359375
09:54:29.547,1.834671875,1.5272359375
09:54:29.649,1.834671875,1.5272359375
09:54:29.750,1.8328625,1.5272359375
09:54:29.852,1.8328625,1.52633125
09:54:29.952,1.8328625,1.52633125
09:54:30.053,1.8328625,1.52633125
09:54:30.155,1.8328625,1.5254265625
09:54:30.255,1.8328625,1.5254265625
09:54:30.355,1.8328625,1.524521875
09:54:30.456,1.8328625,1.524521875
09:54:30.556,1.8328625,1.524521875
09:54:30.656,1.8328625,1.524521875
09:54:30.758,1.8328625,1.524521875
09:54:30.858,1.8328625,1.5254265625
09:54:30.958,1.834671875,1.5254265625
09:54:31.060,1.834671875,1.5254265625
09:54:31.162,2.1647140625,1.667390625
09:54:31.263,2.1647140625,1.667390625
09:54:31.363,2.1647140625,2.1375875
09:54:31.465,2.483,2.1375875
09:54:31.566,2.483,2.1375875
09:54:31.667,2.84016875,2.423321875
09:54:31.767,2.84016875,2.423321875
09:54:31.867,2.84016875,2.63400625
09:54:31.968,2.934209375,2.63400625
09:54:32.069,2.934209375,2.660228125
09:54:32.171,3.0137796875,2.660228125
09:54:32.272,3.0137796875,2.660228125
09:54:32.372,3.0137796875,2.9432515625
09:54:32.473,3.282334375,2.9432515625
09:54:32.573,3.282334375,3.08611875
09:54:32.673,3.422490625,3.08611875
09:54:32.775,3.422490625,3.08611875
09:54:32.875,3.451425,3.14760625
09:54:32.977,3.451425,3.14760625
09:54:33.078,3.451425,3.2723890625
09:54:33.179,3.5771125,3.2723890625
09:54:33.281,3.5771125,3.2723890625
09:54:33.381,3.61056875,3.2886640625
09:54:33.481,3.61056875,3.2886640625
09:54:33.582,3.61056875,3.505678125
09:54:33.683,3.87008125,3.505678125
09:54:33.785,3.87008125,3.505678125
09:54:33.885,4.20193125,3.7914140625
09:54:33.985,4.20193125,3.7914140625
09:54:34.086,4.20193125,3.9360890625
09:54:34.187,4.2381,3.9360890625
09:54:34.288,4.2381,3.9360890625
09:54:34.388,4.27155625,3.965025
09:54:34.489,4.27155625,3.965025
09:54:34.591,4.27155625,4.0030015625
09:54:34.692,4.3104390625,4.0030015625
09:54:34.793,4.3104390625,4.4062859375
09:54:34.893,4.9433953125,4.4062859375
09:54:34.994,4.9433953125,4.4062859375
09:54:35.095,5.252640625,4.823134375
09:54:35.197,5.252640625,4.823134375
09:54:35.299,5.252640625,5.0944015625
09:54:35.398,5.3964125,5.0944015625
09:54:35.498,5.3964125,5.0944015625
09:54:35.600,5.7707609375,5.4126875
09:54:35.700,5.7707609375,5.4126875
09:54:35.801,5.7707609375,5.4190171875
09:54:35.902,5.6812421875,5.4190171875
09:54:36.004,5.6812421875,5.4190171875
09:54:36.106,5.6170421875,5.334925
09:54:36.206,5.6170421875,5.334925
09:54:36.306,5.6170421875,5.3132234375
09:54:36.408,5.602575,5.3132234375
09:54:36.510,5.602575,5.3132234375
09:54:36.611,5.591725,5.30146875
09:54:36.712,5.591725,5.30146875
09:54:36.813,5.591725,5.291521875
09:54:36.915,5.581778125,5.291521875
09:54:37.015,5.581778125,5.280671875
09:54:37.116,5.57183125,5.280671875
09:54:37.217,5.57183125,5.280671875
09:54:37.317,5.5700234375,5.2752453125
09:54:37.417,5.5700234375,5.2752453125
09:54:37.518,5.5700234375,5.311415625
09:54:37.617,5.63060625,5.311415625
09:54:37.718,5.63060625,5.311415625
09:54:37.819,6.1948421875,5.75629375
09:54:37.920,6.1948421875,5.75629375
09:54:38.021,6.1948421875,6.1360671875
09:54:38.124,6.502278125,6.1360671875
09:54:38.224,6.502278125,6.1360671875
09:54:38.326,6.6858359375,6.3304765625
09:54:38.428,6.6858359375,6.3304765625
09:54:38.528,6.6858359375,6.5936046875
09:54:38.633,6.9019453125,6.5936046875
09:54:38.733,6.9019453125,6.5936046875
09:54:38.835,7.1424703125,6.784396875
09:54:38.935,7.1424703125,6.784396875
09:54:39.035,7.1424703125,6.9344984375
09:54:39.136,7.250071875,6.9344984375
09:54:39.237,7.250071875,7.0457171875
09:54:39.337,7.3640046875,7.0457171875
09:54:39.438,7.3640046875,7.0457171875
09:54:39.539,7.3640046875,7.1686921875
09:54:39.641,7.4833625,7.1686921875
09:54:39.742,7.4833625,7.278103125
09:54:39.843,7.5954859375,7.278103125
09:54:39.945,7.5954859375,7.278103125
09:54:40.045,7.7211734375,7.403790625
09:54:40.146,7.7211734375,7.403790625
09:54:40.246,7.7211734375,7.5421375
09:54:40.347,7.861328125,7.5421375
09:54:40.448,7.861328125,7.5421375
09:54:40.549,7.9933453125,7.6750578125
09:54:40.649,7.9933453125,7.6750578125
09:54:40.749,7.9933453125,7.8061703125
09:54:40.849,8.123553125,7.8061703125
09:54:40.950,8.123553125,7.8061703125
09:54:41.051,8.2682296875,7.946325
09:54:41.153,8.2682296875,7.946325
09:54:41.252,8.2682296875,8.10546875
09:54:41.354,8.4300859375,8.10546875
09:54:41.456,8.4300859375,8.10546875
09:54:41.557,8.5738578125,8.256475
09:54:41.660,8.5738578125,8.256475
09:54:41.761,8.5738578125,8.4101921875
09:54:41.861,8.734809375,8.4101921875
09:54:41.963,8.734809375,8.567528125
09:54:42.065,8.8831015625,8.567528125
09:54:42.166,8.8831015625,8.567528125
09:54:42.266,8.893953125,8.6290140625
09:54:42.369,8.893953125,8.6290140625
09:54:42.470,8.893953125,8.4617328125
09:54:42.570,8.7302875,8.4617328125
09:54:42.671,8.7302875,8.4617328125
09:54:42.772,8.6923109375,8.413809375
09:54:42.872,8.6923109375,8.413809375
09:54:42.972,8.6923109375,8.388490625
09:54:43.074,8.6669921875,8.388490625
09:54:43.175,8.6669921875,8.388490625
09:54:43.275,8.6443859375,8.3640765625
09:54:43.376,8.6443859375,8.3640765625
09:54:43.476,8.6443859375,8.3396625
09:54:43.576,8.6181640625,8.3396625
09:54:43.677,8.6181640625,8.3396625
09:54:43.778,8.5946546875,8.316153125
09:54:43.879,8.5946546875,8.316153125
09:54:43.980,8.5946546875,8.3342375
09:54:44.081,8.6742265625,8.3342375
09:54:44.183,8.6742265625,8.82794375
09:54:44.283,9.4717515625,8.82794375
09:54:44.384,9.4717515625,8.82794375
09:54:44.485,9.4717515625,9.9491828125
09:54:44.586,10.4401765625,9.9491828125
09:54:44.688,10.4401765625,10.4121453125
09:54:44.787,10.737665625,10.4121453125
09:54:44.888,10.737665625,10.4121453125
09:54:44.989,10.9691484375,10.6309671875
09:54:45.090,10.9691484375,10.6309671875
09:54:45.192,10.9691484375,10.88415
09:54:45.293,11.23589375,10.88415
09:54:45.393,11.23589375,10.88415
09:54:45.495,11.530671875,11.178928125
09:54:45.596,11.530671875,11.178928125
09:54:45.697,11.530671875,11.4709921875
09:54:45.800,11.823640625,11.4709921875
09:54:45.899,11.823640625,11.4709921875
09:54:46.000,12.1238421875,11.7684828125
09:54:46.100,12.1238421875,11.7684828125
09:54:46.201,12.1238421875,12.0876734375
09:54:46.304,12.4493640625,12.0876734375
09:54:46.404,12.4493640625,12.4222359375
09:54:46.505,12.7812140625,12.4222359375
09:54:46.607,12.7812140625,12.4222359375
09:54:46.707,12.7812140625,12.752278125
09:54:46.808,13.11125625,12.752278125
09:54:46.909,13.11125625,13.0922671875
09:54:47.009,13.453053125,13.0922671875
09:54:47.110,13.453053125,13.0922671875
09:54:47.210,13.807509375,13.4440109375
09:54:47.312,13.807509375,13.4440109375
09:54:47.412,13.807509375,13.800275
09:54:47.514,14.16829375,13.800275
09:54:47.615,14.16829375,13.800275
09:54:47.717,14.5182296875,14.1583484375
09:54:47.818,14.5182296875,14.1583484375
09:54:47.919,14.5182296875,14.4549328125
09:54:48.020,14.764178125,14.4549328125
09:54:48.121,14.764178125,14.4549328125
09:54:48.223,14.5643453125,14.4006796875
09:54:48.324,14.5643453125,14.4006796875
09:54:48.425,14.5643453125,13.98745
09:54:48.527,14.2388234375,13.98745
09:54:48.627,14.2388234375,13.893409375
09:54:48.727,14.1465921875,13.893409375
09:54:48.829,14.1465921875,13.893409375
09:54:48.928,14.1465921875,13.8047953125
09:54:49.029,14.057075,13.8047953125
09:54:49.128,14.057075,13.717990625
09:54:49.229,13.972078125,13.717990625
09:54:49.329,13.972078125,13.717990625
09:54:49.429,13.887984375,13.633896875
09:54:49.529,13.887984375,13.633896875
09:54:49.630,13.887984375,13.5516125
09:54:49.731,13.8066046875,13.5516125
09:54:49.832,13.8066046875,13.5516125
09:54:49.933,13.7279375,13.472040625
09:54:50.033,13.7279375,13.472040625
09:54:50.135,13.7279375,13.396990625
09:54:50.237,13.6637375,13.396990625
09:54:50.337,13.6637375,13.396990625
09:54:50.439,13.92325,13.56608125
09:54:50.540,13.92325,13.56608125
09:54:50.641,13.92325,13.9205375
09:54:50.741,14.29940625,13.9205375
09:54:50.842,14.29940625,13.9205375
09:54:50.943,14.699978125,14.3337671875
09:54:51.044,14.699978125,14.3337671875
09:54:51.144,14.699978125,14.7126375
09:54:51.246,15.082465625,14.7126375
09:54:51.347,15.082465625,15.1114
09:54:51.447,15.4884625,15.1114
09:54:51.548,15.4884625,15.1114
09:54:51.648,15.4884625,15.503834375
09:54:51.750,15.8736625,15.503834375
09:54:51.850,15.8736625,15.9884984375
09:54:51.953,16.3764109375,15.9884984375
09:54:52.054,16.3764109375,15.9884984375
09:54:52.155,16.8475109375,16.4668328125
09:54:52.256,16.8475109375,16.4668328125
09:54:52.356,16.8475109375,16.907190625
09:54:52.458,17.3068578125,16.907190625
09:54:52.559,17.3068578125,16.907190625
09:54:52.660,17.8005640625,17.42440625
09:54:52.762,17.8005640625,17.42440625
09:54:52.862,17.8005640625,17.8285953125
09:54:52.963,18.187571875,17.8285953125
09:54:53.064,18.187571875,17.8285953125
09:54:53.165,18.539315625,18.1785296875
09:54:53.267,18.539315625,18.1785296875
09:54:53.366,18.539315625,18.5791015625
09:54:53.466,18.9335578125,18.5791015625
09:54:53.567,18.9335578125,18.97334375
09:54:53.668,19.343171875,18.97334375
09:54:53.769,19.343171875,18.97334375
09:54:53.869,19.343171875,19.379340625
09:54:53.971,19.75730625,19.379340625
09:54:54.072,19.75730625,19.8052296875
09:54:54.174,20.17325,19.8052296875
09:54:54.275,20.17325,19.8052296875
09:54:54.375,20.5991390625,20.2265984375
09:54:54.475,20.5991390625,20.2265984375
09:54:54.575,20.5991390625,20.6307875
09:54:54.675,20.9816265625,20.6307875
09:54:54.775,20.9816265625,20.6307875
09:54:54.878,21.086515625,20.8740234375
09:54:54.979,21.086515625,20.8740234375
09:54:55.080,21.086515625,20.35680625
09:54:55.182,20.3522859375,20.35680625
09:54:55.282,20.3522859375,20.35680625
09:54:55.384,20.040328125,19.834165625
09:54:55.485,20.040328125,19.834165625
09:54:55.586,20.040328125,19.6044921875
09:54:55.687,19.814271875,19.6044921875
09:54:55.788,19.814271875,19.6044921875
09:54:55.888,19.5999703125,19.3865734375
09:54:55.990,19.5999703125,19.3865734375
09:54:56.091,19.5999703125,19.1804109375
09:54:56.192,19.390190625,19.1804109375
09:54:56.292,19.390190625,18.98419375
09:54:56.394,19.2021125,18.98419375
09:54:56.496,19.2021125,18.98419375
09:54:56.599,19.016746875,18.7970203125
09:54:56.699,19.016746875,18.7970203125
09:54:56.799,19.016746875,18.628834375
09:54:56.902,18.994140625,18.628834375
09:54:57.003,18.994140625,18.628834375
09:54:57.106,19.6632671875,19.231046875
09:54:57.207,19.6632671875,19.231046875
09:54:57.307,19.6632671875,19.8974609375
09:54:57.407,20.33781875,19.8974609375
09:54:57.508,20.33781875,19.8974609375
09:54:57.610,20.9680625,20.553928125
09:54:57.710,20.9680625,20.553928125
09:54:57.811,20.9680625,21.1516203125
09:54:57.911,21.5603296875,21.1516203125
09:54:58.012,21.5603296875,21.1516203125
09:54:58.116,22.0893015625,21.687825
09:54:58.217,22.0893015625,21.687825
09:54:58.316,22.0893015625,22.254775
09:54:58.417,22.677046875,22.254775
09:54:58.519,22.677046875,22.889540625
09:54:58.619,23.2901109375,22.889540625
09:54:58.721,23.2901109375,22.889540625
09:54:58.822,23.848921875,23.4546796875
09:54:58.924,23.848921875,23.4546796875
09:54:59.025,23.848921875,24.0098734375
09:54:59.126,24.3923609375,24.0098734375
09:54:59.227,24.3923609375,24.0098734375
09:54:59.327,24.889684375,24.51171875
09:54:59.429,24.889684375,24.51171875
09:54:59.530,24.889684375,24.9602140625
09:54:59.630,25.319190625,24.9602140625
09:54:59.731,25.319190625,24.9602140625
09:54:59.831,25.722475,25.367115625
09:54:59.932,25.722475,25.367115625
09:55:00.032,25.722475,25.7649734375
09:55:00.132,26.1140046875,25.7649734375
09:55:00.234,26.1140046875,25.7649734375
09:55:00.334,26.4015484375,26.07150625
09:55:00.436,26.4015484375,26.07150625
09:55:00.537,26.4015484375,26.346390625
09:55:00.638,26.65201875,26.346390625
09:55:00.739,26.65201875,26.5769671875
09:55:00.841,26.9232859375,26.5769671875
09:55:00.940,26.9232859375,26.5769671875
09:55:01.040,26.4359078125,26.4313875
09:55:01.141,26.4359078125,26.4313875
09:55:01.242,26.4359078125,25.333659375
09:55:01.342,25.48556875,25.333659375
09:55:01.443,25.48556875,25.333659375
09:55:01.543,25.0660078125,24.909578125
09:55:01.644,25.0660078125,24.909578125
09:55:01.744,25.0660078125,24.5126234375
09:55:01.844,24.6654375,24.5126234375
09:55:01.945,24.6654375,24.5126234375
09:55:02.047,24.3145984375,24.144603125
09:55:02.148,24.3145984375,24.144603125
09:55:02.248,24.3145984375,23.79195625
09:55:02.347,23.967375,23.79195625
09:55:02.449,23.967375,23.79195625
09:55:02.549,23.637334375,23.4573921875
09:55:02.650,23.637334375,23.4573921875
09:55:02.751,23.637334375,23.13910625
09:55:02.852,23.321759375,23.13910625
09:55:02.953,23.321759375,23.13910625
09:55:03.053,23.02155625,22.8343828125
09:55:03.154,23.02155625,22.8343828125
09:55:03.255,23.02155625,22.5414140625
09:55:03.355,22.7322046875,22.5414140625
09:55:03.456,22.7322046875,22.2602
09:55:03.557,22.453703125,22.2602
09:55:03.657,22.453703125,22.2602
09:55:03.757,22.453703125,21.988028125
09:55:03.857,22.1824359375,21.988028125
09:55:03.957,22.1824359375,21.7248984375
09:55:04.059,21.921115625,21.7248984375
09:55:04.159,21.921115625,21.7248984375
09:55:04.260,21.6688375,21.469003125
09:55:04.361,21.6688375,21.469003125
09:55:04.462,21.6688375,21.2212453125
09:55:04.563,21.4228875,21.2212453125
09:55:04.662,21.4228875,21.2212453125
09:55:04.763,21.1850765625,20.9825296875
09:55:04.865,21.1850765625,20.9825296875
09:55:04.966,21.1850765625,20.7510484375
09:55:05.067,20.955403125,20.7510484375
09:55:05.167,20.955403125,20.7510484375
09:55:05.268,20.729346875,20.5240890625
09:55:05.368,20.729346875,20.5240890625
09:55:05.469,20.729346875,20.3043625
09:55:05.570,20.512334375,20.3043625
09:55:05.671,20.512334375,20.3043625
09:55:05.772,20.3007453125,20.09186875
09:55:05.873,20.3007453125,20.09186875
09:55:05.973,20.3007453125,19.8820890625
09:55:06.074,20.093678125,19.8820890625
09:55:06.175,20.093678125,19.680446875
09:55:06.274,19.8920359375,19.680446875
09:55:06.376,19.8920359375,19.680446875
09:55:06.475,19.8920359375,19.482421875
09:55:06.576,19.6967234375,19.482421875
09:55:06.677,19.6967234375,19.2907265625
09:55:06.779,19.50864375,19.2907265625
09:55:06.881,19.50864375,19.2907265625
09:55:06.981,18.2788984375,19.0899890625
09:55:07.082,18.2788984375,19.0899890625
09:55:07.183,18.2788984375,7.06199375
09:55:07.283,5.61975625,7.06199375
09:55:07.383,5.61975625,7.06199375
09:55:07.484,2.8763375,2.9667609375
09:55:07.586,2.8763375,2.9667609375
09:55:07.687,2.8763375,1.7614296875
09:55:07.788,1.8545640625,1.7614296875
09:55:07.888,1.8545640625,1.7614296875
09:55:07.988,1.1745875,0.994646875000001
09:55:08.090,1.1745875,0.994646875000001
09:55:08.190,1.1745875,0.5108875
09:55:08.290,0.7441765625,0.5108875
09:55:08.392,0.7441765625,0.5108875
09:55:08.492,0.4973234375,0.2197265625
09:55:08.592,0.4973234375,0.2197265625
09:55:08.693,0.4973234375,0.0678171874999994
09:55:08.795,0.3770609375,0.0678171874999994
09:55:08.894,0.3770609375,0.0217015624999997
09:55:08.995,0.3535515625,0.0217015624999997
09:55:09.096,0.3535515625,0.0217015624999997
09:55:09.198,0.35445625,0.0253187500000002
09:55:09.299,0.35445625,0.0253187500000002
09:55:09.399,0.35445625,0.0235093749999998
09:55:09.500,0.3535515625,0.0235093749999998
09:55:09.602,0.3535515625,0.0235093749999998
09:55:09.704,0.3535515625,0.0253187500000002
09:55:09.805,0.3535515625,0.0253187500000002
09:55:09.905,0.3535515625,0.0244140625
09:55:10.007,0.3535515625,0.0244140625
09:55:10.109,0.3535515625,0.0244140625
09:55:10.210,0.3535515625,0.0253187500000002
09:55:10.310,0.3535515625,0.0253187500000002
09:55:10.411,0.3535515625,0.0244140625
09:55:10.511,0.3535515625,0.0244140625
09:55:10.613,0.3535515625,0.0244140625
09:55:10.714,0.3535515625,0.0253187500000002
09:55:10.815,0.3535515625,0.0253187500000002
09:55:10.915,0.3535515625,0.0253187500000002
09:55:11.016,0.3535515625,0.0253187500000002
09:55:11.116,0.3535515625,0.0244140625
09:55:11.216,0.3535515625,0.0244140625
09:55:11.317,0.3535515625,0.0244140625
09:55:11.418,0.352646875,0.0235093749999998
09:55:11.517,0.352646875,0.0235093749999998
09:55:11.619,0.352646875,0.0244140625
09:55:11.719,0.3535515625,0.0244140625
09:55:11.819,0.3535515625,0.0244140625
09:55:11.920,0.3535515625,0.0244140625
09:55:12.021,0.3535515625,0.0244140625
09:55:12.122,0.3535515625,0.0244140625
09:55:12.224,0.352646875,0.0244140625
09:55:12.324,0.352646875,0.0244140625
09:55:12.425,0.3535515625,0.0244140625
09:55:12.527,0.3535515625,0.0244140625
09:55:12.628,0.3535515625,0.0235093749999998
09:55:12.729,0.352646875,0.0235093749999998
09:55:12.831,0.352646875,0.0235093749999998
09:55:12.931,0.352646875,0.0244140625
09:55:13.032,0.352646875,0.0244140625
09:55:13.132,0.352646875,0.0244140625
09:55:13.232,0.352646875,0.0244140625
09:55:13.333,0.352646875,0.0244140625
09:55:13.434,0.352646875,0.0244140625
09:55:13.534,0.352646875,0.0244140625
09:55:13.636,0.352646875,0.0244140625
09:55:13.738,0.352646875,0.0244140625
09:55:13.839,0.352646875,0.0235093749999998
09:55:13.940,0.3508390625,0.0235093749999998
09:55:14.040,0.3508390625,0.0235093749999998
09:55:14.140,0.3508390625,0.0217015624999997
09:55:14.242,0.3508390625,0.0217015624999997
09:55:14.343,0.3508390625,0.0244140625
09:55:14.443,0.3508390625,0.0244140625
09:55:14.544,0.3508390625,0.0244140625
09:55:14.644,0.3454140625,0.0180843750000007
09:55:14.744,0.3454140625,0.0180843750000007
09:55:14.845,0.3454140625,0.0217015624999997
09:55:14.946,0.3508390625,0.0217015624999997
09:55:15.046,0.3508390625,0.0217015624999997
09:55:15.146,0.347221875000001,0.0198921874999994
09:55:15.247,0.347221875000001,0.0198921874999994
09:55:15.348,0.347221875000001,0.0189890624999994
09:55:15.449,0.347221875000001,0.0189890624999994
09:55:15.549,0.347221875000001,0.0189890624999994
09:55:15.651,0.347221875000001,0.0198921874999994
09:55:15.751,0.347221875000001,0.0198921874999994
09:55:15.852,0.347221875000001,0.0189890624999994
09:55:15.954,0.347221875000001,0.0189890624999994
09:55:16.056,0.347221875000001,0.0198921874999994
09:55:16.157,0.347221875000001,0.0198921874999994
09:55:16.258,0.347221875000001,0.0198921874999994
09:55:16.359,0.347221875000001,0.0189890624999994
09:55:16.459,0.347221875000001,0.0189890624999994
09:55:16.559,0.347221875000001,0.0198921874999994
09:55:16.659,0.347221875000001,0.0198921874999994
09:55:16.760,0.347221875000001,0.0198921874999994
09:55:16.863,0.347221875000001,0.0198921874999994
09:55:16.965,0.347221875000001,0.0198921874999994
09:55:17.065,0.347221875000001,0.0198921874999994
09:55:17.165,0.347221875000001,0.0198921874999994
09:55:17.266,0.347221875000001,0.0198921874999994
09:55:17.367,0.347221875000001,0.0198921874999994
09:55:17.468,0.347221875000001,0.0198921874999994
09:55:17.568,0.347221875000001,0.0198921874999994
09:55:17.668,0.347221875000001,0.0198921874999994
09:55:17.769,0.347221875000001,0.0198921874999994
09:55:17.870,0.34903125,0.0198921874999994
09:55:17.971,0.34903125,0.0198921874999994
09:55:18.072,0.34903125,0.0198921874999994
09:55:18.171,0.348126562499999,0.0198921874999994
09:55:18.271,0.348126562499999,0.0207968749999995
09:55:18.372,0.348126562499999,0.0207968749999995
09:55:18.475,0.348126562499999,0.0207968749999995
09:55:18.575,0.348126562499999,0.0217015624999997
09:55:18.675,0.348126562499999,0.0217015624999997
09:55:18.776,0.348126562499999,0.0198921874999994
09:55:18.878,0.347221875000001,0.0198921874999994
09:55:18.978,0.347221875000001,0.0198921874999994
09:55:19.079,0.347221875000001,0.0207968749999995
09:55:19.180,0.347221875000001,0.0207968749999995
09:55:19.282,0.347221875000001,0.0207968749999995
09:55:19.383,0.34903125,0.0207968749999995
09:55:19.484,0.34903125,0.0207968749999995
09:55:19.584,0.34903125,0.0207968749999995
09:55:19.685,0.34903125,0.0207968749999995
09:55:19.786,0.34903125,0.0217015624999997
09:55:19.887,0.34903125,0.0217015624999997
09:55:19.988,0.34903125,0.0217015624999997
09:55:20.089,0.34903125,0.0217015624999997
09:55:20.189,0.34903125,0.0217015624999997
09:55:20.289,0.34903125,0.0217015624999997
09:55:20.392,0.34903125,0.0217015624999997
09:55:20.493,0.34903125,0.0217015624999997
09:55:20.594,0.34903125,0.0217015624999997
09:55:20.695,0.34903125,0.0217015624999997
09:55:20.794,0.34903125,0.0217015624999997
09:55:20.895,0.34903125,0.0217015624999997
09:55:20.996,0.34903125,0.0217015624999997
09:55:21.098,0.34903125,0.0217015624999997
09:55:21.200,0.34903125,0.0217015624999997
09:55:21.300,0.34903125,0.0217015624999997
09:55:21.401,0.34903125,0.0217015624999997
09:55:21.502,0.34903125,0.0217015624999997
09:55:21.602,0.349934374999999,0.0217015624999997
09:55:21.706,0.349934374999999,0.0217015624999997
09:55:21.807,0.3508390625,0.0235093749999998
09:55:21.907,0.3508390625,0.0235093749999998
09:55:22.008,0.3508390625,0.0280312500000005
09:55:22.110,0.35445625,0.0280312500000005
09:55:22.211,0.35445625,0.0280312500000005
09:55:22.312,0.34903125,0.0217015624999997
09:55:22.412,0.34903125,0.0217015624999997
09:55:22.514,0.34903125,0.0253187500000002
09:55:22.615,0.35174375,0.0253187500000002
09:55:22.716,0.35174375,0.0253187500000002
09:55:22.816,0.3508390625,0.0244140625
09:55:22.917,0.3508390625,0.0244140625
09:55:23.019,0.3508390625,0.0244140625
09:55:23.120,0.3508390625,0.0244140625
09:55:23.221,0.3508390625,0.0244140625
09:55:23.322,0.3508390625,0.0244140625
09:55:23.423,0.3508390625,0.0244140625
09:55:23.523,0.3508390625,0.0244140625
09:55:23.623,0.3508390625,0.0244140625
09:55:23.723,0.3508390625,0.0244140625
09:55:23.823,0.3508390625,0.0244140625
09:55:23.924,0.3508390625,0.0244140625
09:55:24.027,0.3508390625,0.0244140625
09:55:24.126,0.3508390625,0.0244140625
09:55:24.228,0.3508390625,0.0244140625
09:55:24.328,0.3508390625,0.0244140625
09:55:24.428,0.3508390625,0.0244140625
09:55:24.529,0.3508390625,0.0244140625
09:55:24.630,0.3508390625,0.0244140625
09:55:24.731,0.3508390625,0.0244140625
09:55:24.833,0.3508390625,0.0244140625
09:55:24.933,0.3508390625,0.0244140625
09:55:25.033,0.3508390625,0.0244140625
09:55:25.134,0.3508390625,0.0244140625
09:55:25.235,0.3508390625,0.0244140625
09:55:25.335,0.3508390625,0.0244140625
09:55:25.436,0.3508390625,0.0244140625
09:55:25.537,0.3508390625,0.0244140625
09:55:25.638,0.3508390625,0.0244140625
09:55:25.739,0.3508390625,0.0244140625
09:55:25.839,0.3508390625,0.0244140625
09:55:25.940,0.3508390625,0.0244140625
09:55:26.042,0.3508390625,0.0244140625
09:55:26.141,0.3508390625,0.0244140625
09:55:26.242,0.3508390625,0.0244140625
09:55:26.343,0.3508390625,0.0244140625
09:55:26.445,0.3508390625,0.0244140625
09:55:26.545,0.3508390625,0.0244140625
09:55:26.646,0.3508390625,0.0244140625
09:55:26.748,0.3508390625,0.0244140625
09:55:26.848,0.3508390625,0.0244140625
09:55:26.949,0.3508390625,0.0244140625
09:55:27.050,0.3508390625,0.0244140625
09:55:27.152,0.3508390625,0.0244140625
09:55:27.253,0.3508390625,0.0244140625
09:55:27.352,0.3508390625,0.0244140625
09:55:27.454,0.3508390625,0.0244140625
09:55:27.555,0.3508390625,0.0244140625
09:55:27.657,0.3508390625,0.0244140625
09:55:27.756,0.3508390625,0.0244140625
09:55:27.856,0.3508390625,0.0244140625
09:55:27.958,0.3508390625,0.0244140625
09:55:28.058,0.3508390625,0.0244140625
09:55:28.159,0.3508390625,0.0244140625
09:55:28.261,0.3508390625,0.0244140625
09:55:28.363,0.3508390625,0.0244140625
09:55:28.464,0.3508390625,0.0244140625
09:55:28.566,0.3508390625,0.0244140625
09:55:28.668,0.3508390625,0.0244140625
09:55:28.770,0.3508390625,0.0244140625
09:55:28.869,0.3508390625,0.0244140625
09:55:28.969,0.3508390625,0.0244140625
09:55:29.070,0.3508390625,0.0244140625
09:55:29.171,0.3508390625,0.0244140625
09:55:29.271,0.3508390625,0.0244140625
09:55:29.373,0.3508390625,0.0244140625
09:55:29.474,0.3508390625,0.0244140625
09:55:29.573,0.3508390625,0.0244140625
09:55:29.674,0.3508390625,0.0244140625
09:55:29.775,0.3508390625,0.0244140625
09:55:29.876,0.3508390625,0.0244140625
09:55:29.977,0.3508390625,0.0244140625
09:55:30.079,0.3508390625,0.0244140625
09:55:30.179,0.3508390625,0.0244140625
09:55:30.279,0.3508390625,0.0244140625
09:55:30.381,0.3508390625,0.0244140625
09:55:30.482,0.3508390625,0.0244140625
09:55:30.582,0.3508390625,0.0244140625
09:55:30.682,0.3508390625,0.0244140625
09:55:30.783,0.3508390625,0.0244140625
09:55:30.883,0.3508390625,0.0244140625
09:55:30.984,0.3508390625,0.0244140625
09:55:31.085,0.3508390625,0.0244140625
09:55:31.187,0.3508390625,0.0244140625
09:55:31.289,0.3508390625,0.0244140625
09:55:31.390,0.3508390625,0.0244140625
09:55:31.490,0.3508390625,0.0244140625
09:55:31.591,0.3508390625,0.0244140625
09:55:31.693,0.3508390625,0.0244140625
09:55:31.793,0.3508390625,0.0244140625
09:55:31.894,0.3508390625,0.0244140625
09:55:31.996,0.3508390625,0.0244140625
09:55:32.098,0.3508390625,0.0244140625
09:55:32.199,0.3508390625,0.0244140625
09:55:32.301,0.3508390625,0.0244140625
09:55:32.401,0.3508390625,0.0244140625
09:55:32.501,0.3508390625,0.0244140625
09:55:32.601,0.3508390625,0.0244140625
09:55:32.701,0.3508390625,0.0244140625
09:55:32.801,0.3508390625,0.0244140625
09:55:32.902,0.3508390625,0.0244140625
09:55:33.002,0.3508390625,0.0244140625
09:55:33.103,0.3508390625,0.0244140625
09:55:33.202,0.3508390625,0.0244140625
09:55:33.303,0.3508390625,0.0244140625
09:55:33.403,0.3508390625,0.0244140625
09:55:33.505,0.3508390625,0.0244140625
09:55:33.605,0.3508390625,0.0244140625
09:55:33.707,0.3508390625,0.0244140625
09:55:33.808,0.3508390625,0.0244140625
09:55:33.910,0.3508390625,0.0244140625
09:55:34.011,0.3508390625,0.0244140625
09:55:34.112,0.3508390625,0.0244140625
09:55:34.213,0.3508390625,0.0244140625
09:55:34.315,0.3508390625,0.0244140625
09:55:34.417,0.3508390625,0.0244140625
09:55:34.516,0.3508390625,0.0244140625
09:55:34.618,0.3508390625,0.0244140625
09:55:34.718,0.3508390625,0.0244140625
09:55:34.817,0.3508390625,0.0244140625
09:55:34.917,0.3508390625,0.0244140625
09:55:35.019,0.3508390625,0.0244140625
09:55:35.120,0.3508390625,0.0244140625
09:55:35.220,0.3508390625,0.0244140625
09:55:35.321,0.3508390625,0.0244140625
09:55:35.423,0.3508390625,0.0244140625
09:55:35.524,0.3508390625,0.0244140625
09:55:35.624,0.3508390625,0.0244140625
09:55:35.726,0.3508390625,0.0244140625
09:55:35.828,0.3508390625,0.0244140625
09:55:35.928,0.3508390625,0.0244140625
09:55:36.030,0.3508390625,0.0244140625
09:55:36.132,0.3508390625,0.0244140625
09:55:36.235,0.3508390625,0.0244140625
09:55:36.334,0.3508390625,0.0244140625
09:55:36.436,0.3508390625,0.0244140625
09:55:36.536,0.3508390625,0.0244140625
09:55:36.637,0.3508390625,0.0244140625
09:55:36.738,0.3508390625,0.0244140625
09:55:36.839,0.3508390625,0.0244140625
09:55:36.940,0.3508390625,0.0244140625
09:55:37.041,0.3508390625,0.0244140625
09:55:37.143,0.3508390625,0.0244140625
09:55:37.242,0.3508390625,0.0244140625
09:55:37.342,0.3508390625,0.0244140625
09:55:37.443,0.3508390625,0.0244140625
09:55:37.542,0.3508390625,0.0244140625
09:55:37.643,0.3508390625,0.0244140625
09:55:37.744,0.3508390625,0.0244140625
09:55:37.845,0.3508390625,0.0244140625
09:55:37.947,0.3508390625,0.0244140625
09:55:38.048,0.3508390625,0.0244140625
09:55:38.149,0.3508390625,0.0244140625
09:55:38.251,0.3508390625,0.0244140625
09:55:38.353,0.3508390625,0.0244140625
09:55:38.453,0.3508390625,0.0244140625
09:55:38.555,0.3508390625,0.0244140625
09:55:38.660,0.3508390625,0.0244140625
09:55:38.762,0.3508390625,0.0244140625
09:55:38.863,0.3508390625,0.0244140625
09:55:38.965,0.3508390625,0.0244140625
09:55:39.065,0.3508390625,0.0244140625
09:55:39.166,0.3508390625,0.0244140625
09:55:39.268,0.3508390625,0.0244140625
09:55:39.369,0.3508390625,0.0244140625
09:55:39.472,0.3508390625,0.0244140625
09:55:39.572,0.3508390625,0.0244140625
09:55:39.674,0.3508390625,0.0244140625
09:55:39.775,0.3508390625,0.0244140625
09:55:39.875,0.3508390625,0.0244140625
09:55:39.975,0.3508390625,0.0244140625
09:55:40.076,0.3508390625,0.0244140625
09:55:40.177,0.3508390625,0.0244140625
09:55:40.278,0.3508390625,0.0244140625
09:55:40.380,0.3508390625,0.0244140625
09:55:40.481,0.3508390625,0.0244140625
09:55:40.581,0.3508390625,0.0244140625
09:55:40.683,0.3508390625,0.0244140625
09:55:40.784,0.3508390625,0.0244140625
09:55:40.888,0.3508390625,0.0244140625
09:55:40.990,0.3508390625,0.0244140625
09:55:41.090,0.3508390625,0.0244140625
09:55:41.192,0.3508390625,0.0244140625
09:55:41.293,0.3508390625,0.0244140625
09:55:41.393,0.3508390625,0.0244140625
09:55:41.494,0.3508390625,0.0244140625
09:55:41.595,0.3508390625,0.0244140625
09:55:41.696,0.3508390625,0.0244140625
09:55:41.797,0.3508390625,0.0244140625
09:55:41.898,0.3508390625,0.0244140625
09:55:41.999,0.3508390625,0.0244140625
09:55:42.098,0.3508390625,0.0244140625
09:55:42.199,0.3508390625,0.0244140625
09:55:42.301,0.3508390625,0.0244140625
09:55:42.401,0.3508390625,0.0244140625
09:55:42.502,0.3508390625,0.0244140625
09:55:42.603,0.3508390625,0.0244140625
09:55:42.703,0.3508390625,0.0244140625
09:55:42.804,0.3508390625,0.0244140625
09:55:42.905,0.3508390625,0.0244140625
09:55:43.006,0.3508390625,0.0244140625
09:55:43.107,0.3508390625,0.0244140625
09:55:43.209,0.3508390625,0.0244140625
09:55:43.310,0.3508390625,0.0244140625
09:55:43.410,0.3508390625,0.0244140625
09:55:43.511,0.3508390625,0.0244140625
09:55:43.612,0.349934374999999,0.0244140625
09:55:43.713,0.349934374999999,0.0244140625
09:55:43.813,0.3508390625,0.0244140625
09:55:43.914,0.3508390625,0.0244140625
09:55:44.015,0.3508390625,0.0244140625
09:55:44.117,0.3508390625,0.0244140625
09:55:44.216,0.3508390625,0.0244140625
09:55:44.316,0.3508390625,0.0244140625
09:55:44.418,0.3508390625,0.0244140625
09:55:44.519,0.3508390625,0.0244140625
09:55:44.620,0.3508390625,0.0244140625
09:55:44.722,0.3508390625,0.0244140625
09:55:44.822,0.349934374999999,0.0244140625
09:55:44.924,0.349934374999999,0.0244140625
09:55:45.025,0.349934374999999,0.0244140625
09:55:45.126,0.3508390625,0.0244140625
09:55:45.227,0.3508390625,0.0244140625
09:55:45.328,0.3508390625,0.0244140625
09:55:45.429,0.3508390625,0.0244140625
09:55:45.530,0.3508390625,0.0244140625
09:55:45.631,0.3508390625,0.0244140625
09:55:45.732,0.3508390625,0.0244140625
09:55:45.833,0.3508390625,0.0244140625
09:55:45.934,0.3508390625,0.0244140625
09:55:46.034,0.3508390625,0.0244140625
09:55:46.135,0.3508390625,0.0244140625
09:55:46.236,0.3508390625,0.0244140625
09:55:46.338,0.3508390625,0.0244140625
09:55:46.438,0.3508390625,0.0244140625
09:55:46.539,0.349934374999999,0.0244140625
09:55:46.641,0.349934374999999,0.0244140625
09:55:46.743,0.349934374999999,0.0244140625
09:55:46.842,0.349934374999999,0.0244140625
09:55:46.942,0.349934374999999,0.0244140625
09:55:47.043,0.3508390625,0.0244140625
09:55:47.145,0.3508390625,0.0244140625
09:55:47.246,0.3508390625,0.0244140625
09:55:47.346,0.3508390625,0.0244140625
09:55:47.446,0.3508390625,0.0244140625
09:55:47.548,0.3508390625,0.0244140625
09:55:47.649,0.3508390625,0.0244140625
09:55:47.750,0.349934374999999,0.0244140625
09:55:47.851,0.349934374999999,0.0244140625
09:55:47.951,0.349934374999999,0.0244140625
09:55:48.051,0.3508390625,0.0244140625
09:55:48.153,0.3508390625,0.0244140625
09:55:48.254,0.349934374999999,0.0244140625
09:55:48.354,0.349934374999999,0.0244140625
09:55:48.455,0.349934374999999,0.0244140625
09:55:48.556,0.349934374999999,0.0244140625
09:55:48.657,0.349934374999999,0.0244140625
09:55:48.757,0.349934374999999,0.0244140625
09:55:48.857,0.349934374999999,0.0244140625
09:55:48.958,0.349934374999999,0.0244140625
09:55:49.059,0.349934374999999,0.0244140625
09:55:49.161,0.349934374999999,0.0244140625
09:55:49.262,0.3508390625,0.0244140625
09:55:49.361,0.3508390625,0.0244140625
09:55:49.461,0.3508390625,0.0244140625
09:55:49.562,0.3508390625,0.0244140625
09:55:49.661,0.3508390625,0.0244140625
09:55:49.763,0.3508390625,0.0244140625
09:55:49.864,0.3508390625,0.0244140625
09:55:49.966,0.3508390625,0.0244140625
09:55:50.066,0.349934374999999,0.0244140625
09:55:50.167,0.349934374999999,0.0244140625
09:55:50.268,0.349934374999999,0.0244140625
09:55:50.369,0.349934374999999,0.0244140625
09:55:50.469,0.349934374999999,0.0244140625
09:55:50.571,0.349934374999999,0.0244140625
09:55:50.673,0.349934374999999,0.0244140625
09:55:50.774,0.349934374999999,0.0244140625
09:55:50.875,0.349934374999999,0.0244140625
09:55:50.974,0.349934374999999,0.0244140625
09:55:51.076,0.349934374999999,0.0244140625
09:55:51.176,0.349934374999999,0.0244140625
09:55:51.277,0.349934374999999,0.0244140625
09:55:51.378,0.349934374999999,0.0244140625
09:55:51.479,0.349934374999999,0.0244140625
09:55:51.578,0.349934374999999,0.0244140625
09:55:51.678,0.349934374999999,0.0244140625
09:55:51.779,0.349934374999999,0.0244140625
09:55:51.880,0.349934374999999,0.0244140625
09:55:51.980,0.349934374999999,0.0244140625
09:55:52.080,0.349934374999999,0.0244140625
09:55:52.181,0.349934374999999,0.0244140625
09:55:52.281,0.349934374999999,0.0244140625
09:55:52.382,0.349934374999999,0.0244140625
09:55:52.482,0.349934374999999,0.0244140625
09:55:52.582,0.349934374999999,0.0244140625
09:55:52.685,0.349934374999999,0.0244140625
09:55:52.786,0.349934374999999,0.0244140625
09:55:52.886,0.349934374999999,0.0244140625
09:55:52.986,0.349934374999999,0.0244140625
09:55:53.085,0.349934374999999,0.0244140625
