time,pressure_seal,pressure_direct
09:30:29.371,0.128761875,0.0144671875000002
09:30:29.472,0.128761875,0.0144671875000002
09:30:29.572,0.128761875,0.0144671875000002
09:30:29.674,0.129485,0.0144671875000002
09:30:29.775,0.129485,0.0144671875000002
09:30:29.876,0.129846875,0.0144671875000002
09:30:29.977,0.129846875,0.0144671875000002
09:30:30.077,0.129846875,0.0144671875000002
09:30:30.178,0.129846875,0.0144671875000002
09:30:30.278,0.129846875,0.0153718750000004
09:30:30.379,0.129846875,0.0153718750000004
09:30:30.480,0.129846875,0.0153718750000004
09:30:30.581,0.129846875,0.0153718750000004
09:30:30.682,0.129846875,0.0153718750000004
09:30:30.783,0.129846875,0.0162765625000005
09:30:30.884,0.129846875,0.0162765625000005
09:30:30.985,0.129846875,0.0162765625000005
09:30:31.086,0.129485,0.0153718750000004
09:30:31.187,0.129485,0.0153718750000004
09:30:31.287,0.129485,0.0144671875000002
09:30:31.387,0.129123125,0.0144671875000002
09:30:31.489,0.129123125,0.0144671875000002
09:30:31.590,0.129485,0.0144671875000002
09:30:31.691,0.129485,0.0144671875000002
09:30:31.793,0.129485,0.0144671875000002
09:30:31.893,0.129123125,0.0144671875000002
09:30:31.993,0.129123125,0.0144671875000002
09:30:32.094,0.128761875,0.0144671875000002
09:30:32.196,0.128761875,0.0144671875000002
09:30:32.299,0.128761875,0.0144671875000002
09:30:32.399,0.128761875,0.0144671875000002
09:30:32.500,0.128761875,0.0144671875000002
09:30:32.601,0.1284,0.0144671875000002
09:30:32.702,0.1284,0.0144671875000002
09:30:32.802,0.128761875,0.0144671875000002
09:30:32.903,0.128761875,0.0144671875000002
09:30:33.005,0.128761875,0.0144671875000002
09:30:33.107,0.129123125,0.0144671875000002
09:30:33.207,0.129123125,0.0144671875000002
09:30:33.309,0.129485,0.0153718750000004
09:30:33.410,0.129485,0.0153718750000004
09:30:33.511,0.129485,0.0153718750000004
09:30:33.612,0.129846875,0.0153718750000004
09:30:33.713,0.129846875,0.0153718750000004
09:30:33.814,0.129846875,0.0153718750000004
09:30:33.915,0.129846875,0.0153718750000004
09:30:34.017,0.129846875,0.0153718750000004
09:30:34.118,0.129485,0.0153718750000004
09:30:34.218,0.129485,0.0144671875000002
09:30:34.319,0.129123125,0.0144671875000002
09:30:34.419,0.129123125,0.0144671875000002
09:30:34.520,0.129485,0.0144671875000002
09:30:34.621,0.129485,0.0144671875000002
09:30:34.721,0.129485,0.0153718750000004
09:30:34.822,0.129846875,0.0153718750000004
09:30:34.923,0.129846875,0.0153718750000004
09:30:35.024,0.129846875,0.0162765625000005
09:30:35.124,0.129846875,0.0162765625000005
09:30:35.225,0.129846875,0.0162765625000005
09:30:35.326,0.129846875,0.0162765625000005
09:30:35.426,0.129846875,0.0162765625000005
09:30:35.526,0.129846875,0.0162765625000005
09:30:35.627,0.129846875,0.0162765625000005
09:30:35.729,0.129846875,0.0153718750000004
09:30:35.830,0.129846875,0.0153718750000004
09:30:35.931,0.129846875,0.0153718750000004
09:30:36.031,0.129846875,0.0162765625000005
09:30:36.131,0.129846875,0.0162765625000005
09:30:36.232,0.129846875,0.0162765625000005
09:30:36.332,0.129846875,0.0162765625000005
09:30:36.433,0.129846875,0.0162765625000005
09:30:36.534,0.129846875,0.0162765625000005
09:30:36.635,0.129846875,0.0162765625000005
09:30:36.736,0.129846875,0.0144671875000002
09:30:36.837,0.129485,0.0144671875000002
09:30:36.937,0.129485,0.0153718750000004
09:30:37.037,0.129485,0.0153718750000004
09:30:37.140,0.129485,0.0153718750000004
09:30:37.240,0.129485,0.0144671875000002
09:30:37.341,0.129485,0.0144671875000002
09:30:37.442,0.129485,0.0144671875000002
09:30:37.543,0.128761875,0.0144671875000002
09:30:37.644,0.128761875,0.0144671875000002
09:30:37.745,0.1284,0.0144671875000002
09:30:37.845,0.1284,0.0144671875000002
09:30:37.947,0.1284,0.0144671875000002
09:30:38.047,0.1284,0.0144671875000002
09:30:38.147,0.1284,0.0144671875000002
09:30:38.247,0.1284,0.0144671875000002
09:30:38.347,0.1284,0.0144671875000002
09:30:38.448,0.1284,0.0144671875000002
09:30:38.550,0.1284,0.0144671875000002
09:30:38.651,0.1284,0.0144671875000002
09:30:38.752,0.1284,0.0144671875000002
09:30:38.852,0.1284,0.0144671875000002
09:30:38.952,0.1284,0.0144671875000002
09:30:39.053,0.1284,0.0144671875000002
09:30:39.154,0.1284,0.0144671875000002
09:30:39.255,0.1284,0.0144671875000002
09:30:39.357,0.1284,0.0144671875000002
09:30:39.458,0.1284,0.0144671875000002
09:30:39.559,0.1284,0.0144671875000002
09:30:39.660,0.1284,0.0144671875000002
09:30:39.761,0.1284,0.0144671875000002
09:30:39.860,0.1284,0.0144671875000002
09:30:39.962,0.1284,0.0144671875000002
09:30:40.063,0.1284,0.0144671875000002
09:30:40.164,0.1284,0.0144671875000002
09:30:40.264,0.1284,0.0144671875000002
09:30:40.365,0.1284,0.0144671875000002
09:30:40.467,0.1284,0.0144671875000002
09:30:40.568,0.1284,0.0144671875000002
09:30:40.668,0.1284,0.0144671875000002
09:30:40.770,0.1284,0.0144671875000002
09:30:40.871,0.1284,0.0144671875000002
09:30:40.971,0.1284,0.0144671875000002
09:30:41.074,0.1284,0.0144671875000002
09:30:41.174,0.1284,0.0144671875000002
09:30:41.275,0.1284,0.0144671875000002
09:30:41.376,0.1284,0.0144671875000002
09:30:41.478,0.1284,0.0144671875000002
09:30:41.579,0.1284,0.0144671875000002
09:30:41.681,0.1284,0.0144671875000002
09:30:41.781,0.1284,0.0144671875000002
09:30:41.883,0.1284,0.0144671875000002
09:30:41.984,0.1284,0.0144671875000002
09:30:42.086,0.1284,0.0144671875000002
09:30:42.187,0.1284,0.0144671875000002
09:30:42.286,0.1284,0.0144671875000002
09:30:42.387,0.1284,0.0144671875000002
09:30:42.488,0.1284,0.0144671875000002
09:30:42.588,0.1284,0.0144671875000002
09:30:42.689,0.1284,0.0144671875000002
09:30:42.792,0.1284,0.0144671875000002
09:30:42.893,0.1284,0.0144671875000002
09:30:42.993,0.1284,0.0144671875000002
09:30:43.094,0.1284,0.0144671875000002
09:30:43.193,0.1284,0.0144671875000002
09:30:43.294,0.1284,0.0144671875000002
09:30:43.396,0.1284,0.0144671875000002
09:30:43.497,0.1284,0.0144671875000002
09:30:43.598,0.1284,0.0144671875000002
09:30:43.699,0.1284,0.0144671875000002
09:30:43.802,0.1284,0.0144671875000002
09:30:43.903,0.1284,0.0144671875000002
09:30:44.004,0.1284,0.0144671875000002
09:30:44.104,0.1284,0.0144671875000002
09:30:44.204,0.1284,0.0144671875000002
09:30:44.304,0.1284,0.0144671875000002
09:30:44.406,0.1284,0.0144671875000002
09:30:44.506,0.1284,0.0144671875000002
09:30:44.606,0.1284,0.0144671875000002
09:30:44.708,0.1284,0.0144671875000002
09:30:44.808,0.1284,0.0144671875000002
09:30:44.909,0.1284,0.0144671875000002
09:30:45.011,0.1284,0.0144671875000002
09:30:45.111,0.1284,0.0144671875000002
09:30:45.211,0.1284,0.0144671875000002
09:30:45.311,0.1284,0.0144671875000002
09:30:45.412,0.1284,0.0144671875000002
09:30:45.513,0.1284,0.0144671875000002
09:30:45.614,0.1284,0.0144671875000002
09:30:45.715,0.128761875,0.0144671875000002
09:30:45.815,0.128761875,0.0144671875000002
09:30:45.914,0.1284,0.0144671875000002
09:30:46.016,0.1284,0.0144671875000002
09:30:46.115,0.1284,0.0144671875000002
09:30:46.217,0.1284,0.0144671875000002
09:30:46.318,0.1284,0.0144671875000002
09:30:46.420,0.128761875,0.0144671875000002
09:30:46.522,0.128761875,0.0144671875000002
09:30:46.624,0.1284,0.0144671875000002
09:30:46.725,0.1284,0.0144671875000002
09:30:46.826,0.1284,0.0144671875000002
09:30:46.926,0.1284,0.0144671875000002
09:30:47.026,0.1284,0.0144671875000002
09:30:47.126,0.1284,0.0144671875000002
09:30:47.228,0.1284,0.0144671875000002
09:30:47.328,0.1284,0.0144671875000002
09:30:47.429,0.1284,0.0144671875000002
09:30:47.530,0.1284,0.0144671875000002
09:30:47.631,0.1284,0.0144671875000002
09:30:47.733,0.1284,0.0144671875000002
09:30:47.833,0.1284,0.0144671875000002
09:30:47.934,0.128761875,0.0144671875000002
09:30:48.035,0.128761875,0.0144671875000002
09:30:48.136,0.1284,0.0144671875000002
09:30:48.236,0.1284,0.0144671875000002
09:30:48.338,0.1284,0.0144671875000002
09:30:48.440,0.128761875,0.0144671875000002
09:30:48.541,0.128761875,0.0144671875000002
09:30:48.642,0.128761875,0.0144671875000002
09:30:48.743,0.128761875,0.0144671875000002
09:30:48.844,0.128761875,0.0144671875000002
09:30:48.944,0.1284,0.0144671875000002
09:30:49.046,0.1284,0.0144671875000002
09:30:49.148,0.129123125,0.0144671875000002
09:30:49.248,0.129123125,0.0144671875000002
09:30:49.350,0.129123125,0.0144671875000002
09:30:49.450,0.129123125,0.0144671875000002
09:30:49.552,0.129123125,0.0144671875000002
09:30:49.653,0.128761875,0.0144671875000002
09:30:49.754,0.128761875,0.0144671875000002
09:30:49.853,0.128761875,0.0144671875000002
09:30:49.954,0.128761875,0.0144671875000002
09:30:50.054,0.128761875,0.0144671875000002
09:30:50.156,0.129123125,0.0144671875000002
09:30:50.258,0.129123125,0.0144671875000002
09:30:50.359,0.1284,0.0144671875000002
09:30:50.461,0.1284,0.0144671875000002
09:30:50.564,0.1284,0.0144671875000002
09:30:50.664,0.1284,0.0144671875000002
09:30:50.766,0.1284,0.0144671875000002
09:30:50.868,0.1284,0.0144671875000002
09:30:50.969,0.1284,0.0144671875000002
09:30:51.072,0.1284,0.0144671875000002
09:30:51.172,0.1284,0.0144671875000002
09:30:51.273,0.1284,0.0144671875000002
09:30:51.373,0.1284,0.0144671875000002
09:30:51.474,0.1284,0.0144671875000002
09:30:51.576,0.1284,0.0144671875000002
09:30:51.677,0.1284,0.0144671875000002
09:30:51.778,0.1284,0.0144671875000002
09:30:51.878,0.1284,0.0144671875000002
09:30:51.978,0.1284,0.0144671875000002
09:30:52.078,0.1284,0.0144671875000002
09:30:52.179,0.1284,0.0144671875000002
09:30:52.280,0.1284,0.0144671875000002
09:30:52.381,0.1284,0.0144671875000002
09:30:52.482,0.1284,0.0144671875000002
09:30:52.583,0.1284,0.0144671875000002
09:30:52.685,0.1284,0.0144671875000002
09:30:52.786,0.1284,0.0144671875000002
09:30:52.888,0.128761875,0.0144671875000002
09:30:52.989,0.128761875,0.0144671875000002
09:30:53.089,0.128761875,0.0144671875000002
09:30:53.190,0.128761875,0.0144671875000002
09:30:53.290,0.128761875,0.0144671875000002
09:30:53.392,0.128761875,0.0144671875000002
09:30:53.494,0.128761875,0.0144671875000002
09:30:53.595,0.1284,0.0144671875000002
09:30:53.696,0.1284,0.0144671875000002
09:30:53.796,0.1284,0.0144671875000002
09:30:53.898,0.1284,0.0144671875000002
09:30:54.000,0.1284,0.0144671875000002
09:30:54.101,0.1284,0.0144671875000002
09:30:54.203,0.1284,0.0144671875000002
09:30:54.302,0.1284,0.0144671875000002
09:30:54.403,0.1284,0.0144671875000002
09:30:54.504,0.1284,0.0144671875000002
09:30:54.606,0.1284,0.0144671875000002
09:30:54.706,0.1284,0.0144671875000002
09:30:54.808,0.1284,0.0144671875000002
09:30:54.909,0.1284,0.0144671875000002
09:30:55.009,0.1284,0.0144671875000002
09:30:55.110,0.1284,0.0144671875000002
09:30:55.211,0.1284,0.0144671875000002
09:30:55.312,0.1284,0.0144671875000002
09:30:55.412,0.1284,0.0144671875000002
09:30:55.512,0.1284,0.0144671875000002
09:30:55.613,0.1284,0.0144671875000002
09:30:55.714,0.1284,0.0144671875000002
09:30:55.816,0.1284,0.0144671875000002
09:30:55.916,0.1284,0.0144671875000002
09:30:56.017,0.1284,0.0144671875000002
09:30:56.118,0.1284,0.0144671875000002
09:30:56.220,0.1284,0.0144671875000002
09:30:56.320,0.1284,0.0144671875000002
09:30:56.420,0.1284,0.0144671875000002
09:30:56.519,0.1284,0.0144671875000002
09:30:56.622,0.1284,0.0144671875000002
09:30:56.722,0.1284,0.0144671875000002
09:30:56.823,0.1284,0.0144671875000002
09:30:56.923,0.1284,0.0144671875000002
09:30:57.026,0.1284,0.0144671875000002
09:30:57.126,0.1284,0.0144671875000002
09:30:57.227,0.1284,0.0144671875000002
09:30:57.327,0.1284,0.0144671875000002
09:30:57.428,0.1284,0.0144671875000002
09:30:57.529,0.1284,0.0144671875000002
09:30:57.631,0.1284,0.0144671875000002
09:30:57.731,0.1284,0.0144671875000002
09:30:57.832,0.1284,0.0144671875000002
09:30:57.933,0.1284,0.0144671875000002
09:30:58.035,0.1284,0.0144671875000002
09:30:58.136,0.1284,0.0144671875000002
09:30:58.238,0.1284,0.0144671875000002
09:30:58.338,0.1284,0.0144671875000002
09:30:58.439,0.1284,0.0144671875000002
09:30:58.541,0.1284,0.0144671875000002
09:30:58.642,0.1284,0.0144671875000002
09:30:58.743,0.1284,0.0144671875000002
09:30:58.843,0.1284,0.0144671875000002
09:30:58.944,0.1284,0.0144671875000002
09:30:59.045,0.1284,0.0144671875000002
09:30:59.146,0.1284,0.0144671875000002
09:30:59.247,0.1284,0.0144671875000002
09:30:59.348,0.1284,0.0144671875000002
09:30:59.450,0.1284,0.0144671875000002
09:30:59.551,0.1284,0.0144671875000002
09:30:59.651,0.1284,0.0144671875000002
09:30:59.750,0.1284,0.0144671875000002
09:30:59.852,0.1284,0.0144671875000002
09:30:59.952,0.1284,0.0144671875000002
09:31:00.052,0.1284,0.0144671875000002
09:31:00.154,0.1284,0.0144671875000002
09:31:00.256,0.1284,0.0144671875000002
09:31:00.357,0.1284,0.0144671875000002
09:31:00.459,0.1284,0.0144671875000002
09:31:00.560,0.1284,0.0144671875000002
09:31:00.660,0.1284,0.0144671875000002
09:31:00.761,0.1284,0.0144671875000002
09:31:00.862,0.1284,0.0144671875000002
09:31:00.963,0.1284,0.0144671875000002
09:31:01.063,0.1284,0.0144671875000002
09:31:01.163,0.1284,0.0144671875000002
09:31:01.264,0.1284,0.0144671875000002
09:31:01.365,0.1284,0.0144671875000002
09:31:01.466,0.1284,0.0144671875000002
09:31:01.567,0.1284,0.0144671875000002
09:31:01.667,0.1284,0.0144671875000002
09:31:01.768,0.1284,0.0144671875000002
09:31:01.868,0.1284,0.0144671875000002
09:31:01.968,0.1284,0.0144671875000002
09:31:02.069,0.1284,0.0144671875000002
09:31:02.168,0.1284,0.0144671875000002
09:31:02.269,0.1284,0.0144671875000002
09:31:02.371,0.1284,0.0144671875000002
09:31:02.472,0.1284,0.0144671875000002
09:31:02.573,0.1284,0.0144671875000002
09:31:02.674,0.1284,0.0144671875000002
09:31:02.775,0.1284,0.0144671875000002
09:31:02.877,0.1284,0.0144671875000002
09:31:02.978,0.1284,0.0144671875000002
09:31:03.078,0.1284,0.0144671875000002
09:31:03.180,0.1284,0.0144671875000002
09:31:03.280,0.1284,0.0144671875000002
09:31:03.380,0.1284,0.0144671875000002
09:31:03.481,0.1284,0.0144671875000002
09:31:03.581,0.1284,0.0144671875000002
09:31:03.683,0.1284,0.0144671875000002
09:31:03.784,0.1284,0.0144671875000002
09:31:03.885,0.1284,0.0144671875000002
09:31:03.987,0.1284,0.0144671875000002
09:31:04.088,0.1284,0.0144671875000002
09:31:04.189,0.1284,0.0144671875000002
09:31:04.290,0.1284,0.0144671875000002
09:31:04.391,0.1284,0.0144671875000002
09:31:04.491,0.1284,0.0144671875000002
09:31:04.592,0.1284,0.0144671875000002
09:31:04.693,0.1284,0.0144671875000002
09:31:04.795,0.1284,0.0144671875000002
09:31:04.895,0.1284,0.0144671875000002
09:31:04.996,0.1284,0.0144671875000002
09:31:05.099,0.1284,0.0144671875000002
09:31:05.199,0.1284,0.0144671875000002
09:31:05.299,0.1284,0.0144671875000002
09:31:05.400,0.1284,0.0144671875000002
09:31:05.500,0.1284,0.0144671875000002
09:31:05.601,0.1284,0.0144671875000002
09:31:05.701,0.1284,0.0144671875000002
09:31:05.802,0.1284,0.0144671875000002
09:31:05.902,0.1284,0.0144671875000002
09:31:06.002,0.1284,0.0144671875000002
09:31:06.102,0.1284,0.0144671875000002
09:31:06.203,0.1284,0.0144671875000002
09:31:06.305,0.1284,0.0144671875000002
09:31:06.406,0.1284,0.0144671875000002
09:31:06.506,0.1284,0.0144671875000002
09:31:06.607,0.1284,0.0144671875000002
09:31:06.708,0.1284,0.0144671875000002
09:31:06.808,0.1284,0.0144671875000002
09:31:06.910,0.1284,0.0144671875000002
09:31:07.011,0.1284,0.0144671875000002
09:31:07.112,0.1284,0.0144671875000002
09:31:07.213,0.1284,0.0144671875000002
09:31:07.313,0.1284,0.0144671875000002
09:31:07.413,0.128038125,0.0144671875000002
09:31:07.515,0.128038125,0.0144671875000002
09:31:07.617,0.128038125,0.0144671875000002
09:31:07.718,0.1284,0.0144671875000002
09:31:07.819,0.1284,0.0144671875000002
09:31:07.919,0.1284,0.0144671875000002
09:31:08.019,0.1284,0.0144671875000002
09:31:08.119,0.1284,0.0144671875000002
09:31:08.219,0.1284,0.0144671875000002
09:31:08.320,0.1284,0.0144671875000002
09:31:08.420,0.1284,0.0144671875000002
09:31:08.521,0.1284,0.0144671875000002
09:31:08.622,0.1284,0.0144671875000002
09:31:08.723,0.1284,0.0144671875000002
09:31:08.823,0.1284,0.0144671875000002
09:31:08.926,0.1284,0.0144671875000002
09:31:09.028,0.1284,0.0144671875000002
09:31:09.128,0.1284,0.0144671875000002
09:31:09.228,0.1284,0.0144671875000002
09:31:09.329,0.1284,0.0144671875000002
09:31:09.428,0.1284,0.0144671875000002
09:31:09.531,0.1284,0.0144671875000002
09:31:09.631,0.1284,0.0144671875000002
09:31:09.731,0.1284,0.0144671875000002
09:31:09.832,0.1284,0.0144671875000002
09:31:09.934,0.1284,0.0144671875000002
09:31:10.034,0.1284,0.0144671875000002
09:31:10.135,0.1284,0.0144671875000002
09:31:10.235,0.1284,0.0144671875000002
09:31:10.335,0.1284,0.0144671875000002
09:31:10.438,0.1284,0.0144671875000002
09:31:10.539,0.1284,0.0144671875000002
09:31:10.639,0.1284,0.0144671875000002
09:31:10.741,0.1284,0.0144671875000002
09:31:10.842,0.1284,0.0144671875000002
09:31:10.941,0.1284,0.0144671875000002
09:31:11.043,0.1284,0.0144671875000002
09:31:11.144,0.1284,0.0144671875000002
09:31:11.244,0.1284,0.0144671875000002
09:31:11.344,0.1284,0.0144671875000002
09:31:11.448,0.1284,0.0144671875000002
09:31:11.548,0.1284,0.0144671875000002
09:31:11.650,0.1284,0.0144671875000002
09:31:11.750,0.1284,0.0144671875000002
09:31:11.850,0.1284,0.0144671875000002
09:31:11.950,0.1284,0.0144671875000002
09:31:12.051,0.1284,0.0180843750000007
09:31:12.152,0.14793125,0.0180843750000007
09:31:12.254,0.14793125,0.0180843750000007
09:31:12.355,0.159505,0.0406906250000005
09:31:12.457,0.159505,0.0406906250000005
09:31:12.558,0.159505,0.0877093750000002
09:31:12.660,0.20761,0.0877093750000002
09:31:12.760,0.20761,0.0895187500000005
09:31:12.862,0.206163125,0.0895187500000005
09:31:12.962,0.206163125,0.0895187500000005
09:31:13.064,0.2253325,0.105793749999999
09:31:13.164,0.2253325,0.105793749999999
09:31:13.264,0.2253325,0.126592187500001
09:31:13.365,0.245225625,0.126592187500001
09:31:13.465,0.245225625,0.126592187500001
09:31:13.566,0.26511875,0.151006250000001
09:31:13.666,0.26511875,0.151006250000001
09:31:13.768,0.26511875,0.164568750000001
09:31:13.868,0.281394375,0.164568750000001
09:31:13.970,0.281394375,0.164568750000001
09:31:14.071,0.28862875,0.175420312500001
09:31:14.172,0.28862875,0.175420312500001
09:31:14.274,0.28862875,0.1817484375
09:31:14.374,0.295500625,0.1817484375
09:31:14.475,0.295500625,0.1817484375
09:31:14.575,0.30418125,0.189887499999999
09:31:14.676,0.30418125,0.189887499999999
09:31:14.777,0.30418125,0.211589062500001
09:31:14.879,0.329499375,0.211589062500001
09:31:14.979,0.329499375,0.2450453125
09:31:15.080,0.3682,0.2450453125
09:31:15.182,0.3682,0.2450453125
09:31:15.282,0.3682,0.272171875
09:31:15.383,0.3815825,0.272171875
09:31:15.484,0.3815825,0.2794046875
09:31:15.584,0.39243375,0.2794046875
09:31:15.686,0.39243375,0.2794046875
09:31:15.787,0.406539375,0.2911609375
09:31:15.888,0.406539375,0.2911609375
09:31:15.989,0.406539375,0.335467187500001
09:31:16.090,0.462239375,0.335467187500001
09:31:16.191,0.462239375,0.335467187500001
09:31:16.293,0.5356625,0.408709375000001
09:31:16.393,0.5356625,0.408709375000001
09:31:16.493,0.5356625,0.4629625
09:31:16.594,0.579065625,0.4629625
09:31:16.695,0.579065625,0.4629625
09:31:16.795,0.626085,0.49913125
09:31:16.896,0.626085,0.49913125
09:31:16.997,0.626085,0.5768953125
09:31:17.098,0.699508125,0.5768953125
09:31:17.200,0.699508125,0.5768953125
09:31:17.301,0.719039375,0.6076390625
09:31:17.401,0.719039375,0.6076390625
09:31:17.503,0.719039375,0.623915625
09:31:17.605,0.73278375,0.623915625
09:31:17.707,0.73278375,0.6311484375
09:31:17.808,0.7411025,0.6311484375
09:31:17.909,0.7411025,0.6311484375
09:31:18.009,0.753761875,0.6438078125
09:31:18.111,0.753761875,0.6438078125
09:31:18.212,0.753761875,0.677264062500001
09:31:18.312,0.802228125,0.677264062500001
09:31:18.412,0.802228125,0.677264062500001
09:31:18.513,0.83767375,0.732421875
09:31:18.613,0.83767375,0.732421875
09:31:18.714,0.83767375,0.750506250000001
09:31:18.815,0.86660875,0.750506250000001
09:31:18.916,0.86660875,0.750506250000001
09:31:19.017,0.90965,0.7830578125
09:31:19.118,0.90965,0.7830578125
09:31:19.217,0.90965,0.860821874999999
09:31:19.318,0.980179375,0.860821874999999
09:31:19.417,0.980179375,0.860821874999999
09:31:19.518,1.022135625,0.908745312500001
09:31:19.618,1.022135625,0.908745312500001
09:31:19.721,1.022135625,0.958478124999999
09:31:19.821,1.082899375,0.958478124999999
09:31:19.921,1.082899375,1.064271875
09:31:20.021,1.1874275,1.064271875
09:31:20.121,1.1874275,1.064271875
09:31:20.220,1.1874275,1.1800125
09:31:20.322,1.291594375,1.1800125
09:31:20.422,1.291594375,1.209853125
09:31:20.522,1.3136575,1.209853125
09:31:20.623,1.3136575,1.209853125
09:31:20.725,1.314380625,1.2116609375
09:31:20.826,1.314380625,1.2116609375
09:31:20.929,1.314380625,1.2170859375
09:31:21.029,1.319444375,1.2170859375
09:31:21.130,1.319444375,1.2170859375
09:31:21.230,1.345124375,1.236075
09:31:21.331,1.345124375,1.236075
09:31:21.431,1.345124375,1.2577765625
09:31:21.531,1.362485625,1.2577765625
09:31:21.632,1.362485625,1.2577765625
09:31:21.733,1.397569375,1.2830953125
09:31:21.833,1.397569375,1.2830953125
09:31:21.934,1.397569375,1.33101875
09:31:22.037,1.4420575,1.33101875
09:31:22.138,1.4420575,1.33101875
09:31:22.238,1.50282125,1.387984375
09:31:22.339,1.50282125,1.387984375
09:31:22.440,1.50282125,1.418728125
09:31:22.539,1.52162875,1.418728125
09:31:22.640,1.52162875,1.4151109375
09:31:22.742,1.51620375,1.4151109375
09:31:22.843,1.51620375,1.4151109375
09:31:22.944,1.51114,1.410590625
09:31:23.045,1.51114,1.410590625
09:31:23.146,1.51114,1.4096859375
09:31:23.246,1.510055,1.4096859375
09:31:23.346,1.510055,1.4096859375
09:31:23.447,1.509331875,1.407878125
09:31:23.548,1.509331875,1.407878125
09:31:23.647,1.509331875,1.407878125
09:31:23.750,1.50824625,1.407878125
09:31:23.851,1.50824625,1.407878125
09:31:23.952,1.507885,1.40606875
09:31:24.052,1.507885,1.40606875
09:31:24.153,1.507885,1.40606875
09:31:24.255,1.5068,1.40606875
09:31:24.356,1.5068,1.40606875
09:31:24.456,1.50607625,1.40606875
09:31:24.557,1.50607625,1.40606875
09:31:24.658,1.50607625,1.40606875
09:31:24.760,1.506438125,1.40606875
09:31:24.861,1.506438125,1.40606875
09:31:24.962,1.50824625,1.40606875
09:31:25.062,1.50824625,1.40606875
09:31:25.164,1.50824625,1.544415625
09:31:25.265,1.71260125,1.544415625
09:31:25.366,1.71260125,1.717121875
09:31:25.467,1.854021875,1.717121875
09:31:25.567,1.854021875,1.717121875
09:31:25.669,1.93142375,1.831959375
09:31:25.770,1.93142375,1.831959375
09:31:25.871,1.93142375,1.868128125
09:31:25.971,1.99942125,1.868128125
09:31:26.071,1.99942125,1.868128125
09:31:26.172,2.0659725,1.971209375
09:31:26.272,2.0659725,1.971209375
09:31:26.373,2.0659725,1.9802515625
09:31:26.474,2.088396875,1.9802515625
09:31:26.574,2.088396875,1.9802515625
09:31:26.674,2.1965425,2.071578125
09:31:26.776,2.1965425,2.071578125
09:31:26.876,2.1965425,2.17104375
09:31:26.978,2.275390625,2.17104375
09:31:27.079,2.275390625,2.17104375
09:31:27.180,2.305410625,2.2035953125
09:31:27.280,2.305410625,2.2035953125
09:31:27.381,2.305410625,2.241571875
09:31:27.482,2.341218125,2.241571875
09:31:27.583,2.341218125,2.25151875
09:31:27.683,2.350621875,2.25151875
09:31:27.786,2.350621875,2.25151875
09:31:27.886,2.36328125,2.2650828125
09:31:27.987,2.36328125,2.2650828125
09:31:28.086,2.36328125,2.2804546875
09:31:28.187,2.3784725,2.2804546875
09:31:28.289,2.3784725,2.2804546875
09:31:28.390,2.45587375,2.3428453125
09:31:28.490,2.45587375,2.3428453125
09:31:28.591,2.45587375,2.4658203125
09:31:28.691,2.62550625,2.4658203125
09:31:28.792,2.62550625,2.4658203125
09:31:28.894,2.840711875,2.7379921875
09:31:28.996,2.840711875,2.7379921875
09:31:29.097,2.840711875,2.77054375
09:31:29.199,2.891348125,2.77054375
09:31:29.301,2.891348125,2.77054375
09:31:29.402,3.038194375,2.926975
09:31:29.503,3.038194375,2.926975
09:31:29.603,3.038194375,3.0002171875
09:31:29.704,3.086660625,3.0002171875
09:31:29.805,3.086660625,3.0101640625
09:31:29.906,3.10546875,3.0101640625
09:31:30.007,3.10546875,3.0101640625
09:31:30.107,3.10546875,3.0282484375
09:31:30.209,3.125,3.0282484375
09:31:30.310,3.125,3.04995
09:31:30.411,3.145254375,3.04995
09:31:30.512,3.145254375,3.04995
09:31:30.614,3.164424375,3.0689375
09:31:30.714,3.164424375,3.0689375
09:31:30.817,3.164424375,3.0906390625
09:31:30.918,3.1864875,3.0906390625
09:31:31.018,3.1864875,3.0906390625
09:31:31.119,3.2143375,3.1168625
09:31:31.220,3.2143375,3.1168625
09:31:31.321,3.2143375,3.215421875
09:31:31.422,3.33695,3.215421875
09:31:31.522,3.33695,3.215421875
09:31:31.622,3.349609375,3.2543046875
09:31:31.722,3.349609375,3.2543046875
09:31:31.824,3.349609375,3.294090625
09:31:31.923,3.391926875,3.294090625
09:31:32.025,3.391926875,3.294090625
09:31:32.126,3.41616,3.3194078125
09:31:32.226,3.41616,3.3194078125
09:31:32.327,3.41616,3.3474390625
09:31:32.428,3.44184,3.3474390625
09:31:32.528,3.44184,3.3736625
09:31:32.628,3.468605625,3.3736625
09:31:32.728,3.468605625,3.3736625
09:31:32.828,3.4979025,3.4016921875
09:31:32.927,3.4979025,3.4016921875
09:31:33.028,3.4979025,3.4297234375
09:31:33.131,3.52285875,3.4297234375
09:31:33.231,3.52285875,3.4297234375
09:31:33.332,3.51851875,3.4324359375
09:31:33.433,3.51851875,3.4324359375
09:31:33.533,3.51851875,3.41525625
09:31:33.632,3.501519375,3.41525625
09:31:33.734,3.501519375,3.41525625
09:31:33.834,3.481264375,3.394459375
09:31:33.936,3.481264375,3.394459375
09:31:34.038,3.481264375,3.3881296875
09:31:34.139,3.47475375,3.3881296875
09:31:34.239,3.47475375,3.3881296875
09:31:34.340,3.46932875,3.3827046875
09:31:34.440,3.46932875,3.3827046875
09:31:34.542,3.46932875,3.377278125
09:31:34.642,3.464265,3.377278125
09:31:34.743,3.464265,3.377278125
09:31:34.843,3.45884,3.3709484375
09:31:34.944,3.45884,3.3709484375
09:31:35.045,3.45884,3.3655234375
09:31:35.145,3.45377625,3.3655234375
09:31:35.244,3.45377625,3.361003125
09:31:35.346,3.4487125,3.361003125
09:31:35.447,3.4487125,3.361003125
09:31:35.548,3.444010625,3.35648125
09:31:35.649,3.444010625,3.35648125
09:31:35.750,3.444010625,3.35105625
09:31:35.850,3.438946875,3.35105625
09:31:35.950,3.438946875,3.35105625
09:31:36.050,3.434245,3.346534375
09:31:36.152,3.434245,3.346534375
09:31:36.253,3.434245,3.3420140625
09:31:36.354,3.428819375,3.3420140625
09:31:36.455,3.428819375,3.3420140625
09:31:36.555,3.424479375,3.3374921875
09:31:36.657,3.424479375,3.3374921875
09:31:36.758,3.424479375,3.332971875
09:31:36.860,3.4197775,3.332971875
09:31:36.961,3.4197775,3.332971875
09:31:37.061,3.41579875,3.32845
09:31:37.163,3.41579875,3.32845
09:31:37.264,3.41579875,3.3239296875
09:31:37.365,3.411096875,3.3239296875
09:31:37.465,3.411096875,3.3212171875
09:31:37.566,3.408203125,3.3212171875
09:31:37.668,3.408203125,3.3212171875
09:31:37.769,3.408203125,3.3176
09:31:37.872,3.406033125,3.3176
09:31:37.972,3.406033125,3.3221203125
09:31:38.072,3.41579875,3.3221203125
09:31:38.173,3.41579875,3.3221203125
09:31:38.275,3.438585,3.3447265625
09:31:38.375,3.438585,3.3447265625
09:31:38.477,3.438585,3.36461875
09:31:38.577,3.45884,3.36461875
09:31:38.678,3.45884,3.36461875
09:31:38.779,3.481264375,3.387225
09:31:38.881,3.481264375,3.387225
09:31:38.982,3.481264375,3.4116390625
09:31:39.084,3.506944375,3.4116390625
09:31:39.186,3.506944375,3.4116390625
09:31:39.286,3.541305,3.4432875
09:31:39.387,3.541305,3.4432875
09:31:39.488,3.541305,3.48216875
09:31:39.590,3.5781975,3.48216875
09:31:39.691,3.5781975,3.7217875
09:31:39.792,3.8671875,3.7217875
09:31:39.893,3.8671875,3.7217875
09:31:39.994,3.8671875,3.996671875
09:31:40.094,4.166305,3.996671875
09:31:40.195,4.166305,4.194696875
09:31:40.296,4.37680875,4.194696875
09:31:40.397,4.37680875,4.194696875
09:31:40.499,4.48278375,4.39453125
09:31:40.599,4.48278375,4.39453125
09:31:40.699,4.48278375,4.41985
09:31:40.800,4.502315,4.41985
09:31:40.899,4.502315,4.41985
09:31:41.000,4.53305875,4.4442640625
09:31:41.100,4.53305875,4.4442640625
09:31:41.201,4.53305875,4.479528125
09:31:41.303,4.570674375,4.479528125
09:31:41.403,4.570674375,4.479528125
09:31:41.505,4.612991875,4.5220265625
09:31:41.606,4.612991875,4.5220265625
09:31:41.708,4.612991875,4.5681421875
09:31:41.809,4.65965,4.5681421875
09:31:41.911,4.65965,4.627821875
09:31:42.012,4.78841125,4.627821875
09:31:42.113,4.78841125,4.627821875
09:31:42.214,4.90234375,4.8186125
09:31:42.315,4.90234375,4.8186125
09:31:42.416,4.90234375,4.872865625
09:31:42.517,4.96708625,4.872865625
09:31:42.616,4.96708625,4.872865625
09:31:42.718,5.020978125,4.9307359375
09:31:42.819,5.020978125,4.9307359375
09:31:42.918,5.020978125,5.051903125
09:31:43.020,5.1417825,5.051903125
09:31:43.121,5.1417825,5.051903125
09:31:43.222,5.190610625,5.1025390625
09:31:43.323,5.190610625,5.1025390625
09:31:43.425,5.190610625,5.1513671875
09:31:43.525,5.239076875,5.1513671875
09:31:43.626,5.239076875,5.1513671875
09:31:43.727,5.296585625,5.2083328125
09:31:43.828,5.296585625,5.2083328125
09:31:43.929,5.296585625,5.270725
09:31:44.030,5.356988125,5.270725
09:31:44.130,5.356988125,5.3231703125
09:31:44.230,5.40907125,5.3231703125
09:31:44.331,5.40907125,5.3231703125
09:31:44.432,5.40907125,5.3801359375
09:31:44.531,5.46368625,5.3801359375
09:31:44.633,5.46368625,5.4235390625
09:31:44.734,5.5034725,5.4235390625
09:31:44.835,5.5034725,5.4235390625
09:31:44.935,5.47272875,5.417209375
09:31:45.036,5.47272875,5.417209375
09:31:45.137,5.47272875,5.36024375
09:31:45.238,5.4083475,5.36024375
09:31:45.340,5.4083475,5.36024375
09:31:45.443,5.388455,5.319553125
09:31:45.544,5.388455,5.319553125
09:31:45.646,5.388455,5.30418125
09:31:45.745,5.372540625,5.30418125
09:31:45.846,5.372540625,5.30418125
09:31:45.947,5.358073125,5.288809375
09:31:46.049,5.358073125,5.288809375
09:31:46.150,5.358073125,5.2734375
09:31:46.250,5.34107375,5.2734375
09:31:46.352,5.34107375,5.2734375
09:31:46.453,5.325520625,5.258065625
09:31:46.554,5.325520625,5.258065625
09:31:46.655,5.325520625,5.2978515625
09:31:46.756,5.4286025,5.2978515625
09:31:46.859,5.4286025,5.50763125
09:31:46.960,5.6159575,5.50763125
09:31:47.061,5.6159575,5.50763125
09:31:47.162,5.703486875,5.6161390625
09:31:47.263,5.703486875,5.6161390625
09:31:47.364,5.703486875,5.6758171875
09:31:47.465,5.757016875,5.6758171875
09:31:47.565,5.757016875,5.6758171875
09:31:47.667,5.80078125,5.720125
09:31:47.767,5.80078125,5.720125
09:31:47.868,5.80078125,5.7779953125
09:31:47.969,5.863715,5.7779953125
09:31:48.070,5.863715,5.7779953125
09:31:48.169,5.937861875,5.8512375
09:31:48.270,5.937861875,5.8512375
09:31:48.370,5.937861875,5.9317125
09:31:48.471,6.017071875,5.9317125
09:31:48.572,6.017071875,5.9317125
09:31:48.673,6.088324375,6.003146875
09:31:48.774,6.088324375,6.003146875
09:31:48.875,6.088324375,6.08000625
09:31:48.976,6.16247125,6.08000625
09:31:49.077,6.16247125,6.1514390625
09:31:49.177,6.233000625,6.1514390625
09:31:49.278,6.233000625,6.1514390625
09:31:49.379,6.233000625,6.22196875
09:31:49.481,6.30136,6.22196875
09:31:49.582,6.30136,6.29159375
09:31:49.683,6.371889375,6.29159375
09:31:49.783,6.371889375,6.29159375
09:31:49.885,6.44712125,6.3666453125
09:31:49.985,6.44712125,6.3666453125
09:31:50.086,6.44712125,6.438078125
09:31:50.187,6.515841875,6.438078125
09:31:50.289,6.515841875,6.438078125
09:31:50.390,6.58203125,6.5040875
09:31:50.492,6.58203125,6.5040875
09:31:50.591,6.58203125,6.586371875
09:31:50.692,6.669921875,6.586371875
09:31:50.792,6.669921875,6.586371875
09:31:50.894,6.788194375,6.7093453125
09:31:50.994,6.788194375,6.7093453125
09:31:51.096,6.788194375,6.7880140625
09:31:51.197,6.8648725,6.7880140625
09:31:51.299,6.8648725,6.8757234375
09:31:51.400,6.955656875,6.8757234375
09:31:51.500,6.955656875,6.8757234375
09:31:51.602,6.955656875,6.974284375
09:31:51.703,7.05295125,6.974284375
09:31:51.803,7.05295125,7.0628984375
09:31:51.903,7.135055,7.0628984375
09:31:52.005,7.135055,7.0628984375
09:31:52.106,7.11769375,7.0936421875
09:31:52.208,7.11769375,7.0936421875
09:31:52.308,7.11769375,6.9498703125
09:31:52.410,6.98929375,6.9498703125
09:31:52.511,6.98929375,6.9498703125
09:31:52.612,6.955295,6.9064671875
09:31:52.712,6.955295,6.9064671875
09:31:52.813,6.955295,6.8712015625
09:31:52.914,6.91912625,6.8712015625
09:31:53.015,6.91912625,6.8712015625
09:31:53.116,6.88331875,6.8359375
09:31:53.217,6.88331875,6.8359375
09:31:53.317,6.88331875,6.80248125
09:31:53.418,6.850766875,6.80248125
09:31:53.518,6.850766875,6.80248125
09:31:53.619,6.818215,6.769025
09:31:53.720,6.818215,6.769025
09:31:53.821,6.818215,6.745515625
09:31:53.922,6.806640625,6.745515625
09:31:54.023,6.806640625,6.8196609375
09:31:54.124,6.903211875,6.8196609375
09:31:54.226,6.903211875,6.8196609375
09:31:54.329,7.015335625,6.9326890625
09:31:54.432,7.015335625,6.9326890625
09:31:54.533,7.015335625,7.046621875
09:31:54.633,7.128183125,7.046621875
09:31:54.733,7.128183125,7.046621875
09:31:54.835,7.226200625,7.1478953125
09:31:54.937,7.226200625,7.1478953125
09:31:55.037,7.226200625,7.2428390625
09:31:55.137,7.321325,7.2428390625
09:31:55.237,7.321325,7.2428390625
09:31:55.337,7.428746875,7.3486328125
09:31:55.438,7.428746875,7.3486328125
09:31:55.539,7.428746875,7.4616609375
09:31:55.642,7.538339375,7.4616609375
09:31:55.742,7.538339375,7.4616609375
09:31:55.843,7.643229375,7.5701671875
09:31:55.944,7.643229375,7.5701671875
09:31:56.044,7.643229375,7.67325
09:31:56.145,7.74486375,7.67325
09:31:56.244,7.74486375,7.7727140625
09:31:56.346,7.842881875,7.7727140625
09:31:56.447,7.842881875,7.7727140625
09:31:56.548,7.941623125,7.871275
09:31:56.648,7.941623125,7.871275
09:31:56.749,7.941623125,7.96350625
09:31:56.850,8.033854375,7.96350625
09:31:56.951,8.033854375,7.96350625
09:31:57.053,8.131510625,8.064778125
09:31:57.154,8.131510625,8.064778125
09:31:57.255,8.131510625,8.148871875
09:31:57.356,8.209635625,8.148871875
09:31:57.457,8.209635625,8.148871875
09:31:57.559,8.277633125,8.2194015625
09:31:57.659,8.277633125,8.2194015625
09:31:57.761,8.277633125,8.2917390625
09:31:57.861,8.348524375,8.2917390625
09:31:57.962,8.348524375,8.2917390625
09:31:58.061,8.4241175,8.36769375
09:31:58.163,8.4241175,8.36769375
09:31:58.263,8.4241175,8.44003125
09:31:58.364,8.495731875,8.44003125
09:31:58.465,8.495731875,8.50694375
09:31:58.565,8.5590275,8.50694375
09:31:58.666,8.5590275,8.50694375
09:31:58.767,8.5590275,8.5639109375
09:31:58.868,8.6082175,8.5639109375
09:31:58.969,8.6082175,8.5648140625
09:31:59.069,8.610749375,8.5648140625
09:31:59.169,8.610749375,8.5648140625
09:31:59.270,8.6317275,8.59375
09:31:59.372,8.6317275,8.59375
09:31:59.472,8.6317275,8.5856125
09:31:59.573,8.593026875,8.5856125
09:31:59.674,8.593026875,8.5856125
09:31:59.774,8.332971875,8.357746875
09:31:59.875,8.332971875,8.357746875
09:31:59.977,8.332971875,8.22573125
09:32:00.078,8.240740625,8.22573125
09:32:00.180,8.240740625,8.22573125
09:32:00.280,8.145254375,8.128075
09:32:00.381,8.145254375,8.128075
09:32:00.481,8.145254375,8.0349390625
09:32:00.581,8.054470625,8.0349390625
09:32:00.681,8.054470625,8.0349390625
09:32:00.782,8.3492475,8.279984375
09:32:00.882,8.3492475,8.279984375
09:32:00.983,8.3492475,8.6235890625
09:32:01.083,8.674406875,8.6235890625
09:32:01.185,8.674406875,8.7112984375
09:32:01.286,8.772425,8.7112984375
09:32:01.387,8.772425,8.7112984375
09:32:01.487,8.772425,8.843315625
09:32:01.588,8.90805875,8.843315625
09:32:01.690,8.90805875,8.95634375
09:32:01.790,9.0212675,8.95634375
09:32:01.891,9.0212675,8.95634375
09:32:01.991,9.127604375,9.0757015625
09:32:02.093,9.127604375,9.0757015625
09:32:02.195,9.127604375,9.1787828125
09:32:02.296,9.231409375,9.1787828125
09:32:02.396,9.231409375,9.1787828125
09:32:02.498,9.324725,9.270109375
09:32:02.598,9.324725,9.270109375
09:32:02.699,9.324725,9.359628125
09:32:02.801,9.40682875,9.359628125
09:32:02.902,9.40682875,9.359628125
09:32:03.004,9.486400625,9.4401046875
09:32:03.104,9.486400625,9.4401046875
09:32:03.204,9.486400625,9.5251015625
09:32:03.304,9.5724825,9.5251015625
09:32:03.405,9.5724825,9.6155234375
09:32:03.507,9.654948125,9.6155234375
09:32:03.608,9.654948125,9.6155234375
09:32:03.708,9.654948125,9.680628125
09:32:03.809,9.71715875,9.680628125
09:32:03.909,9.71715875,9.7384984375
09:32:04.010,9.765986875,9.7384984375
09:32:04.111,9.765986875,9.7384984375
09:32:04.211,9.76237,9.7520609375
09:32:04.312,9.76237,9.7520609375
09:32:04.414,9.76237,9.7538703125
09:32:04.515,9.781539375,9.7538703125
09:32:04.617,9.781539375,9.7538703125
09:32:04.718,9.833984375,9.79365625
09:32:04.820,9.833984375,9.79365625
09:32:04.921,9.833984375,9.8858875
09:32:05.021,9.929831875,9.8858875
09:32:05.122,9.929831875,9.8858875
09:32:05.224,9.891855,9.9265765625
09:32:05.323,9.891855,9.9265765625
09:32:05.427,9.891855,9.60648125
09:32:05.528,9.57971625,9.60648125
09:32:05.629,9.57971625,9.434678125
09:32:05.732,9.419849375,9.434678125
09:32:05.833,9.419849375,9.434678125
09:32:05.935,9.419849375,9.2890984375
09:32:06.037,9.28168375,9.2890984375
09:32:06.139,9.28168375,9.158890625
09:32:06.241,9.154730625,9.158890625
09:32:06.340,9.154730625,9.158890625
09:32:06.441,9.03392625,9.0350109375
09:32:06.542,9.03392625,9.0350109375
09:32:06.644,9.03392625,8.9156546875
09:32:06.746,8.918909375,8.9156546875
09:32:06.847,8.918909375,8.9156546875
09:32:06.949,8.808955625,8.804434375
09:32:07.050,8.808955625,8.804434375
09:32:07.151,8.808955625,8.6977359375
09:32:07.253,8.704065625,8.6977359375
09:32:07.355,8.704065625,8.6977359375
09:32:07.455,8.60423875,8.59375
09:32:07.557,8.60423875,8.59375
09:32:07.658,8.60423875,8.4951890625
09:32:07.759,8.50730625,8.4951890625
09:32:07.859,8.50730625,8.40115
09:32:07.961,8.41471375,8.40115
09:32:08.062,8.41471375,8.40115
09:32:08.163,8.325738125,8.3098234375
09:32:08.263,8.325738125,8.3098234375
09:32:08.364,8.325738125,8.2230171875
09:32:08.466,8.240740625,8.2230171875
09:32:08.566,8.240740625,8.2230171875
09:32:08.666,8.158636875,8.138925
09:32:08.769,8.158636875,8.138925
09:32:08.869,8.158636875,8.0575453125
09:32:08.971,8.079426875,8.0575453125
09:32:09.072,8.079426875,8.0575453125
09:32:09.172,8.00274875,7.9788765625
09:32:09.273,8.00274875,7.9788765625
09:32:09.374,8.00274875,7.9038265625
09:32:09.476,7.928964375,7.9038265625
09:32:09.577,7.928964375,7.9038265625
09:32:09.678,7.857349375,7.830584375
09:32:09.779,7.857349375,7.830584375
09:32:09.878,7.857349375,7.760959375
09:32:09.980,7.788266875,7.760959375
09:32:10.080,7.788266875,7.6931421875
09:32:10.180,7.721354375,7.6931421875
09:32:10.280,7.721354375,7.6931421875
09:32:10.382,7.721354375,7.6262296875
09:32:10.483,7.656611875,7.6262296875
09:32:10.584,7.656611875,7.5620296875
09:32:10.686,7.59440125,7.5620296875
09:32:10.787,7.59440125,7.5620296875
09:32:10.886,7.533275625,7.5005421875
09:32:10.987,7.533275625,7.5005421875
09:32:11.088,7.533275625,7.4390546875
09:32:11.189,7.473958125,7.4390546875
09:32:11.289,7.473958125,7.4390546875
09:32:11.389,7.416449375,7.381184375
09:32:11.489,7.416449375,7.381184375
09:32:11.588,7.416449375,7.3251234375
09:32:11.689,7.360749375,7.3251234375
09:32:11.790,7.360749375,7.3251234375
09:32:11.891,7.30649625,7.269965625
09:32:11.991,7.30649625,7.269965625
09:32:12.093,7.30649625,7.2157125
09:32:12.194,7.254774375,7.2157125
09:32:12.296,7.254774375,7.2157125
09:32:12.395,7.2030525,7.1632671875
09:32:12.497,7.2030525,7.1632671875
09:32:12.598,7.2030525,7.1126296875
09:32:12.698,7.1527775,7.1126296875
09:32:12.799,7.1527775,7.0638015625
09:32:12.899,7.104673125,7.0638015625
09:32:13.002,7.104673125,7.0638015625
09:32:13.103,7.057653125,7.0149734375
09:32:13.204,7.057653125,7.0149734375
09:32:13.304,7.057653125,6.9679546875
09:32:13.405,7.01171875,6.9679546875
09:32:13.506,7.01171875,6.9679546875
09:32:13.607,6.967230625,6.923646875
09:32:13.708,6.967230625,6.923646875
09:32:13.809,6.967230625,6.879340625
09:32:13.909,6.922743125,6.879340625
09:32:14.009,6.922743125,6.879340625
09:32:14.110,6.880425625,6.8359375
09:32:14.211,6.880425625,6.8359375
09:32:14.312,6.880425625,6.79434375
09:32:14.413,6.83883125,6.79434375
09:32:14.515,6.83883125,6.79434375
09:32:14.616,6.79796,6.7527484375
09:32:14.718,6.79796,6.7527484375
09:32:14.819,6.79796,6.7129625
09:32:14.921,6.758535625,6.7129625
09:32:15.021,6.758535625,6.6722734375
09:32:15.123,6.719111875,6.6722734375
09:32:15.222,6.719111875,6.6722734375
09:32:15.323,6.719111875,6.6342953125
09:32:15.423,6.68149625,6.6342953125
09:32:15.523,6.68149625,6.59631875
09:32:15.624,6.64460375,6.59631875
09:32:15.725,6.64460375,6.59631875
09:32:15.826,6.608073125,6.5601484375
09:32:15.927,6.608073125,6.5601484375
09:32:16.028,6.608073125,6.5239796875
09:32:16.129,6.573350625,6.5239796875
09:32:16.231,6.573350625,6.5239796875
09:32:16.330,6.538266875,6.4878109375
09:32:16.431,6.538266875,6.4878109375
09:32:16.531,6.538266875,6.45345
09:32:16.631,6.504629375,6.45345
09:32:16.730,6.504629375,6.45345
09:32:16.833,6.472439375,6.41999375
09:32:16.934,6.472439375,6.41999375
09:32:17.034,6.472439375,6.3865375
09:32:17.134,6.439525625,6.3865375
09:32:17.235,6.439525625,6.3865375
09:32:17.334,6.407696875,6.354890625
09:32:17.435,6.407696875,6.354890625
09:32:17.536,6.407696875,6.3232421875
09:32:17.638,6.376953125,6.3232421875
09:32:17.739,6.376953125,6.2924984375
09:32:17.841,6.3458475,6.2924984375
09:32:17.942,6.3458475,6.2924984375
09:32:18.042,6.315465625,6.262659375
09:32:18.142,6.315465625,6.262659375
09:32:18.244,6.315465625,6.231915625
09:32:18.345,6.286530625,6.231915625
09:32:18.446,6.286530625,6.231915625
09:32:18.547,6.25723375,6.2029796875
09:32:18.649,6.25723375,6.2029796875
09:32:18.750,6.25723375,6.173140625
09:32:18.850,6.229021875,6.173140625
09:32:18.951,6.229021875,6.173140625
09:32:19.053,6.20081,6.145109375
09:32:19.154,6.20081,6.145109375
09:32:19.255,6.20081,6.1170796875
09:32:19.357,6.174045,6.1170796875
09:32:19.457,6.174045,6.1170796875
09:32:19.557,6.146918125,6.0899515625
09:32:19.658,6.146918125,6.0899515625
09:32:19.761,6.146918125,6.064634375
09:32:19.861,6.120515,6.064634375
09:32:19.961,6.120515,6.0375078125
09:32:20.061,6.094111875,6.0375078125
09:32:20.161,6.094111875,6.0375078125
09:32:20.262,6.094111875,6.0094765625
09:32:20.364,6.06807,6.0094765625
09:32:20.464,6.06807,5.9841578125
09:32:20.565,6.042751875,5.9841578125
09:32:20.665,6.042751875,5.9841578125
09:32:20.765,6.018156875,5.95974375
09:32:20.866,6.018156875,5.95974375
09:32:20.966,6.018156875,5.934425
09:32:21.067,5.99392375,5.934425
09:32:21.166,5.99392375,5.934425
09:32:21.267,5.969690625,5.910915625
09:32:21.368,5.969690625,5.910915625
09:32:21.467,5.969690625,5.8865015625
09:32:21.567,5.94581875,5.8865015625
09:32:21.668,5.94581875,5.8865015625
09:32:21.769,5.9230325,5.8629921875
09:32:21.870,5.9230325,5.8629921875
09:32:21.969,5.9230325,5.8394828125
09:32:22.071,5.899884375,5.8394828125
09:32:22.170,5.899884375,5.8394828125
09:32:22.271,5.87782125,5.81778125
09:32:22.371,5.87782125,5.81778125
09:32:22.471,5.87782125,5.7960796875
09:32:22.571,5.85539625,5.7960796875
09:32:22.672,5.85539625,5.7960796875
09:32:22.772,5.833695,5.7734734375
09:32:22.874,5.833695,5.7734734375
09:32:22.975,5.833695,5.751771875
09:32:23.076,5.81199375,5.751771875
09:32:23.177,5.81199375,5.7300703125
09:32:23.278,5.7902925,5.7300703125
09:32:23.379,5.7902925,5.7300703125
09:32:23.480,5.769314375,5.707465625
09:32:23.582,5.769314375,5.707465625
09:32:23.682,5.769314375,5.68666875
09:32:23.783,5.74833625,5.68666875
09:32:23.885,5.74833625,5.68666875
09:32:23.986,5.72772,5.6658703125
09:32:24.087,5.72772,5.6658703125
09:32:24.188,5.72772,5.6450734375
09:32:24.289,5.707465,5.6450734375
09:32:24.390,5.707465,5.6450734375
09:32:24.492,5.6875725,5.62518125
09:32:24.593,5.6875725,5.62518125
09:32:24.693,5.6875725,5.6052875
09:32:24.795,5.66804125,5.6052875
09:32:24.895,5.66804125,5.6052875
09:32:24.996,5.648148125,5.5853953125
09:32:25.097,5.648148125,5.5853953125
09:32:25.198,5.648148125,5.5655015625
09:32:25.299,5.62897875,5.5655015625
09:32:25.400,5.62897875,5.545609375
09:32:25.501,5.60980875,5.545609375
09:32:25.601,5.60980875,5.545609375
09:32:25.703,5.60980875,5.527525
09:32:25.802,5.591363125,5.527525
09:32:25.903,5.591363125,5.5085359375
09:32:26.005,5.572916875,5.5085359375
09:32:26.105,5.572916875,5.5085359375
09:32:26.207,5.55410875,5.489546875
09:32:26.309,5.55410875,5.489546875
09:32:26.410,5.55410875,5.4714625
09:32:26.511,5.53638625,5.4714625
09:32:26.612,5.53638625,5.4714625
09:32:26.713,5.518663125,5.453378125
09:32:26.814,5.518663125,5.453378125
09:32:26.915,5.518663125,5.43529375
09:32:27.016,5.501301875,5.43529375
09:32:27.116,5.501301875,5.43529375
09:32:27.218,5.483579375,5.4181140625
09:32:27.319,5.483579375,5.4181140625
09:32:27.419,5.483579375,5.067275
09:32:27.521,4.771050625,5.067275
09:32:27.621,4.771050625,2.4631078125
09:32:27.723,1.978443125,2.4631078125
09:32:27.823,1.978443125,2.4631078125
09:32:27.924,1.978443125,0.9494359375
09:32:28.026,0.861906875,0.9494359375
09:32:28.128,0.861906875,0.390625
09:32:28.228,0.415943125,0.390625
09:32:28.328,0.415943125,0.390625
09:32:28.428,0.1963975,0.1374421875
09:32:28.530,0.1963975,0.1374421875
09:32:28.631,0.1963975,0.0343609374999998
09:32:28.732,0.1385275,0.0343609374999998
09:32:28.834,0.1385275,0.0343609374999998
09:32:28.937,0.13888875,0.0262218750000001
09:32:29.038,0.13888875,0.0262218750000001
09:32:29.138,0.13888875,0.0262218750000001
09:32:29.240,0.138165625,0.0262218750000001
09:32:29.341,0.138165625,0.0262218750000001
09:32:29.442,0.136356875,0.0244140625
09:32:29.542,0.136356875,0.0244140625
09:32:29.642,0.136356875,0.0217015624999997
09:32:29.744,0.134186875,0.0217015624999997
09:32:29.844,0.134186875,0.0207968749999995
09:32:29.944,0.13274,0.0207968749999995
09:32:30.045,0.13274,0.0207968749999995
09:32:30.145,0.13274,0.0198921874999994
09:32:30.247,0.132016875,0.0198921874999994
09:32:30.348,0.132016875,0.0189890624999994
09:32:30.449,0.131655,0.0189890624999994
09:32:30.549,0.131655,0.0189890624999994
09:32:30.651,0.130931875,0.0180843750000007
09:32:30.753,0.130931875,0.0180843750000007
09:32:30.853,0.130931875,0.0180843750000007
09:32:30.954,0.130931875,0.0180843750000007
09:32:31.056,0.130931875,0.0180843750000007
09:32:31.157,0.130931875,0.0180843750000007
09:32:31.259,0.130931875,0.0180843750000007
09:32:31.358,0.130931875,0.0180843750000007
09:32:31.460,0.130931875,0.0180843750000007
09:32:31.560,0.130931875,0.0180843750000007
09:32:31.662,0.130931875,0.0180843750000007
09:32:31.764,0.130931875,0.0180843750000007
09:32:31.865,0.130931875,0.0180843750000007
09:32:31.965,0.130208125,0.0180843750000007
09:32:32.067,0.130208125,0.0180843750000007
09:32:32.167,0.130208125,0.0180843750000007
09:32:32.268,0.130208125,0.0180843750000007
09:32:32.369,0.130208125,0.0180843750000007
09:32:32.469,0.130208125,0.0180843750000007
09:32:32.568,0.130208125,0.0180843750000007
09:32:32.669,0.130208125,0.0180843750000007
09:32:32.771,0.130208125,0.0180843750000007
09:32:32.871,0.130208125,0.0171796875000005
09:32:32.971,0.130208125,0.0171796875000005
09:32:33.072,0.130208125,0.0171796875000005
09:32:33.173,0.129485,0.0171796875000005
09:32:33.274,0.129485,0.0171796875000005
09:32:33.375,0.129485,0.0171796875000005
09:32:33.478,0.129485,0.0171796875000005
09:32:33.579,0.129485,0.0171796875000005
09:32:33.679,0.129485,0.0171796875000005
09:32:33.779,0.129485,0.0171796875000005
09:32:33.879,0.129123125,0.0171796875000005
09:32:33.979,0.129123125,0.0171796875000005
09:32:34.080,0.129123125,0.0171796875000005
09:32:34.183,0.129123125,0.0171796875000005
09:32:34.283,0.129123125,0.0171796875000005
09:32:34.383,0.129123125,0.0171796875000005
09:32:34.484,0.129123125,0.0171796875000005
09:32:34.585,0.129123125,0.0171796875000005
09:32:34.686,0.129123125,0.0171796875000005
09:32:34.787,0.129123125,0.0171796875000005
09:32:34.887,0.129123125,0.0171796875000005
09:32:34.988,0.129123125,0.0171796875000005
09:32:35.090,0.129123125,0.0171796875000005
09:32:35.190,0.129123125,0.0171796875000005
09:32:35.291,0.129123125,0.0171796875000005
09:32:35.391,0.129123125,0.0171796875000005
09:32:35.492,0.129123125,0.0171796875000005
09:32:35.594,0.129123125,0.0171796875000005
09:32:35.696,0.129123125,0.0171796875000005
09:32:35.798,0.129123125,0.0171796875000005
09:32:35.898,0.129123125,0.0171796875000005
09:32:35.999,0.129123125,0.0171796875000005
09:32:36.100,0.129123125,0.0171796875000005
09:32:36.201,0.129123125,0.0171796875000005
09:32:36.302,0.129123125,0.0171796875000005
09:32:36.404,0.129123125,0.0171796875000005
09:32:36.504,0.129123125,0.0171796875000005
09:32:36.605,0.129123125,0.0171796875000005
09:32:36.706,0.129123125,0.0171796875000005
09:32:36.805,0.129123125,0.0162765625000005
09:32:36.908,0.129123125,0.0162765625000005
09:32:37.008,0.129123125,0.0162765625000005
09:32:37.110,0.129123125,0.0162765625000005
09:32:37.212,0.129123125,0.0162765625000005
09:32:37.311,0.129123125,0.0162765625000005
09:32:37.411,0.129123125,0.0162765625000005
09:32:37.513,0.129123125,0.0171796875000005
09:32:37.615,0.129485,0.0171796875000005
09:32:37.715,0.129485,0.0171796875000005
09:32:37.816,0.129123125,0.0171796875000005
09:32:37.916,0.129123125,0.0171796875000005
09:32:38.016,0.129123125,0.0171796875000005
09:32:38.117,0.129485,0.0171796875000005
09:32:38.218,0.129485,0.0171796875000005
09:32:38.319,0.129485,0.0171796875000005
09:32:38.419,0.129485,0.0171796875000005
09:32:38.519,0.129485,0.0162765625000005
09:32:38.620,0.129123125,0.0162765625000005
09:32:38.721,0.129123125,0.0162765625000005
09:32:38.823,0.129123125,0.0171796875000005
09:32:38.924,0.129123125,0.0171796875000005
09:32:39.025,0.129123125,0.0171796875000005
09:32:39.126,0.129123125,0.0171796875000005
09:32:39.227,0.129123125,0.0171796875000005
09:32:39.328,0.129123125,0.0171796875000005
09:32:39.428,0.129123125,0.0171796875000005
09:32:39.530,0.129123125,0.0171796875000005
09:32:39.631,0.129485,0.0171796875000005
09:32:39.732,0.129485,0.0171796875000005
09:32:39.833,0.129123125,0.0171796875000005
09:32:39.933,0.129123125,0.0171796875000005
09:32:40.033,0.129123125,0.0162765625000005
09:32:40.134,0.129123125,0.0162765625000005
09:32:40.235,0.129123125,0.0162765625000005
09:32:40.335,0.129123125,0.0162765625000005
09:32:40.436,0.129123125,0.0162765625000005
09:32:40.537,0.129123125,0.0171796875000005
09:32:40.639,0.129123125,0.0171796875000005
09:32:40.739,0.129123125,0.0162765625000005
09:32:40.840,0.129123125,0.0162765625000005
09:32:40.940,0.129123125,0.0162765625000005
09:32:41.041,0.129123125,0.0171796875000005
09:32:41.142,0.129123125,0.0171796875000005
09:32:41.243,0.129123125,0.0162765625000005
09:32:41.344,0.129123125,0.0162765625000005
09:32:41.444,0.129123125,0.0162765625000005
09:32:41.545,0.129485,0.0171796875000005
09:32:41.645,0.129485,0.0171796875000005
09:32:41.746,0.129485,0.0171796875000005
09:32:41.848,0.129123125,0.0171796875000005
09:32:41.949,0.129123125,0.0171796875000005
09:32:42.050,0.129123125,0.0171796875000005
09:32:42.151,0.129123125,0.0171796875000005
09:32:42.251,0.129123125,0.0162765625000005
09:32:42.352,0.129485,0.0162765625000005
09:32:42.452,0.129485,0.0162765625000005
09:32:42.552,0.129123125,0.0162765625000005
09:32:42.653,0.129123125,0.0162765625000005
09:32:42.754,0.129123125,0.0162765625000005
09:32:42.855,0.129123125,0.0162765625000005
09:32:42.956,0.129123125,0.0162765625000005
09:32:43.057,0.129123125,0.0162765625000005
09:32:43.158,0.129123125,0.0162765625000005
09:32:43.259,0.129123125,0.0162765625000005
09:32:43.360,0.129123125,0.0162765625000005
09:32:43.461,0.129123125,0.0162765625000005
09:32:43.561,0.129123125,0.0162765625000005
09:32:43.663,0.129123125,0.0162765625000005
09:32:43.765,0.129123125,0.0162765625000005
09:32:43.866,0.129123125,0.0162765625000005
09:32:43.967,0.129123125,0.0162765625000005
09:32:44.067,0.129123125,0.0162765625000005
09:32:44.168,0.129123125,0.0162765625000005
09:32:44.270,0.129123125,0.0162765625000005
09:32:44.372,0.129123125,0.0162765625000005
09:32:44.473,0.129123125,0.0171796875000005
09:32:44.575,0.129123125,0.0171796875000005
09:32:44.676,0.129123125,0.0162765625000005
09:32:44.777,0.129123125,0.0162765625000005
09:32:44.878,0.129123125,0.0162765625000005
09:32:44.979,0.129123125,0.0162765625000005
09:32:45.080,0.129123125,0.0162765625000005
09:32:45.181,0.129123125,0.0162765625000005
09:32:45.282,0.129123125,0.0162765625000005
09:32:45.382,0.129123125,0.0162765625000005
09:32:45.483,0.129123125,0.0162765625000005
09:32:45.585,0.129123125,0.0162765625000005
09:32:45.685,0.129123125,0.0162765625000005
09:32:45.786,0.129123125,0.0162765625000005
09:32:45.887,0.129123125,0.0162765625000005
09:32:45.989,0.129123125,0.0162765625000005
09:32:46.090,0.129123125,0.0162765625000005
09:32:46.190,0.129123125,0.0162765625000005
09:32:46.290,0.129123125,0.0162765625000005
09:32:46.392,0.129123125,0.0162765625000005
09:32:46.494,0.129123125,0.0162765625000005
09:32:46.595,0.129123125,0.0162765625000005
09:32:46.697,0.129123125,0.0162765625000005
09:32:46.798,0.129123125,0.0162765625000005
09:32:46.899,0.129123125,0.0162765625000005
09:32:47.000,0.128761875,0.0162765625000005
09:32:47.101,0.128761875,0.0162765625000005
09:32:47.202,0.129123125,0.0162765625000005
09:32:47.303,0.129123125,0.0162765625000005
09:32:47.404,0.129123125,0.0162765625000005
09:32:47.506,0.129123125,0.0162765625000005
09:32:47.607,0.129123125,0.0162765625000005
09:32:47.709,0.129123125,0.0162765625000005
09:32:47.811,0.129123125,0.0162765625000005
09:32:47.913,0.129123125,0.0162765625000005
09:32:48.014,0.129123125,0.0162765625000005
09:32:48.115,0.129123125,0.0162765625000005
09:32:48.217,0.129123125,0.0171796875000005
09:32:48.318,0.129123125,0.0171796875000005
09:32:48.419,0.129123125,0.0171796875000005
09:32:48.521,0.129485,0.0171796875000005
09:32:48.623,0.129485,0.0162765625000005
09:32:48.723,0.129485,0.0162765625000005
09:32:48.823,0.129485,0.0162765625000005
09:32:48.923,0.129485,0.0171796875000005
09:32:49.024,0.129485,0.0171796875000005
09:32:49.125,0.129485,0.0171796875000005
09:32:49.225,0.129485,0.0171796875000005
09:32:49.325,0.129485,0.0171796875000005
09:32:49.426,0.129485,0.0162765625000005
09:32:49.527,0.129485,0.0162765625000005
09:32:49.629,0.129485,0.0171796875000005
09:32:49.730,0.129485,0.0171796875000005
09:32:49.832,0.129485,0.0171796875000005
09:32:49.933,0.129123125,0.0171796875000005
09:32:50.034,0.129123125,0.0171796875000005
09:32:50.135,0.129123125,0.0171796875000005
09:32:50.236,0.129485,0.0171796875000005
09:32:50.336,0.129485,0.0171796875000005
09:32:50.438,0.129485,0.0171796875000005
09:32:50.539,0.129485,0.0171796875000005
09:32:50.639,0.129485,0.0171796875000005
09:32:50.740,0.129485,0.0171796875000005
09:32:50.839,0.129485,0.0171796875000005
09:32:50.940,0.129485,0.0180843750000007
09:32:51.040,0.129485,0.0180843750000007
09:32:51.140,0.129485,0.0180843750000007
09:32:51.240,0.129846875,0.0180843750000007
09:32:51.340,0.129846875,0.0180843750000007
09:32:51.441,0.129485,0.0180843750000007
09:32:51.542,0.129485,0.0180843750000007
09:32:51.643,0.129485,0.0180843750000007
09:32:51.743,0.129485,0.0180843750000007
09:32:51.844,0.129485,0.0180843750000007
09:32:51.944,0.129846875,0.0180843750000007
09:32:52.044,0.129846875,0.0180843750000007
09:32:52.145,0.129123125,0.0171796875000005
09:32:52.246,0.129123125,0.0171796875000005
09:32:52.347,0.129123125,0.0126593750000001
09:32:52.449,0.12225125,0.0126593750000001
09:32:52.549,0.12225125,0.0126593750000001
09:32:52.650,0.106336875,0
09:32:52.751,0.106336875,0
09:32:52.852,0.106336875,-6.25
09:32:52.952,0.08318875,-6.25
09:32:53.054,0.08318875,-6.25
09:32:53.154,0.0600406250000002,-6.25
09:32:53.256,0.0600406250000002,-6.25
09:32:53.358,0.0600406250000002,-6.25
09:32:53.459,0.0311056250000002,-6.25
09:32:53.560,0.0311056250000002,-6.25
09:32:53.660,0.00180875000000025,-6.25
09:32:53.761,0.00180875000000025,-6.25
09:32:53.862,0.00180875000000025,-6.25
09:32:53.963,-2.5,-6.25
09:32:54.064,-2.5,-6.25
09:32:54.165,-2.5,-6.25
09:32:54.266,-2.5,-6.25
09:32:54.367,-2.5,-6.25
09:32:54.468,-2.5,-6.25
09:32:54.569,-2.5,-6.25
09:32:54.669,-2.5,-6.25
09:32:54.769,-2.5,-6.25
09:32:54.870,0.0748700000000002,-6.25
09:32:54.971,0.0748700000000002,-6.25
09:32:55.071,0.0748700000000002,0.00813749999999946
09:32:55.172,0.127315,0.00813749999999946
09:32:55.273,0.127315,0.00813749999999946
09:32:55.374,0.128038125,0.0162765625000005
09:32:55.474,0.128038125,0.0162765625000005
09:32:55.576,0.128038125,0.0144671875000002
09:32:55.677,0.12767625,0.0144671875000002
09:32:55.778,0.12767625,0.0144671875000002
09:32:55.880,0.128761875,0.0162765625000005
09:32:55.980,0.128761875,0.0162765625000005
09:32:56.080,0.128761875,0.0162765625000005
09:32:56.180,0.128038125,0.0162765625000005
09:32:56.281,0.128038125,0.0162765625000005
09:32:56.382,0.128761875,0.0171796875000005
09:32:56.482,0.128761875,0.0171796875000005
09:32:56.583,0.128761875,0.0171796875000005
09:32:56.684,0.128761875,0.0171796875000005
09:32:56.785,0.128761875,0.0171796875000005
09:32:56.886,0.128038125,0.0171796875000005
09:32:56.987,0.128038125,0.0171796875000005
09:32:57.087,0.128761875,0.0162765625000005
09:32:57.187,0.128761875,0.0162765625000005
09:32:57.287,0.128761875,0.0171796875000005
09:32:57.388,0.1284,0.0171796875000005
09:32:57.489,0.1284,0.0171796875000005
09:32:57.589,0.128761875,0.0171796875000005
09:32:57.689,0.128761875,0.0171796875000005
09:32:57.791,0.128761875,0.0171796875000005
09:32:57.893,0.128761875,0.0171796875000005
09:32:57.994,0.128761875,0.0171796875000005
09:32:58.095,0.1284,0.0171796875000005
09:32:58.196,0.1284,0.0171796875000005
09:32:58.297,0.1284,0.0171796875000005
09:32:58.398,0.129123125,0.0171796875000005
09:32:58.498,0.129123125,0.0171796875000005
09:32:58.598,0.129123125,0.0171796875000005
09:32:58.698,0.129123125,0.0171796875000005
09:32:58.799,0.129123125,0.0171796875000005
09:32:58.899,0.129123125,0.0171796875000005
09:32:58.999,0.129123125,0.0171796875000005
09:32:59.100,0.129123125,0.0171796875000005
09:32:59.201,0.129123125,0.0171796875000005
09:32:59.302,0.129123125,0.0171796875000005
09:32:59.403,0.129485,0.0171796875000005
09:32:59.504,0.129485,0.0171796875000005
09:32:59.604,0.129485,0.0171796875000005
09:32:59.705,0.129485,0.0171796875000005
09:32:59.805,0.129485,0.0180843750000007
09:32:59.906,0.129485,0.0180843750000007
09:33:00.006,0.129485,0.0171796875000005
09:33:00.106,0.129485,0.0171796875000005
09:33:00.206,0.129485,0.0171796875000005
09:33:00.307,0.129485,0.0180843750000007
09:33:00.407,0.129485,0.0180843750000007
09:33:00.509,0.129485,0.0180843750000007
09:33:00.609,0.129485,0.0180843750000007
09:33:00.709,0.129485,0.0180843750000007
09:33:00.809,0.129485,0.0180843750000007
09:33:00.911,0.129485,0.0180843750000007
09:33:01.011,0.129485,0.0180843750000007
09:33:01.112,0.129485,0.0180843750000007
09:33:01.212,0.129485,0.0180843750000007
09:33:01.314,0.130208125,0.0180843750000007
09:33:01.415,0.130208125,0.0180843750000007
09:33:01.517,0.130208125,0.0198921874999994
09:33:01.619,0.134186875,0.0198921874999994
09:33:01.720,0.134186875,0.0189890624999994
09:33:01.821,0.129485,0.0189890624999994
09:33:01.921,0.129485,0.0189890624999994
09:33:02.022,0.129485,0.0180843750000007
09:33:02.123,0.130931875,0.0180843750000007
09:33:02.224,0.130931875,0.0171796875000005
09:33:02.324,0.129485,0.0171796875000005
09:33:02.425,0.129485,0.0171796875000005
09:33:02.525,0.132016875,0.0189890624999994
09:33:02.626,0.132016875,0.0189890624999994
09:33:02.727,0.132016875,0.0180843750000007
09:33:02.829,0.13057,0.0180843750000007
09:33:02.930,0.13057,0.0180843750000007
09:33:03.031,0.130931875,0.0180843750000007
09:33:03.131,0.130931875,0.0180843750000007
09:33:03.232,0.130931875,0.0180843750000007
09:33:03.334,0.130931875,0.0180843750000007
09:33:03.434,0.130931875,0.0180843750000007
09:33:03.534,0.130931875,0.0189890624999994
09:33:03.635,0.130931875,0.0189890624999994
09:33:03.736,0.130931875,0.0180843750000007
09:33:03.837,0.130931875,0.0180843750000007
09:33:03.938,0.130931875,0.0180843750000007
09:33:04.038,0.130931875,0.0180843750000007
09:33:04.138,0.130931875,0.0180843750000007
09:33:04.240,0.130931875,0.0180843750000007
09:33:04.341,0.130931875,0.0180843750000007
09:33:04.441,0.130931875,0.0180843750000007
09:33:04.541,0.130931875,0.0180843750000007
09:33:04.643,0.130931875,0.0180843750000007
09:33:04.744,0.130931875,0.0180843750000007
09:33:04.845,0.130931875,0.0180843750000007
09:33:04.945,0.130931875,0.0189890624999994
09:33:05.047,0.131293125,0.0189890624999994
09:33:05.149,0.131293125,0.0189890624999994
09:33:05.250,0.131655,0.0198921874999994
09:33:05.351,0.131655,0.0198921874999994
09:33:05.451,0.131655,0.0207968749999995
09:33:05.553,0.132016875,0.0207968749999995
09:33:05.653,0.132016875,0.0207968749999995
09:33:05.755,0.131293125,0.0198921874999994
09:33:05.856,0.131293125,0.0198921874999994
09:33:05.958,0.131293125,0.0198921874999994
09:33:06.059,0.131293125,0.0198921874999994
09:33:06.159,0.131293125,0.0198921874999994
09:33:06.260,0.131293125,0.0189890624999994
09:33:06.362,0.131293125,0.0189890624999994
09:33:06.463,0.131293125,0.0180843750000007
09:33:06.564,0.130208125,0.0180843750000007
09:33:06.665,0.130208125,0.0171796875000005
09:33:06.765,0.129485,0.0171796875000005
09:33:06.866,0.129485,0.0171796875000005
09:33:06.967,0.130208125,0.0180843750000007
09:33:07.068,0.130208125,0.0180843750000007
09:33:07.169,0.130208125,0.0180843750000007
09:33:07.270,0.129846875,0.0180843750000007
09:33:07.370,0.129846875,0.0180843750000007
09:33:07.470,0.129846875,0.0180843750000007
09:33:07.572,0.129846875,0.0180843750000007
09:33:07.674,0.129846875,0.0180843750000007
09:33:07.774,0.129846875,0.0180843750000007
09:33:07.875,0.129846875,0.0180843750000007
09:33:07.976,0.129485,0.0180843750000007
09:33:08.076,0.129485,0.0180843750000007
09:33:08.178,0.129485,0.0180843750000007
09:33:08.279,0.129846875,0.0180843750000007
09:33:08.380,0.129846875,0.0180843750000007
09:33:08.481,0.129846875,0.0180843750000007
09:33:08.582,0.129846875,0.0180843750000007
09:33:08.684,0.129846875,0.0171796875000005
09:33:08.785,0.129846875,0.0171796875000005
09:33:08.887,0.129846875,0.0180843750000007
09:33:08.988,0.129485,0.0180843750000007
09:33:09.089,0.129485,0.0180843750000007
09:33:09.189,0.129485,0.0180843750000007
09:33:09.289,0.129846875,0.0180843750000007
09:33:09.389,0.129846875,0.0180843750000007
09:33:09.490,0.130208125,0.0180843750000007
09:33:09.590,0.130208125,0.0180843750000007
09:33:09.691,0.129846875,0.0180843750000007
09:33:09.791,0.129846875,0.0180843750000007
09:33:09.892,0.129846875,0.0180843750000007
09:33:09.992,0.129485,0.0180843750000007
09:33:10.092,0.129485,0.0180843750000007
09:33:10.194,0.130208125,0.0180843750000007
09:33:10.295,0.130208125,0.0180843750000007
09:33:10.396,0.130208125,0.0180843750000007
09:33:10.497,0.130208125,0.0180843750000007
09:33:10.598,0.130208125,0.0180843750000007
09:33:10.700,0.130208125,0.0180843750000007
09:33:10.801,0.130208125,0.0180843750000007
09:33:10.903,0.130208125,0.0180843750000007
09:33:11.004,0.130208125,0.0180843750000007
09:33:11.104,0.130208125,0.0180843750000007
09:33:11.204,0.130208125,0.0180843750000007
09:33:11.305,0.130208125,0.0180843750000007
09:33:11.406,0.130208125,0.0180843750000007
09:33:11.508,0.130208125,0.0180843750000007
09:33:11.608,0.130208125,0.0180843750000007
09:33:11.708,0.130208125,0.0180843750000007
09:33:11.809,0.130208125,0.0180843750000007
09:33:11.910,0.13057,0.0180843750000007
09:33:12.011,0.13057,0.0180843750000007
09:33:12.112,0.13057,0.0180843750000007
09:33:12.213,0.130208125,0.0180843750000007
09:33:12.313,0.130208125,0.0180843750000007
09:33:12.414,0.130931875,0.0180843750000007
09:33:12.514,0.130931875,0.0180843750000007
09:33:12.616,0.130931875,0.0180843750000007
09:33:12.718,0.130208125,0.0180843750000007
09:33:12.819,0.130208125,0.0180843750000007
09:33:12.921,0.130931875,0.0180843750000007
09:33:13.021,0.130931875,0.0180843750000007
09:33:13.123,0.130931875,0.0180843750000007
09:33:13.223,0.13057,0.0180843750000007
09:33:13.323,0.13057,0.0180843750000007
09:33:13.423,0.13057,0.0180843750000007
09:33:13.524,0.13057,0.0180843750000007
09:33:13.625,0.13057,0.0180843750000007
09:33:13.726,0.130931875,0.0180843750000007
09:33:13.827,0.130931875,0.0180843750000007
09:33:13.928,0.130931875,0.0180843750000007
09:33:14.028,0.130931875,0.0180843750000007
09:33:14.128,0.130931875,0.0180843750000007
09:33:14.228,0.130931875,0.0180843750000007
09:33:14.328,0.130931875,0.0180843750000007
09:33:14.429,0.130931875,0.0180843750000007
09:33:14.530,0.130931875,0.0180843750000007
09:33:14.630,0.130931875,0.0180843750000007
09:33:14.731,0.130931875,0.0180843750000007
09:33:14.833,0.130931875,0.0180843750000007
09:33:14.934,0.13057,0.0180843750000007
09:33:15.036,0.13057,0.0180843750000007
09:33:15.138,0.130931875,0.0180843750000007
09:33:15.238,0.130931875,0.0180843750000007
09:33:15.339,0.130931875,0.0180843750000007
09:33:15.440,0.130931875,0.0180843750000007
09:33:15.541,0.130931875,0.0180843750000007
09:33:15.643,0.130931875,0.0180843750000007
09:33:15.745,0.130931875,0.0180843750000007
09:33:15.846,0.130931875,0.0180843750000007
09:33:15.947,0.130931875,0.0180843750000007
09:33:16.049,0.130931875,0.0180843750000007
09:33:16.149,0.130931875,0.0180843750000007
09:33:16.251,0.130931875,0.0180843750000007
09:33:16.351,0.130931875,0.0180843750000007
09:33:16.452,0.130931875,0.0180843750000007
09:33:16.552,0.130931875,0.0180843750000007
09:33:16.653,0.130931875,0.0180843750000007
09:33:16.755,0.130931875,0.0180843750000007
09:33:16.857,0.130931875,0.0180843750000007
09:33:16.958,0.130931875,0.0180843750000007
09:33:17.059,0.130931875,0.0189890624999994
09:33:17.159,0.130931875,0.0189890624999994
09:33:17.260,0.130931875,0.0189890624999994
09:33:17.360,0.131293125,0.0180843750000007
09:33:17.460,0.131293125,0.0180843750000007
09:33:17.562,0.131293125,0.0189890624999994
09:33:17.663,0.131293125,0.0189890624999994
09:33:17.763,0.131293125,0.0189890624999994
09:33:17.864,0.13997375,0.0198921874999994
09:33:17.965,0.13997375,0.0198921874999994
09:33:18.065,0.13997375,0.1311125
09:33:18.166,0.29079875,0.1311125
09:33:18.267,0.29079875,0.1311125
09:33:18.366,0.448495625,0.3065328125
09:33:18.470,0.448495625,0.3065328125
09:33:18.571,0.448495625,0.507270312499999
09:33:18.671,0.672019375,0.507270312499999
09:33:18.771,0.672019375,0.689923437499999
09:33:18.872,0.832248125,0.689923437499999
09:33:18.973,0.832248125,0.689923437499999
09:33:19.074,0.832248125,0.932256250000001
09:33:19.175,1.11509,0.932256250000001
09:33:19.277,1.11509,1.246925
09:33:19.378,1.42795125,1.246925
09:33:19.478,1.42795125,1.246925
09:33:19.579,1.85655375,1.632125
09:33:19.680,1.85655375,1.632125
09:33:19.782,1.85655375,2.1339703125
09:33:19.883,2.355685625,2.1339703125
09:33:19.985,2.355685625,2.1339703125
09:33:20.086,2.92028375,2.69278125
09:33:20.186,2.92028375,2.69278125
09:33:20.288,2.92028375,2.98575
09:33:20.389,3.169488125,2.98575
09:33:20.489,3.169488125,2.98575
09:33:20.590,3.97497125,3.6738640625
09:33:20.691,3.97497125,3.6738640625
09:33:20.792,3.97497125,4.1332109375
09:33:20.893,4.388020625,4.1332109375
09:33:20.996,4.388020625,5.3701890625
09:33:21.097,5.512514375,5.3701890625
09:33:21.197,5.512514375,5.3701890625
09:33:21.298,5.88397,5.6911890625
09:33:21.398,5.88397,5.6911890625
09:33:21.500,5.88397,6.136971875
09:33:21.601,6.182725625,6.136971875
09:33:21.703,6.182725625,6.136971875
09:33:21.804,6.472800625,6.3340921875
09:33:21.905,6.472800625,6.3340921875
09:33:22.007,6.472800625,6.547490625
09:33:22.107,6.589265,6.547490625
09:33:22.208,6.589265,6.547490625
09:33:22.310,6.4720775,6.4254203125
09:33:22.411,6.4720775,6.4254203125
09:33:22.512,6.4720775,6.3666453125
09:33:22.614,6.418909375,6.3666453125
09:33:22.715,6.418909375,6.3666453125
09:33:22.816,6.392144375,6.3386140625
09:33:22.918,6.392144375,6.3386140625
09:33:23.019,6.392144375,6.3123921875
09:33:23.119,6.366825625,6.3123921875
09:33:23.219,6.366825625,6.287978125
09:33:23.320,6.342230625,6.287978125
09:33:23.420,6.342230625,6.287978125
09:33:23.520,6.342230625,6.2635640625
09:33:23.622,6.3179975,6.2635640625
09:33:23.722,6.3179975,6.240053125
09:33:23.822,6.295573125,6.240053125
09:33:23.922,6.295573125,6.240053125
09:33:24.023,6.273148125,6.2174484375
09:33:24.124,6.273148125,6.2174484375
09:33:24.225,6.273148125,6.195746875
09:33:24.326,6.252531875,6.195746875
09:33:24.428,6.252531875,6.195746875
09:33:24.529,6.25723375,6.1867046875
09:33:24.630,6.25723375,6.1867046875
09:33:24.730,6.25723375,6.2536171875
09:33:24.831,6.334996875,6.2536171875
09:33:24.931,6.334996875,6.2536171875
09:33:25.032,6.414206875,6.3340921875
09:33:25.133,6.414206875,6.3340921875
09:33:25.233,6.414206875,6.4181859375
09:33:25.334,6.5020975,6.4181859375
09:33:25.436,6.5020975,6.4181859375
09:33:25.537,6.58384,6.5058953125
09:33:25.638,6.58384,6.5058953125
09:33:25.741,6.58384,6.5927015625
09:33:25.842,6.674985625,6.5927015625
09:33:25.944,6.674985625,6.6930703125
09:33:26.045,6.771556875,6.6930703125
09:33:26.147,6.771556875,6.6930703125
09:33:26.248,6.8616175,6.781684375
09:33:26.349,6.8616175,6.781684375
09:33:26.450,6.8616175,6.88024375
09:33:26.550,6.95818875,6.88024375
09:33:26.651,6.95818875,6.88024375
09:33:26.752,7.051143125,6.9733796875
09:33:26.853,7.051143125,6.9733796875
09:33:26.954,7.051143125,7.074653125
09:33:27.056,7.15241625,7.074653125
09:33:27.156,7.15241625,7.074653125
09:33:27.257,7.26381625,7.185871875
09:33:27.357,7.26381625,7.185871875
09:33:27.459,7.26381625,7.297996875
09:33:27.559,7.37883375,7.297996875
09:33:27.661,7.37883375,7.297996875
09:33:27.762,7.501085,7.4209703125
09:33:27.862,7.501085,7.4209703125
09:33:27.963,7.501085,7.5557
09:33:28.063,7.636356875,7.5557
09:33:28.164,7.636356875,7.6904296875
09:33:28.265,7.7712675,7.6904296875
09:33:28.365,7.7712675,7.6904296875
09:33:28.465,7.9007525,7.825159375
09:33:28.566,7.9007525,7.825159375
09:33:28.667,7.9007525,7.9544625
09:33:28.768,8.029875625,7.9544625
09:33:28.869,8.029875625,7.9544625
09:33:28.969,8.164785625,8.0919046875
09:33:29.069,8.164785625,8.0919046875
09:33:29.170,8.164785625,8.229346875
09:33:29.272,8.3091,8.229346875
09:33:29.373,8.3091,8.229346875
09:33:29.474,8.4497975,8.380353125
09:33:29.576,8.4497975,8.380353125
09:33:29.676,8.4497975,8.522315625
09:33:29.776,8.59158,8.522315625
09:33:29.876,8.59158,8.522315625
09:33:29.977,8.730830625,8.6624703125
09:33:30.078,8.730830625,8.6624703125
09:33:30.178,8.730830625,8.7926796875
09:33:30.278,8.85778375,8.7926796875
09:33:30.380,8.85778375,8.9256
09:33:30.481,8.988715,8.9256
09:33:30.582,8.988715,8.9256
09:33:30.682,8.988715,9.0549046875
09:33:30.783,9.114583125,9.0549046875
09:33:30.883,9.114583125,9.1787828125
09:33:30.983,9.23394125,9.1787828125
09:33:31.083,9.23394125,9.1787828125
09:33:31.185,9.350405,9.3017578125
09:33:31.287,9.350405,9.3017578125
09:33:31.387,9.350405,9.390371875
09:33:31.488,9.433231875,9.390371875
09:33:31.590,9.433231875,9.390371875
09:33:31.692,9.49725125,9.457284375
09:33:31.792,9.49725125,9.457284375
09:33:31.893,9.49725125,9.5332390625
09:33:31.994,9.569589375,9.5332390625
09:33:32.095,9.569589375,9.5332390625
09:33:32.195,9.635778125,9.6028640625
09:33:32.297,9.635778125,9.6028640625
09:33:32.398,9.635778125,9.6516921875
09:33:32.500,9.6730325,9.6516921875
09:33:32.601,9.6730325,9.5874921875
09:33:32.701,9.5659725,9.5874921875
09:33:32.802,9.5659725,9.5874921875
09:33:32.902,9.5659725,9.384946875
09:33:33.004,9.3851275,9.384946875
09:33:33.105,9.3851275,9.2782484375
09:33:33.207,9.2845775,9.2782484375
09:33:33.307,9.2845775,9.2782484375
09:33:33.407,9.21585625,9.2086234375
09:33:33.507,9.21585625,9.2086234375
09:33:33.608,9.21585625,9.13809375
09:33:33.708,9.147135625,9.13809375
09:33:33.808,9.147135625,9.13809375
09:33:33.909,9.0802225,9.069371875
09:33:34.010,9.0802225,9.069371875
09:33:34.111,9.0802225,9.002459375
09:33:34.211,9.014756875,9.002459375
09:33:34.311,9.014756875,9.002459375
09:33:34.413,8.950738125,8.9373546875
09:33:34.513,8.950738125,8.9373546875
09:33:34.614,8.950738125,8.8749640625
09:33:34.715,8.88888875,8.8749640625
09:33:34.816,8.88888875,8.8749640625
09:33:34.917,8.82704,8.8134765625
09:33:35.017,8.82704,8.8134765625
09:33:35.117,8.82704,8.75289375
09:33:35.219,8.769169375,8.75289375
09:33:35.319,8.769169375,8.69411875
09:33:35.421,8.711660625,8.69411875
09:33:35.522,8.711660625,8.69411875
09:33:35.622,8.711660625,8.6362484375
09:33:35.723,8.65559875,8.6362484375
09:33:35.823,8.65559875,8.5801859375
09:33:35.924,8.600621875,8.5801859375
09:33:36.024,8.600621875,8.5801859375
09:33:36.124,8.547091875,8.5259328125
09:33:36.224,8.547091875,8.5259328125
09:33:36.325,8.547091875,8.4716796875
09:33:36.426,8.494646875,8.4716796875
09:33:36.526,8.494646875,8.4716796875
09:33:36.628,8.443286875,8.419234375
09:33:36.729,8.443286875,8.419234375
09:33:36.830,8.443286875,8.36769375
09:33:36.931,8.39337375,8.36769375
09:33:37.032,8.39337375,8.36769375
09:33:37.132,8.344545625,8.318865625
09:33:37.232,8.344545625,8.318865625
09:33:37.332,8.344545625,8.2709421875
09:33:37.434,8.296079375,8.2709421875
09:33:37.535,8.296079375,8.2709421875
09:33:37.637,8.24942125,8.2230171875
09:33:37.739,8.24942125,8.2230171875
09:33:37.841,8.24942125,8.1759984375
09:33:37.940,8.203848125,8.1759984375
09:33:38.040,8.203848125,8.1298828125
09:33:38.140,8.158636875,8.1298828125
09:33:38.247,8.158636875,8.1298828125
09:33:38.347,8.158636875,8.0855765625
09:33:38.448,8.1148725,8.0855765625
09:33:38.549,8.1148725,8.04126875
09:33:38.648,8.071831875,8.04126875
09:33:38.749,8.071831875,8.04126875
09:33:38.850,8.0291525,7.9969625
09:33:38.949,8.0291525,7.9969625
09:33:39.051,8.0291525,7.9553671875
09:33:39.151,7.987919375,7.9553671875
09:33:39.252,7.987919375,7.9553671875
09:33:39.353,7.94704875,7.9137734375
09:33:39.454,7.94704875,7.9137734375
09:33:39.556,7.94704875,7.8739875
09:33:39.655,7.9072625,7.8739875
09:33:39.757,7.9072625,7.8739875
09:33:39.858,7.868561875,7.83510625
09:33:39.958,7.868561875,7.83510625
09:33:40.058,7.868561875,7.7962234375
09:33:40.159,7.829499375,7.7962234375
09:33:40.260,7.829499375,7.7962234375
09:33:40.361,7.792245625,7.758246875
09:33:40.461,7.792245625,7.758246875
09:33:40.562,7.792245625,7.719365625
09:33:40.662,7.75499125,7.719365625
09:33:40.763,7.75499125,7.6822921875
09:33:40.864,7.71809875,7.6822921875
09:33:40.965,7.71809875,7.6822921875
09:33:41.066,7.71809875,7.6461234375
09:33:41.167,7.68193,7.6461234375
09:33:41.268,7.68193,5.53295
09:33:41.370,4.124710625,5.53295
09:33:41.471,4.124710625,5.53295
09:33:41.573,1.6775175,1.9106265625
09:33:41.674,1.6775175,1.9106265625
09:33:41.775,1.6775175,0.837312499999999
09:33:41.876,0.75159125,0.837312499999999
09:33:41.977,0.75159125,0.837312499999999
09:33:42.078,0.335648125,0.298393750000001
09:33:42.180,0.335648125,0.298393750000001
09:33:42.281,0.335648125,0.0868062500000003
09:33:42.381,0.17361125,0.0868062500000003
09:33:42.482,0.17361125,0.0868062500000003
09:33:42.582,0.134186875,0.0253187500000002
09:33:42.683,0.134186875,0.0253187500000002
09:33:42.784,0.134186875,0.0226062499999999
09:33:42.886,0.136356875,0.0226062499999999
09:33:42.987,0.136356875,0.0244140625
09:33:43.090,0.135995625,0.0244140625
09:33:43.190,0.135995625,0.0244140625
09:33:43.291,0.135995625,0.0244140625
09:33:43.394,0.13563375,0.0244140625
09:33:43.494,0.13563375,0.0244140625
09:33:43.595,0.13671875,0.0244140625
09:33:43.697,0.13671875,0.0244140625
09:33:43.797,0.136356875,0.0244140625
09:33:43.898,0.136356875,0.0244140625
09:33:43.999,0.136356875,0.0244140625
09:33:44.101,0.136356875,0.0244140625
09:33:44.202,0.136356875,0.0244140625
09:33:44.302,0.135995625,0.0244140625
09:33:44.404,0.135995625,0.0244140625
09:33:44.504,0.135995625,0.0235093749999998
09:33:44.606,0.13491,0.0235093749999998
09:33:44.707,0.13491,0.0235093749999998
09:33:44.808,0.133825,0.0217015624999997
09:33:44.907,0.133825,0.0217015624999997
09:33:45.007,0.133825,0.0207968749999995
09:33:45.109,0.13237875,0.0207968749999995
09:33:45.210,0.13237875,0.0207968749999995
09:33:45.312,0.13237875,0.0207968749999995
09:33:45.413,0.13237875,0.0207968749999995
09:33:45.513,0.13237875,0.0207968749999995
09:33:45.613,0.131293125,0.0207968749999995
09:33:45.714,0.131293125,0.0180843750000007
09:33:45.814,0.130931875,0.0180843750000007
09:33:45.914,0.130931875,0.0180843750000007
09:33:46.015,0.13057,0.0180843750000007
09:33:46.117,0.13057,0.0180843750000007
09:33:46.217,0.13057,0.0180843750000007
09:33:46.317,0.129123125,0.0180843750000007
09:33:46.418,0.129123125,0.0180843750000007
09:33:46.519,0.128761875,0.0162765625000005
09:33:46.620,0.128761875,0.0162765625000005
09:33:46.720,0.128761875,0.0144671875000002
09:33:46.821,0.12442125,0.0144671875000002
09:33:46.922,0.12442125,0.0144671875000002
09:33:47.023,0.12767625,0.0153718750000004
09:33:47.125,0.12767625,0.0153718750000004
09:33:47.225,0.12767625,0.0144671875000002
09:33:47.327,0.12623,0.0144671875000002
09:33:47.430,0.12623,0.0144671875000002
09:33:47.530,0.123698125,0.0126593750000001
09:33:47.630,0.123698125,0.0126593750000001
09:33:47.730,0.123698125,0.0108499999999997
09:33:47.830,0.124059375,0.0108499999999997
09:33:47.931,0.124059375,0.0126593750000001
09:33:48.031,0.123698125,0.0126593750000001
09:33:48.131,0.123698125,0.0126593750000001
09:33:48.231,0.123698125,0.0108499999999997
09:33:48.334,0.122974375,0.0108499999999997
09:33:48.433,0.122974375,0.0117546874999999
09:33:48.535,0.122974375,0.0117546874999999
09:33:48.636,0.122974375,0.0117546874999999
09:33:48.737,0.122613125,0.0099468749999998
09:33:48.839,0.122613125,0.0099468749999998
09:33:48.939,0.122613125,0.0099468749999998
09:33:49.040,0.12116625,0.0099468749999998
09:33:49.140,0.12116625,0.0099468749999998
09:33:49.242,0.120804375,0.00904218749999963
09:33:49.342,0.120804375,0.00904218749999963
09:33:49.443,0.120804375,0.0099468749999998
09:33:49.544,0.1215275,0.0099468749999998
09:33:49.646,0.1215275,0.0099468749999998
09:33:49.747,0.1215275,0.0099468749999998
09:33:49.848,0.1215275,0.0099468749999998
09:33:49.949,0.1215275,0.0108499999999997
09:33:50.050,0.12225125,0.0108499999999997
09:33:50.151,0.12225125,0.0108499999999997
09:33:50.253,0.12225125,0.0099468749999998
09:33:50.354,0.12225125,0.0099468749999998
09:33:50.454,0.12225125,0.0099468749999998
09:33:50.554,0.122613125,0.0099468749999998
09:33:50.655,0.122613125,0.0099468749999998
09:33:50.755,0.122613125,0.0099468749999998
09:33:50.855,0.122613125,0.0099468749999998
09:33:50.958,0.122613125,0.0108499999999997
09:33:51.060,0.122613125,0.0108499999999997
09:33:51.160,0.122613125,0.0099468749999998
09:33:51.262,0.122974375,0.0099468749999998
09:33:51.363,0.122974375,0.0099468749999998
09:33:51.465,0.122613125,0.0108499999999997
09:33:51.566,0.122613125,0.0108499999999997
09:33:51.667,0.122613125,0.0108499999999997
09:33:51.769,0.12333625,0.0108499999999997
09:33:51.870,0.12333625,0.0108499999999997
09:33:51.972,0.122613125,0.0117546874999999
09:33:52.072,0.122613125,0.0117546874999999
09:33:52.172,0.122613125,0.0117546874999999
09:33:52.274,0.12333625,0.0117546874999999
09:33:52.375,0.12333625,0.0117546874999999
09:33:52.475,0.122974375,0.0108499999999997
09:33:52.575,0.122974375,0.0108499999999997
09:33:52.676,0.122974375,0.0117546874999999
09:33:52.778,0.12333625,0.0117546874999999
09:33:52.878,0.12333625,0.0126593750000001
09:33:52.980,0.12333625,0.0126593750000001
09:33:53.082,0.12333625,0.0126593750000001
09:33:53.183,0.124059375,0.0117546874999999
09:33:53.285,0.124059375,0.0117546874999999
09:33:53.386,0.124059375,0.0126593750000001
09:33:53.487,0.124059375,0.0126593750000001
09:33:53.587,0.124059375,0.0126593750000001
09:33:53.687,0.124059375,0.0126593750000001
09:33:53.788,0.124059375,0.0126593750000001
09:33:53.889,0.124059375,0.0126593750000001
09:33:53.989,0.124059375,0.0126593750000001
09:33:54.091,0.124059375,0.0126593750000001
09:33:54.191,0.12442125,0.0126593750000001
09:33:54.294,0.12442125,0.0126593750000001
09:33:54.395,0.12442125,0.0126593750000001
09:33:54.496,0.124783125,0.0126593750000001
09:33:54.596,0.124783125,0.0126593750000001
09:33:54.696,0.127315,0.0144671875000002
09:33:54.797,0.127315,0.0144671875000002
09:33:54.897,0.127315,0.0144671875000002
09:33:54.998,0.125868125,0.0144671875000002
09:33:55.099,0.125868125,0.0162765625000005
09:33:55.200,0.1284,0.0162765625000005
09:33:55.301,0.1284,0.0162765625000005
09:33:55.405,0.127315,0.0144671875000002
09:33:55.505,0.127315,0.0144671875000002
09:33:55.606,0.127315,0.0171796875000005
09:33:55.707,0.128038125,0.0171796875000005
09:33:55.807,0.128038125,0.0171796875000005
09:33:55.907,0.12767625,0.0162765625000005
09:33:56.007,0.12767625,0.0162765625000005
09:33:56.107,0.12767625,0.0162765625000005
09:33:56.209,0.1284,0.0162765625000005
09:33:56.311,0.1284,0.0162765625000005
09:33:56.411,0.12767625,0.0162765625000005
09:33:56.512,0.12767625,0.0162765625000005
09:33:56.614,0.12767625,0.0162765625000005
09:33:56.715,0.1284,0.0162765625000005
09:33:56.815,0.1284,0.0162765625000005
09:33:56.915,0.128038125,0.0162765625000005
09:33:57.016,0.128038125,0.0162765625000005
09:33:57.116,0.128038125,0.0171796875000005
09:33:57.217,0.1284,0.0171796875000005
09:33:57.317,0.1284,0.0162765625000005
09:33:57.418,0.1284,0.0162765625000005
09:33:57.519,0.1284,0.0162765625000005
09:33:57.619,0.1284,0.0162765625000005
09:33:57.720,0.1284,0.0162765625000005
09:33:57.820,0.1284,0.0162765625000005
09:33:57.920,0.128038125,0.0162765625000005
09:33:58.021,0.128038125,0.0162765625000005
09:33:58.122,0.1284,0.0162765625000005
09:33:58.223,0.1284,0.0162765625000005
09:33:58.323,0.1284,0.0162765625000005
09:33:58.424,0.1284,0.0162765625000005
09:33:58.525,0.1284,0.0162765625000005
09:33:58.626,0.128038125,0.0162765625000005
09:33:58.726,0.128038125,0.0162765625000005
09:33:58.827,0.128038125,0.0162765625000005
09:33:58.928,0.128038125,0.0162765625000005
09:33:59.030,0.128038125,0.0162765625000005
09:33:59.130,0.128761875,0.0162765625000005
09:33:59.230,0.128761875,0.0162765625000005
09:33:59.332,0.128761875,0.0171796875000005
09:33:59.432,0.128761875,0.0171796875000005
09:33:59.536,0.128761875,0.0171796875000005
09:33:59.637,0.129123125,0.0171796875000005
09:33:59.739,0.129123125,0.0171796875000005
09:33:59.840,0.129123125,0.0180843750000007
09:33:59.940,0.129123125,0.0180843750000007
09:34:00.041,0.129123125,0.0180843750000007
09:34:00.143,0.129485,0.0180843750000007
09:34:00.244,0.129485,0.0180843750000007
09:34:00.345,0.130208125,0.0180843750000007
09:34:00.447,0.130208125,0.0180843750000007
09:34:00.547,0.130208125,0.0714343749999999
09:34:00.648,0.206886875,0.0714343749999999
09:34:00.748,0.206886875,0.0714343749999999
09:34:00.850,0.26114,0.146484375
09:34:00.951,0.26114,0.146484375
09:34:01.051,0.26114,0.177228124999999
09:34:01.151,0.298394375,0.177228124999999
09:34:01.253,0.298394375,0.177228124999999
09:34:01.355,0.332393125,0.22334375
09:34:01.457,0.332393125,0.22334375
09:34:01.558,0.332393125,0.227864062499999
09:34:01.658,0.343605625,0.227864062499999
09:34:01.760,0.343605625,0.227864062499999
09:34:01.861,0.379774375,0.262225000000001
09:34:01.960,0.379774375,0.262225000000001
09:34:02.062,0.379774375,0.302915625
09:34:02.164,0.422091875,0.302915625
09:34:02.265,0.422091875,0.3381796875
09:34:02.366,0.444155,0.3381796875
09:34:02.467,0.444155,0.3381796875
09:34:02.569,0.444516875,0.3381796875
09:34:02.670,0.444516875,0.3381796875
09:34:02.771,0.444516875,0.3408921875
09:34:02.872,0.44921875,0.3408921875
09:34:02.972,0.44921875,0.3408921875
09:34:03.072,0.456814375,0.348126562499999
09:34:03.173,0.456814375,0.348126562499999
09:34:03.274,0.456814375,0.35716875
09:34:03.374,0.469473125,0.35716875
09:34:03.476,0.469473125,0.35716875
09:34:03.575,0.484664375,0.3761578125
09:34:03.677,0.484664375,0.3761578125
09:34:03.778,0.484664375,0.397859375
09:34:03.879,0.52228,0.397859375
09:34:03.980,0.52228,0.397859375
09:34:04.080,0.6105325,0.481951562500001
09:34:04.180,0.6105325,0.481951562500001
09:34:04.281,0.6105325,0.567853124999999
09:34:04.381,0.68684875,0.567853124999999
09:34:04.482,0.68684875,0.567853124999999
09:34:04.583,0.744719375,0.6230109375
09:34:04.685,0.744719375,0.6230109375
09:34:04.787,0.744719375,0.675456250000001
09:34:04.888,0.78631375,0.675456250000001
09:34:04.989,0.78631375,0.714337499999999
09:34:05.090,0.832248125,0.714337499999999
09:34:05.190,0.832248125,0.714337499999999
09:34:05.292,0.93243625,0.80385625
09:34:05.393,0.93243625,0.80385625
09:34:05.494,0.93243625,0.897895312499999
09:34:05.594,1.023220625,0.897895312499999
09:34:05.697,1.023220625,0.897895312499999
09:34:05.798,1.12666375,1.0109234375
09:34:05.898,1.12666375,1.0109234375
09:34:05.999,1.12666375,1.0597515625
09:34:06.099,1.163194375,1.0597515625
09:34:06.200,1.163194375,1.0597515625
09:34:06.300,1.234085625,1.112196875
09:34:06.402,1.234085625,1.112196875
09:34:06.503,1.234085625,1.2062359375
09:34:06.603,1.330295,1.2062359375
09:34:06.705,1.330295,1.2062359375
09:34:06.805,1.43193,1.312934375
09:34:06.906,1.43193,1.312934375
09:34:08.324,NaN,NaN
09:34:08.426,1.759259375,1.6285078125
09:34:08.527,1.77300375,1.6764328125
09:34:08.628,1.77300375,1.6764328125
09:34:08.729,1.77300375,1.703559375
09:34:08.831,1.808449375,1.703559375
09:34:08.931,1.808449375,1.7279734375
09:34:09.032,1.83883125,1.7279734375
09:34:09.134,1.83883125,1.7279734375
09:34:09.235,1.83883125,1.813875
09:34:09.335,1.931061875,1.813875
09:34:09.436,1.931061875,1.9413703125
09:34:09.536,2.078269375,1.9413703125
09:34:09.638,2.078269375,1.9413703125
09:34:09.738,2.129268125,2.0290796875
09:34:09.839,2.129268125,2.0290796875
09:34:09.940,2.129268125,2.0697703125
09:34:10.040,2.194371875,2.0697703125
09:34:10.142,2.194371875,2.0697703125
09:34:10.242,2.2432,2.15115
09:34:10.342,2.2432,2.15115
09:34:10.443,2.2432,2.1430125
09:34:10.543,2.235605,2.1430125
09:34:10.643,2.235605,2.1430125
09:34:10.744,2.222945625,2.1339703125
09:34:10.844,2.222945625,2.1339703125
09:34:10.944,2.222945625,2.12583125
09:34:11.046,2.218605625,2.12583125
09:34:11.146,2.218605625,2.12583125
09:34:11.247,2.216796875,2.1240234375
09:34:11.349,2.216796875,2.1240234375
09:34:11.450,2.216796875,2.122215625
09:34:11.551,2.215711875,2.122215625
09:34:11.653,2.215711875,2.1213109375
09:34:11.753,2.214626875,2.1213109375
09:34:11.852,2.214626875,2.1213109375
09:34:11.953,2.214626875,2.12040625
09:34:12.053,2.212456875,2.12040625
09:34:12.156,2.212456875,2.1185984375
09:34:12.256,2.211733125,2.1185984375
09:34:12.357,2.211733125,2.1185984375
09:34:12.458,2.212818125,2.1195015625
09:34:12.559,2.212818125,2.1195015625
09:34:12.659,2.212818125,2.1312578125
09:34:12.761,2.2287325,2.1312578125
09:34:12.861,2.2287325,2.1312578125
09:34:12.961,2.3614725,2.1601921875
09:34:13.063,2.3614725,2.1601921875
09:34:13.165,2.3614725,2.456778125
09:34:13.266,2.5434025,2.456778125
09:34:13.367,2.5434025,2.456778125
09:34:13.467,2.717375625,2.534540625
09:34:13.568,2.717375625,2.534540625
09:34:13.668,2.717375625,2.816659375
09:34:13.769,2.97055875,2.816659375
09:34:13.870,2.97055875,2.816659375
09:34:13.971,3.16695625,3.076171875
09:34:14.072,3.16695625,3.076171875
09:34:14.173,3.16695625,3.0951609375
09:34:14.272,3.1875725,3.0951609375
09:34:14.374,3.1875725,3.162978125
09:34:14.474,3.3224825,3.162978125
09:34:14.575,3.3224825,3.162978125
09:34:14.676,3.462456875,3.379990625
09:34:14.777,3.462456875,3.379990625
09:34:14.878,3.462456875,3.4007890625
09:34:14.978,3.504774375,3.4007890625
09:34:15.078,3.504774375,3.4007890625
09:34:15.180,3.5514325,3.458659375
09:34:15.282,3.5514325,3.458659375
09:34:15.383,3.5514325,3.5092953125
09:34:15.484,3.63896125,3.5092953125
09:34:15.583,3.63896125,3.5092953125
09:34:15.686,3.749638125,3.662109375
09:34:15.786,3.749638125,3.662109375
09:34:15.888,3.749638125,3.6838109375
09:34:15.989,3.773148125,3.6838109375
09:34:16.090,3.773148125,3.6838109375
09:34:16.190,3.80353,3.7127453125
09:34:16.291,3.80353,3.7127453125
09:34:16.391,3.80353,3.7507234375
09:34:16.492,3.84331625,3.7507234375
09:34:16.593,3.84331625,3.7896046875
09:34:16.694,3.88491,3.7896046875
09:34:16.795,3.88491,3.7896046875
09:34:16.897,3.984375,3.8556140625
09:34:16.998,3.984375,3.8556140625
09:34:17.098,3.984375,4.0997546875
09:34:17.198,4.19921875,4.0997546875
09:34:17.299,4.19921875,4.0997546875
09:34:17.400,4.25274875,4.139540625
09:34:17.501,4.25274875,4.139540625
09:34:17.602,4.25274875,4.2697484375
09:34:17.703,4.35112875,4.2697484375
09:34:17.804,4.35112875,4.2697484375
09:34:17.906,4.393084375,4.3023
09:34:18.008,4.393084375,4.3023
09:34:18.111,4.393084375,4.348415625
09:34:18.212,4.516420625,4.348415625
09:34:18.312,4.516420625,4.348415625
09:34:18.414,4.73705125,4.6477140625
09:34:18.513,4.73705125,4.6477140625
09:34:18.614,4.73705125,4.71281875
09:34:18.716,4.863643125,4.71281875
09:34:18.817,4.863643125,4.8864296875
09:34:18.918,4.9822775,4.8864296875
09:34:19.018,4.9822775,4.8864296875
09:34:19.118,4.9822775,5.0482859375
09:34:19.218,5.1942275,5.0482859375
09:34:19.318,5.1942275,5.1739734375
09:34:19.419,5.255353125,5.1739734375
09:34:19.520,5.255353125,5.1739734375
09:34:19.621,5.32190375,5.232746875
09:34:19.721,5.32190375,5.232746875
09:34:19.823,5.32190375,5.2978515625
09:34:19.924,5.38339125,5.2978515625
09:34:20.024,5.38339125,5.2978515625
09:34:20.126,5.49153625,5.3982203125
09:34:20.227,5.49153625,5.3982203125
09:34:20.327,5.49153625,5.4624203125
09:34:20.427,5.55013,5.4624203125
09:34:20.528,5.55013,5.4624203125
09:34:20.629,5.586299375,5.5239078125
09:34:20.730,5.586299375,5.5239078125
09:34:20.832,5.586299375,5.4958765625
09:34:20.933,5.558449375,5.4958765625
09:34:21.033,5.558449375,5.4958765625
09:34:21.134,5.500940625,5.4398140625
09:34:21.235,5.500940625,5.4398140625
09:34:21.336,5.500940625,5.3982203125
09:34:21.438,5.46477125,5.3982203125
09:34:21.538,5.46477125,5.386465625
09:34:21.639,5.45247375,5.386465625
09:34:21.740,5.45247375,5.386465625
09:34:21.841,5.43873,5.3729015625
09:34:21.942,5.43873,5.3729015625
09:34:22.043,5.43873,5.36024375
09:34:22.144,5.426070625,5.36024375
09:34:22.245,5.426070625,5.36024375
09:34:22.345,5.500940625,5.3466796875
09:34:22.446,5.500940625,5.3466796875
09:34:22.547,5.500940625,5.782515625
09:34:22.648,5.840205625,5.782515625
09:34:22.747,5.840205625,5.782515625
09:34:22.848,5.92230875,5.8322484375
09:34:22.950,5.92230875,5.8322484375
09:34:23.051,5.92230875,5.9271921875
09:34:23.152,6.01381625,5.9271921875
09:34:23.252,6.01381625,5.9271921875
09:34:23.352,6.092303125,6.0067640625
09:34:23.455,6.092303125,6.0067640625
09:34:23.556,6.092303125,6.092665625
09:34:23.657,6.178746875,6.092665625
09:34:23.758,6.178746875,6.178565625
09:34:23.859,6.257956875,6.178565625
09:34:23.959,6.257956875,6.178565625
09:34:24.058,6.257956875,6.268084375
09:34:24.159,6.355251875,6.268084375
09:34:24.260,6.355251875,6.368453125
09:34:24.361,6.45471625,6.368453125
09:34:24.462,6.45471625,6.368453125
09:34:24.564,6.552734375,6.4670140625
09:34:24.666,6.552734375,6.4670140625
09:34:24.768,6.552734375,6.569190625
09:34:24.868,6.6507525,6.569190625
09:34:24.969,6.6507525,6.569190625
09:34:25.069,6.7353875,6.6569015625
09:34:25.168,6.7353875,6.6569015625
09:34:25.269,6.7353875,6.7500359375
09:34:25.369,6.8326825,6.7500359375
09:34:25.469,6.8326825,6.7500359375
09:34:25.570,6.931785,6.8522140625
09:34:25.671,6.931785,6.8522140625
09:34:25.773,6.931785,6.9589125
09:34:25.873,7.048249375,6.9589125
09:34:25.975,7.048249375,6.9589125
09:34:26.076,7.303964375,7.239221875
09:34:26.176,7.303964375,7.239221875
09:34:26.277,7.303964375,7.31336875
09:34:26.378,7.39004625,7.31336875
09:34:26.479,7.39004625,7.4254921875
09:34:26.579,7.50397875,7.4254921875
09:34:26.680,7.50397875,7.4254921875
09:34:26.781,7.63671875,7.5584125
09:34:26.882,7.63671875,7.5584125
09:34:26.984,7.63671875,7.707609375
09:34:27.084,7.86783875,7.707609375
09:34:27.186,7.86783875,7.707609375
09:34:27.286,7.95138875,7.8812203125
09:34:27.387,7.95138875,7.8812203125
09:34:27.488,7.95138875,8.0087171875
09:34:27.588,8.0859375,8.0087171875
09:34:27.690,8.0859375,8.0087171875
09:34:27.790,8.301143125,8.1841359375
09:34:27.890,8.301143125,8.1841359375
09:34:27.990,8.301143125,8.360459375
09:34:28.091,8.436053125,8.360459375
09:34:28.192,8.436053125,8.360459375
09:34:28.294,8.5825375,8.5105609375
09:34:28.396,8.5825375,8.5105609375
09:34:28.496,8.5825375,8.65795
09:34:28.597,8.72649,8.65795
09:34:28.697,8.72649,8.6597578125
09:34:28.800,8.674045,8.6597578125
09:34:28.900,8.674045,8.6597578125
09:34:29.001,8.674045,8.5720484375
09:34:29.102,8.521411875,8.5720484375
09:34:29.203,8.521411875,8.4156171875
09:34:29.304,8.442925625,8.4156171875
09:34:29.406,8.442925625,8.4156171875
09:34:29.506,8.4027775,8.37583125
09:34:29.608,8.4027775,8.37583125
09:34:29.709,8.4027775,8.3351421875
09:34:29.810,8.36443875,8.3351421875
09:34:29.910,8.36443875,8.3351421875
09:34:30.011,8.321035625,8.2944515625
09:34:30.112,8.321035625,8.2944515625
09:34:30.212,8.321035625,9.4690390625
09:34:30.313,9.892578125,9.4690390625
09:34:30.415,9.892578125,9.4690390625
09:34:30.516,9.95081,9.8985453125
09:34:30.620,9.95081,9.8985453125
09:34:30.721,9.95081,10.017903125
09:34:30.822,10.05967875,10.017903125
09:34:30.922,10.05967875,10.1625796875
09:34:31.024,10.221715625,10.1625796875
09:34:31.124,10.221715625,10.1625796875
09:34:31.226,10.221715625,10.354275
09:34:31.328,10.4083475,10.354275
09:34:31.430,10.4083475,10.52426875
09:34:31.530,10.568938125,10.52426875
09:34:31.632,10.568938125,10.52426875
09:34:31.732,10.67455125,10.65266875
09:34:31.833,10.67455125,10.65266875
09:34:31.935,10.67455125,10.58846875
09:34:32.039,10.540003125,10.58846875
09:34:32.138,10.540003125,10.58846875
09:34:32.239,10.2980325,10.3461375
09:34:32.339,10.2980325,10.3461375
09:34:32.439,10.2980325,10.20055625
09:34:32.539,10.17976,10.20055625
09:34:32.641,10.17976,10.20055625
09:34:32.742,10.0882525,10.0983796875
09:34:32.845,10.0882525,10.0983796875
09:34:32.946,10.0882525,10.0079578125
09:34:33.047,10.000361875,10.0079578125
09:34:33.149,10.000361875,9.9211515625
09:34:33.251,9.915003125,9.9211515625
09:34:33.352,9.915003125,9.9211515625
09:34:33.454,9.832899375,9.837059375
09:34:33.556,9.832899375,9.837059375
09:34:33.659,9.832899375,9.754775
09:34:33.759,9.7533275,9.754775
09:34:33.859,9.7533275,9.754775
09:34:33.960,9.675925625,9.67610625
09:34:34.061,9.675925625,9.67610625
09:34:34.162,9.675925625,9.6001515625
09:34:34.264,9.601418125,9.6001515625
09:34:34.365,9.601418125,9.6001515625
09:34:34.466,9.52835625,9.5251015625
09:34:34.567,9.52835625,9.5251015625
09:34:34.667,9.52835625,9.4536671875
09:34:34.768,9.45818875,9.4536671875
09:34:34.868,9.45818875,9.4536671875
09:34:34.970,9.3894675,9.3831375
09:34:35.071,9.3894675,9.3831375
09:34:35.172,9.3894675,9.316225
09:34:35.273,9.322555,9.316225
09:34:35.375,9.322555,9.2493125
09:34:35.476,9.256365625,9.2493125
09:34:35.577,9.256365625,9.2493125
09:34:35.678,1.553819375,2.2632734375
09:34:35.778,1.553819375,2.2632734375
09:34:35.879,1.553819375,0.573278125
09:34:35.980,0.542173125,0.573278125
09:34:36.081,0.542173125,0.573278125
09:34:36.182,0.25065125,0.1916953125
09:34:36.282,0.25065125,0.1916953125
09:34:36.384,0.25065125,0.0497328125000002
09:34:36.485,0.147569375,0.0497328125000002
09:34:36.585,0.147569375,0.0497328125000002
09:34:36.686,0.13237875,0.0207968749999995
09:34:36.786,0.13237875,0.0207968749999995
09:34:36.886,0.13237875,0.0244140625
09:34:36.988,0.13563375,0.0244140625
09:34:37.088,0.13563375,0.0244140625
09:34:37.187,0.13491,0.0226062499999999
09:34:37.289,0.13491,0.0226062499999999
09:34:37.390,0.13491,0.0235093749999998
09:34:37.491,0.13563375,0.0235093749999998
09:34:37.591,0.13563375,0.0244140625
09:34:37.693,0.13563375,0.0244140625
09:34:37.792,0.13563375,0.0244140625
09:34:37.895,0.13563375,0.0244140625
09:34:37.995,0.13563375,0.0244140625
09:34:38.096,0.13563375,0.0235093749999998
09:34:38.196,0.13491,0.0235093749999998
09:34:38.307,0.13491,0.0235093749999998
09:34:38.408,0.131655,0.0189890624999994
09:34:38.509,0.131655,0.0189890624999994
09:34:38.611,0.131655,0.0207968749999995
09:34:38.711,0.13346375,0.0207968749999995
09:34:38.813,0.13346375,0.0207968749999995
09:34:38.913,0.129123125,0.0180843750000007
09:34:39.013,0.129123125,0.0180843750000007
09:34:39.114,0.129123125,0.0180843750000007
09:34:39.213,0.129123125,0.0180843750000007
09:34:39.313,0.129123125,0.0180843750000007
09:34:39.414,0.12767625,0.0162765625000005
09:34:39.514,0.12767625,0.0162765625000005
09:34:39.614,0.12767625,0.0162765625000005
09:34:39.715,0.12767625,0.0162765625000005
09:34:39.817,0.12767625,0.0162765625000005
09:34:39.918,0.127315,0.0162765625000005
09:34:40.019,0.127315,0.0162765625000005
09:34:40.119,0.127315,0.0144671875000002
09:34:40.220,0.126953125,0.0144671875000002
09:34:40.320,0.126953125,0.0144671875000002
09:34:40.421,0.126953125,0.0144671875000002
09:34:40.521,0.126953125,0.0144671875000002
09:34:40.621,0.126953125,0.0144671875000002
09:34:40.721,0.12623,0.0144671875000002
09:34:40.822,0.12623,0.0144671875000002
09:34:40.922,0.125868125,0.0144671875000002
09:34:41.024,0.125868125,0.0144671875000002
09:34:41.125,0.125868125,0.0144671875000002
09:34:41.227,0.125868125,0.0144671875000002
09:34:41.327,0.125868125,0.0144671875000002
09:34:41.429,0.12550625,0.0144671875000002
09:34:41.529,0.12550625,0.0144671875000002
09:34:41.630,0.12550625,0.0144671875000002
09:34:41.732,0.12550625,0.0144671875000002
09:34:41.833,0.12550625,0.0144671875000002
09:34:41.935,0.125868125,0.0144671875000002
09:34:42.035,0.125868125,0.0144671875000002
09:34:42.135,0.12550625,0.0135640625000003
09:34:42.235,0.12550625,0.0135640625000003
09:34:42.335,0.12550625,0.0144671875000002
09:34:42.435,0.12550625,0.0144671875000002
09:34:42.537,0.12550625,0.0144671875000002
09:34:42.637,0.125868125,0.0144671875000002
09:34:42.737,0.125868125,0.0144671875000002
09:34:42.838,0.125868125,0.0135640625000003
09:34:42.939,0.12550625,0.0135640625000003
09:34:43.039,0.12550625,0.0144671875000002
09:34:43.139,0.12550625,0.0144671875000002
09:34:43.240,0.12550625,0.0144671875000002
09:34:43.340,0.12550625,0.0144671875000002
09:34:43.441,0.125868125,0.0144671875000002
09:34:43.541,0.125868125,0.0144671875000002
09:34:43.641,0.12550625,0.0144671875000002
09:34:43.742,0.12550625,0.0144671875000002
09:34:43.843,0.12550625,0.0144671875000002
09:34:43.945,0.12550625,0.0144671875000002
09:34:44.046,0.12550625,0.0144671875000002
09:34:44.146,0.12550625,0.0144671875000002
09:34:44.247,0.12550625,0.0144671875000002
09:34:44.349,0.12623,0.0144671875000002
09:34:44.449,0.12623,0.0144671875000002
09:34:44.549,0.12623,0.0144671875000002
09:34:44.650,0.126953125,0.0144671875000002
09:34:44.751,0.126953125,0.0144671875000002
09:34:44.852,0.126953125,0.0153718750000004
09:34:44.953,0.126953125,0.0153718750000004
09:34:45.054,0.126953125,0.0162765625000005
09:34:45.155,0.126953125,0.0162765625000005
09:34:45.256,0.126953125,0.0162765625000005
09:34:45.357,0.128038125,0.0162765625000005
09:34:45.457,0.128038125,0.0162765625000005
09:34:45.557,0.128038125,0.0162765625000005
09:34:45.658,0.12767625,0.0162765625000005
09:34:45.759,0.12767625,0.0180843750000007
09:34:45.861,0.128761875,0.0180843750000007
09:34:45.962,0.128761875,0.0180843750000007
09:34:46.062,0.128038125,0.0171796875000005
09:34:46.163,0.128038125,0.0171796875000005
09:34:46.264,0.128038125,0.0162765625000005
09:34:46.365,0.1284,0.0162765625000005
09:34:46.467,0.1284,0.0162765625000005
09:34:46.568,0.128038125,0.0171796875000005
09:34:46.670,0.128038125,0.0171796875000005
09:34:46.770,0.128038125,0.0171796875000005
09:34:46.871,0.128761875,0.0171796875000005
09:34:46.972,0.128761875,0.0171796875000005
09:34:47.074,0.128761875,0.0171796875000005
09:34:47.175,0.128761875,0.0171796875000005
09:34:47.276,0.128761875,0.0171796875000005
09:34:47.376,0.1284,0.0171796875000005
09:34:47.476,0.1284,0.0171796875000005
09:34:47.578,0.128038125,0.0171796875000005
09:34:47.678,0.128038125,0.0171796875000005
09:34:47.780,0.128038125,0.0162765625000005
09:34:47.882,0.128038125,0.0162765625000005
09:34:47.982,0.128038125,0.0171796875000005
09:34:48.083,0.128038125,0.0171796875000005
09:34:48.183,0.128038125,0.0171796875000005
09:34:48.283,0.128038125,0.0171796875000005
09:34:48.385,0.12767625,0.0171796875000005
09:34:48.486,0.12767625,0.0171796875000005
09:34:48.588,0.12767625,0.0171796875000005
09:34:48.688,0.12767625,0.0171796875000005
09:34:48.788,0.128038125,0.0171796875000005
09:34:48.889,0.128038125,0.0171796875000005
09:34:48.988,0.128038125,0.0171796875000005
09:34:49.090,0.1284,0.0171796875000005
09:34:49.191,0.1284,0.0171796875000005
09:34:49.291,0.1284,0.0171796875000005
09:34:49.392,0.1284,0.0171796875000005
09:34:49.492,0.1284,0.0171796875000005
09:34:49.593,0.1284,0.0171796875000005
09:34:49.693,0.1284,0.0171796875000005
09:34:49.794,0.128761875,0.0162765625000005
09:34:49.894,0.128761875,0.0162765625000005
09:34:49.995,0.128761875,0.0171796875000005
09:34:50.096,0.1284,0.0171796875000005
09:34:50.198,0.1284,0.0171796875000005
09:34:50.299,0.128761875,0.0171796875000005
09:34:50.401,0.128761875,0.0171796875000005
09:34:50.501,0.128761875,0.0171796875000005
09:34:50.601,0.128761875,0.0171796875000005
09:34:50.700,0.128761875,0.0171796875000005
09:34:50.800,0.128761875,0.0171796875000005
09:34:50.901,0.128761875,0.0171796875000005
09:34:51.002,0.128761875,0.0171796875000005
09:34:51.104,0.129123125,0.0171796875000005
09:34:51.204,0.129123125,0.0424984375000007
09:34:51.305,0.1739725,0.0424984375000007
09:34:51.407,0.1739725,0.0424984375000007
09:34:51.508,0.274884375,0.143771875
09:34:51.609,0.274884375,0.143771875
09:34:51.709,0.274884375,0.203449999999999
09:34:51.809,0.3269675,0.203449999999999
09:34:51.909,0.3269675,0.203449999999999
09:34:52.010,0.403284375,0.2712671875
09:34:52.111,0.403284375,0.2712671875
09:34:52.212,0.403284375,0.372540624999999
09:34:52.314,0.4966,0.372540624999999
09:34:52.415,0.4966,0.372540624999999
09:34:52.516,0.51504625,0.4078046875
09:34:52.616,0.51504625,0.4078046875
09:34:52.718,0.51504625,0.416846875
09:34:52.818,0.528066875,0.416846875
09:34:52.920,0.528066875,0.434931249999999
09:34:53.020,0.547598125,0.434931249999999
09:34:53.119,0.547598125,0.434931249999999
09:34:53.220,0.547598125,0.468389062500001
09:34:53.322,0.58412875,0.468389062500001
09:34:53.423,0.58412875,0.495515625
09:34:53.524,0.604745625,0.495515625
09:34:53.625,0.604745625,0.495515625
09:34:53.725,0.608000625,0.5018453125
09:34:53.827,0.608000625,0.5018453125
09:34:53.930,0.608000625,0.504557812500001
09:34:54.030,0.6116175,0.504557812500001
09:34:54.131,0.6116175,0.504557812500001
09:34:54.230,0.6427225,0.529875000000001
09:34:54.331,0.6427225,0.529875000000001
09:34:54.431,0.6427225,0.556098437499999
09:34:54.532,0.66804125,0.556098437499999
09:34:54.634,0.66804125,0.556098437499999
09:34:54.735,0.7646125,0.626628125000001
09:34:54.836,0.7646125,0.626628125000001
09:34:54.935,0.7646125,0.74508125
09:34:55.037,0.86226875,0.74508125
09:34:55.139,0.86226875,0.74508125
09:34:55.240,0.9787325,0.838215624999999
09:34:55.341,0.9787325,0.838215624999999
09:34:55.443,0.9787325,0.95124375
09:34:55.544,1.075665625,0.95124375
09:34:55.645,1.075665625,1.0452828125
09:34:55.745,1.172236875,1.0452828125
09:34:55.846,1.172236875,1.0452828125
09:34:55.947,1.22649,1.1031546875
09:34:56.047,1.22649,1.1031546875
09:34:56.148,1.22649,1.2333625
09:34:56.250,1.40227125,1.2333625
09:34:56.351,1.40227125,1.2333625
09:34:56.452,1.58420125,1.4377171875
09:34:56.553,1.58420125,1.4377171875
09:34:56.655,1.58420125,1.6456890625
09:34:56.757,1.7878325,1.6456890625
09:34:56.857,1.7878325,1.6456890625
09:34:56.958,1.842809375,1.7406328125
09:34:57.059,1.842809375,1.7406328125
09:34:57.161,1.842809375,1.907009375
09:34:57.261,2.064886875,1.907009375
09:34:57.362,2.064886875,1.907009375
09:34:57.462,2.069950625,1.9730171875
09:34:57.563,2.069950625,1.9730171875
09:34:57.663,2.069950625,1.99200625
09:34:57.764,2.08767375,1.99200625
09:34:57.865,2.08767375,1.999240625
09:34:57.966,2.0959925,1.999240625
09:34:58.067,2.0959925,1.999240625
09:34:58.167,2.0959925,2.0119
09:34:58.269,2.107928125,2.0119
09:34:58.369,2.107928125,2.024559375
09:34:58.470,2.128544375,2.024559375
09:34:58.570,2.128544375,2.024559375
09:34:58.672,2.184245,2.0779078125
09:34:58.773,2.184245,2.0779078125
09:34:58.873,2.184245,2.161096875
09:34:58.975,2.270326875,2.161096875
09:34:59.076,2.270326875,2.161096875
09:34:59.178,2.292028125,2.2017875
09:34:59.277,2.292028125,2.2017875
09:34:59.377,2.292028125,2.3247609375
09:34:59.478,2.42296,2.3247609375
09:34:59.579,2.42296,2.3247609375
09:34:59.680,2.4576825,2.3500796875
09:34:59.781,2.4576825,2.3500796875
09:34:59.882,2.4576825,2.403428125
09:34:59.982,2.495298125,2.403428125
09:35:00.083,2.495298125,2.403428125
09:35:00.183,2.49059625,2.3989078125
09:35:00.284,2.49059625,2.3989078125
09:35:00.385,2.49059625,2.395290625
09:35:00.487,2.4866175,2.395290625
09:35:00.588,2.4866175,2.387153125
09:35:00.689,2.473958125,2.387153125
09:35:00.789,2.473958125,2.387153125
09:35:00.889,2.468894375,2.3781109375
09:35:00.991,2.468894375,2.3781109375
09:35:01.092,2.468894375,2.3753984375
09:35:01.194,2.466724375,2.3753984375
09:35:01.295,2.466724375,2.3753984375
09:35:01.397,2.4652775,2.3735890625
09:35:01.496,2.4652775,2.3735890625
09:35:01.596,2.4652775,2.37178125
09:35:01.697,2.462384375,2.37178125
09:35:01.797,2.462384375,2.37178125
09:35:01.899,2.461299375,2.3681640625
09:35:02.000,2.461299375,2.3681640625
09:35:02.100,2.461299375,2.36906875
09:35:02.201,2.4598525,2.36906875
09:35:02.301,2.4598525,2.36906875
09:35:02.402,2.4620225,2.369971875
09:35:02.503,2.4620225,2.369971875
09:35:02.605,2.4620225,2.381728125
09:35:02.705,2.477575,2.381728125
09:35:02.806,2.477575,2.3998125
09:35:02.907,2.496745,2.3998125
09:35:03.006,2.496745,2.3998125
09:35:03.107,2.496745,2.428746875
09:35:03.208,2.54955125,2.428746875
09:35:03.309,2.54955125,2.6123046875
09:35:03.410,2.735098125,2.6123046875
09:35:03.511,2.735098125,2.6123046875
09:35:03.611,2.880859375,2.7352796875
09:35:03.712,2.880859375,2.7352796875
09:35:03.813,2.880859375,2.9260703125
09:35:03.913,3.026620625,2.9260703125
09:35:04.014,3.026620625,2.9260703125
09:35:04.115,3.108000625,2.975803125
09:35:04.215,3.108000625,2.975803125
09:35:04.317,3.108000625,3.15303125
09:35:04.418,3.3224825,3.15303125
09:35:04.520,3.3224825,3.15303125
09:35:04.621,3.493561875,3.413446875
09:35:04.720,3.493561875,3.413446875
09:35:04.821,3.493561875,3.48216875
09:35:04.921,3.61726,3.48216875
09:35:05.023,3.61726,3.6349828125
09:35:05.124,3.798828125,3.6349828125
09:35:05.224,3.798828125,3.6349828125
09:35:05.326,3.798828125,3.8529
09:35:05.428,3.985098125,3.8529
09:35:05.528,3.985098125,3.9767796875
09:35:05.629,4.06069125,3.9767796875
09:35:05.728,4.06069125,3.9767796875
09:35:05.831,4.089626875,3.9975765625
09:35:05.931,4.089626875,3.9975765625
09:35:06.032,4.089626875,4.0355546875
09:35:06.134,4.1272425,4.0355546875
09:35:06.235,4.1272425,4.0355546875
09:35:06.335,4.167751875,4.07624375
09:35:06.437,4.167751875,4.07624375
09:35:06.536,4.167751875,4.1205515625
09:35:06.636,4.2097075,4.1205515625
09:35:06.738,4.2097075,4.1205515625
09:35:06.838,4.28964125,4.1657625
09:35:06.938,4.28964125,4.1657625
09:35:07.039,4.28964125,4.2932578125
09:35:07.139,4.379701875,4.2932578125
09:35:07.240,4.379701875,4.2932578125
09:35:07.340,4.419488125,4.3312359375
09:35:07.441,4.419488125,4.3312359375
09:35:07.541,4.419488125,4.371021875
09:35:07.641,4.461081875,4.371021875
09:35:07.741,4.461081875,4.371021875
09:35:07.843,4.498698125,4.409903125
09:35:07.945,4.498698125,4.409903125
09:35:08.046,4.498698125,4.45330625
09:35:08.147,4.5413775,4.45330625
09:35:08.247,4.5413775,4.499421875
09:35:08.347,4.589481875,4.499421875
09:35:08.450,4.589481875,4.499421875
09:35:08.551,4.639395,4.5509625
09:35:08.653,4.639395,4.5509625
09:35:08.754,4.639395,4.599790625
09:35:08.855,4.688946875,4.599790625
09:35:08.956,4.688946875,4.599790625
09:35:09.057,4.7432,4.6522359375
09:35:09.158,4.7432,4.6522359375
09:35:09.258,4.7432,4.711009375
09:35:09.359,4.80070875,4.711009375
09:35:09.460,4.80070875,4.711009375
09:35:09.560,4.85423875,4.7679765625
09:35:09.662,4.85423875,4.7679765625
09:35:09.762,4.85423875,4.8204203125
09:35:09.863,4.908130625,4.8204203125
09:35:09.963,4.908130625,4.8791953125
09:35:10.065,4.96998,4.8791953125
09:35:10.165,4.96998,4.8791953125
09:35:10.267,4.96998,5.0103078125
09:35:10.367,5.13491,5.0103078125
09:35:10.468,5.13491,5.183015625
09:35:10.569,5.298394375,5.183015625
09:35:10.669,5.298394375,5.183015625
09:35:10.770,5.298394375,5.4768875
09:35:10.871,5.769675625,5.4768875
09:35:10.973,5.769675625,5.609809375
09:35:11.074,5.66008375,5.609809375
09:35:11.174,5.66008375,5.609809375
09:35:11.276,5.575086875,5.5221
09:35:11.377,5.575086875,5.5221
09:35:11.478,5.575086875,5.49135625
09:35:11.580,5.555555625,5.49135625
09:35:11.681,5.555555625,5.49135625
09:35:11.782,5.540364375,5.4750796875
09:35:11.884,5.540364375,5.4750796875
09:35:11.985,5.540364375,5.4606125
09:35:12.087,5.52625875,5.4606125
09:35:12.187,5.52625875,5.4606125
09:35:12.288,5.513238125,5.4470484375
09:35:12.390,5.513238125,5.4470484375
09:35:12.491,5.513238125,5.540184375
09:35:12.592,5.83767375,5.540184375
09:35:12.694,5.83767375,5.835865625
09:35:12.793,5.924840625,5.835865625
09:35:12.894,5.924840625,5.835865625
09:35:12.993,5.924840625,5.90368125
09:35:13.094,5.98596625,5.90368125
09:35:13.195,5.98596625,5.9714984375
09:35:13.296,6.056134375,5.9714984375
09:35:13.398,6.056134375,5.9714984375
09:35:13.498,6.133535625,6.050165625
09:35:13.599,6.133535625,6.050165625
09:35:13.701,6.133535625,6.1333546875
09:35:13.801,6.21708625,6.1333546875
09:35:13.901,6.21708625,6.1333546875
09:35:14.003,6.297019375,6.21654375
09:35:14.104,6.297019375,6.21654375
09:35:14.204,6.297019375,6.2979234375
09:35:14.305,6.378038125,6.2979234375
09:35:14.406,6.378038125,6.2979234375
09:35:14.507,6.46158875,6.3811125
09:35:14.606,6.46158875,6.3811125
09:35:14.707,6.46158875,6.466109375
09:35:14.809,6.545500625,6.466109375
09:35:14.909,6.545500625,6.55110625
09:35:15.009,6.629050625,6.55110625
09:35:15.111,6.629050625,6.55110625
09:35:15.211,6.629050625,6.636103125
09:35:15.312,6.713324375,6.636103125
09:35:15.413,6.713324375,6.7265265625
09:35:15.514,6.803385625,6.7265265625
09:35:15.615,6.803385625,6.7265265625
09:35:15.715,6.894893125,6.817853125
09:35:15.815,6.894893125,6.817853125
09:35:15.916,6.894893125,6.9173171875
09:35:16.016,6.996889375,6.9173171875
09:35:16.117,6.996889375,6.9173171875
09:35:16.218,7.0959925,7.0176859375
09:35:16.318,7.0959925,7.0176859375
09:35:16.418,7.0959925,7.12076875
09:35:16.519,7.198350625,7.12076875
09:35:16.620,7.198350625,7.12076875
09:35:16.721,7.304325625,7.2274671875
09:35:16.822,7.304325625,7.2274671875
09:35:16.922,7.304325625,7.3359734375
09:35:17.022,7.41138625,7.3359734375
09:35:17.123,7.41138625,7.3359734375
09:35:17.223,7.5177225,7.439959375
09:35:17.323,7.5177225,7.439959375
09:35:17.424,7.5177225,7.5547953125
09:35:17.523,7.627315,7.5547953125
09:35:17.625,7.627315,7.65878125
09:35:17.727,7.73256625,7.65878125
09:35:17.827,7.73256625,7.65878125
09:35:17.929,7.73256625,7.7781390625
09:35:18.030,7.851200625,7.7781390625
09:35:18.131,7.851200625,7.8956890625
09:35:18.231,7.96585625,7.8956890625
09:35:18.332,7.96585625,7.8956890625
09:35:18.434,8.07978875,8.010525
09:35:18.534,8.07978875,8.010525
09:35:18.634,8.07978875,8.1325953125
09:35:18.735,8.20131625,8.1325953125
09:35:18.835,8.20131625,8.1325953125
09:35:18.937,8.32320625,8.256475
09:35:19.039,8.32320625,8.256475
09:35:19.139,8.32320625,8.3767359375
09:35:19.241,8.44581875,8.3767359375
09:35:19.342,8.44581875,8.3767359375
09:35:19.444,8.588324375,8.519603125
09:35:19.544,8.588324375,8.519603125
09:35:19.646,8.588324375,8.6389609375
09:35:19.748,8.645833125,8.6389609375
09:35:19.849,8.645833125,8.4463609375
09:35:19.949,8.450159375,8.4463609375
09:35:20.051,8.450159375,8.4463609375
09:35:20.151,8.450159375,8.385778125
09:35:20.253,8.410735,8.385778125
09:35:20.353,8.410735,8.3450875
09:35:20.454,8.371310625,8.3450875
09:35:20.554,8.371310625,8.3450875
09:35:20.655,8.331886875,8.3043984375
09:35:20.756,8.331886875,8.3043984375
09:35:20.857,8.331886875,8.2655171875
09:35:20.957,8.293185625,8.2655171875
09:35:21.058,8.293185625,8.2655171875
09:35:21.158,9.089988125,8.609121875
09:35:21.259,9.089988125,8.609121875
09:35:21.359,9.089988125,9.1968671875
09:35:21.461,9.268663125,9.1968671875
09:35:21.562,9.268663125,9.1968671875
09:35:21.661,9.39344625,9.334309375
09:35:21.764,9.39344625,9.334309375
09:35:21.864,9.39344625,9.4762734375
09:35:21.966,9.53414375,9.4762734375
09:35:22.067,9.53414375,9.4762734375
09:35:22.167,9.668691875,9.616428125
09:35:22.268,9.668691875,9.616428125
09:35:22.370,9.668691875,9.7574875
09:35:22.471,9.811198125,9.7574875
09:35:22.573,9.811198125,9.9112046875
09:35:22.673,9.9620225,9.9112046875
09:35:22.772,9.9620225,9.9112046875
09:35:22.873,9.9620225,10.051359375
09:35:22.973,10.09982625,10.051359375
09:35:23.074,10.09982625,10.1915140625
09:35:23.174,10.23943875,10.1915140625
09:35:23.275,10.23943875,10.1915140625
09:35:23.377,10.3750725,10.3343828125
09:35:23.477,10.3750725,10.3343828125
09:35:23.577,10.3750725,10.4682078125
09:35:23.678,10.5078125,10.4682078125
09:35:23.779,10.5078125,10.4682078125
09:35:23.880,10.632595625,10.5947984375
09:35:23.980,10.632595625,10.5947984375
09:35:24.082,10.632595625,10.718678125
09:35:24.185,10.748698125,10.718678125
09:35:24.286,10.748698125,10.718678125
09:35:24.386,10.831163125,10.8045796875
09:35:24.487,10.831163125,10.8045796875
09:35:24.588,10.831163125,10.7566546875
09:35:24.690,10.69372125,10.7566546875
09:35:24.792,10.69372125,10.5251734375
09:35:24.892,10.490813125,10.5251734375
09:35:24.993,10.490813125,10.5251734375
09:35:25.095,10.490813125,10.3886359375
09:35:25.196,10.3772425,10.3886359375
09:35:25.298,10.3772425,10.30725625
09:35:25.398,10.295500625,10.30725625
09:35:25.500,10.295500625,10.30725625
09:35:25.601,10.21592875,10.225875
09:35:25.702,10.21592875,10.225875
09:35:25.803,10.21592875,10.146303125
09:35:25.904,10.138165625,10.146303125
09:35:26.006,10.138165625,10.146303125
09:35:26.108,10.061125625,10.06673125
09:35:26.208,10.061125625,10.06673125
09:35:26.309,10.061125625,9.9907765625
09:35:26.409,9.771411875,9.9907765625
09:35:26.508,9.771411875,9.9907765625
09:35:26.610,0.979094375,1.2532546875
09:35:26.712,0.979094375,1.2532546875
09:35:26.813,0.979094375,0.3888171875
09:35:26.915,0.401475625,0.3888171875
09:35:27.017,0.401475625,0.1193578125
09:35:27.119,0.196035625,0.1193578125
09:35:27.218,0.196035625,0.1193578125
09:35:27.319,0.196035625,0.0307437499999993
09:35:27.420,0.136356875,0.0307437499999993
09:35:27.521,0.136356875,0.0207968749999995
09:35:27.621,0.133825,0.0207968749999995
09:35:27.721,0.133825,0.0207968749999995
09:35:27.823,0.13563375,0.0244140625
09:35:27.924,0.13563375,0.0244140625
09:35:28.026,0.13563375,0.0235093749999998
09:35:28.127,0.13491,0.0235093749999998
09:35:28.227,0.13491,0.0235093749999998
09:35:28.329,0.135271875,0.0244140625
09:35:28.431,0.135271875,0.0244140625
09:35:28.531,0.135271875,0.0226062499999999
09:35:28.631,0.133101875,0.0226062499999999
09:35:28.731,0.133101875,0.0226062499999999
09:35:28.830,0.130931875,0.0189890624999994
09:35:28.932,0.130931875,0.0189890624999994
09:35:29.033,0.130931875,0.0207968749999995
09:35:29.134,0.132016875,0.0207968749999995
09:35:29.234,0.132016875,0.0207968749999995
09:35:29.335,0.130208125,0.0180843750000007
09:35:29.436,0.130208125,0.0180843750000007
09:35:29.536,0.130208125,0.0189890624999994
09:35:29.638,0.13057,0.0189890624999994
09:35:29.738,0.13057,0.0180843750000007
09:35:29.839,0.129123125,0.0180843750000007
09:35:29.940,0.129123125,0.0180843750000007
09:35:30.041,0.129123125,0.0180843750000007
09:35:30.142,0.129123125,0.0180843750000007
09:35:30.242,0.129123125,0.0180843750000007
09:35:30.342,0.129485,0.0180843750000007
09:35:30.443,0.129485,0.0180843750000007
09:35:30.543,0.129123125,0.0180843750000007
09:35:30.644,0.129123125,0.0180843750000007
09:35:30.745,0.129123125,0.0171796875000005
09:35:30.845,0.128761875,0.0171796875000005
09:35:30.945,0.128761875,0.0171796875000005
09:35:31.046,0.1284,0.0171796875000005
09:35:31.147,0.1284,0.0171796875000005
09:35:31.248,0.1284,0.0171796875000005
09:35:31.350,0.1284,0.0171796875000005
09:35:31.450,0.1284,0.0171796875000005
09:35:31.551,0.12767625,0.0171796875000005
09:35:31.652,0.12767625,0.0171796875000005
09:35:31.754,0.12767625,0.0162765625000005
09:35:31.854,0.12767625,0.0162765625000005
09:35:31.956,0.12767625,0.0162765625000005
09:35:32.057,0.12767625,0.0171796875000005
09:35:32.158,0.12767625,0.0171796875000005
09:35:32.259,0.12767625,0.0162765625000005
09:35:32.359,0.127315,0.0162765625000005
09:35:32.459,0.127315,0.0162765625000005
09:35:32.560,0.126953125,0.0162765625000005
09:35:32.662,0.126953125,0.0162765625000005
09:35:32.763,0.126953125,0.0162765625000005
09:35:32.864,0.126953125,0.0162765625000005
09:35:32.964,0.126953125,0.0162765625000005
09:35:33.065,0.126953125,0.0162765625000005
09:35:33.165,0.126953125,0.0162765625000005
09:35:33.268,0.126953125,0.0153718750000004
09:35:33.368,0.126953125,0.0153718750000004
09:35:33.468,0.126953125,0.0153718750000004
09:35:33.570,0.126953125,0.0153718750000004
09:35:33.670,0.126953125,0.0153718750000004
09:35:33.771,0.126953125,0.0153718750000004
09:35:33.873,0.126953125,0.0153718750000004
09:35:33.973,0.126953125,0.0162765625000005
09:35:34.074,0.126953125,0.0162765625000005
09:35:34.174,0.126953125,0.0162765625000005
09:35:34.274,0.12767625,0.0162765625000005
09:35:34.375,0.12767625,0.0162765625000005
09:35:34.475,0.12767625,0.0162765625000005
09:35:34.574,0.12767625,0.0162765625000005
09:35:34.674,0.12767625,0.0162765625000005
09:35:34.775,0.127315,0.0162765625000005
09:35:34.876,0.127315,0.0162765625000005
09:35:34.977,0.127315,0.0171796875000005
09:35:35.077,0.127315,0.0171796875000005
09:35:35.179,0.127315,0.0162765625000005
09:35:35.280,0.127315,0.0162765625000005
