time,pressure_seal,pressure_direct
09:40:38.946,0.0904218750000005,0.0171796875000005
09:40:39.050,0.0904218750000005,0.0171796875000005
09:40:39.150,0.0904218750000005,0.0171796875000005
09:40:39.253,0.0904218750000005,0.0171796875000005
09:40:39.353,0.0904218750000005,0.0171796875000005
09:40:39.455,0.0904218750000005,0.0171796875000005
09:40:39.556,0.0904218750000005,0.0171796875000005
09:40:39.657,0.0904218750000005,0.0171796875000005
09:40:39.758,0.0904218750000005,0.0171796875000005
09:40:39.858,0.0904218750000005,0.0171796875000005
09:40:39.959,0.0904218750000005,0.0171796875000005
09:40:40.060,0.0904218750000005,0.0171796875000005
09:40:40.161,0.0904218750000005,0.0171796875000005
09:40:40.262,0.0904218750000005,0.0171796875000005
09:40:40.362,0.0904218750000005,0.0171796875000005
09:40:40.462,0.0904218750000005,0.0171796875000005
09:40:40.563,0.0904218750000005,0.0171796875000005
09:40:40.664,0.0904218750000005,0.0171796875000005
09:40:40.766,0.0904218750000005,0.0171796875000005
09:40:40.867,0.0904218750000005,0.0171796875000005
09:40:40.969,0.0904218750000005,0.0171796875000005
09:40:41.070,0.0904218750000005,0.0171796875000005
09:40:41.170,0.0904218750000005,0.0171796875000005
09:40:41.271,0.0904218750000005,0.0171796875000005
09:40:41.372,0.0904218750000005,0.0171796875000005
09:40:41.473,0.0904218750000005,0.0171796875000005
09:40:41.575,0.0904218750000005,0.0171796875000005
09:40:41.677,0.0904218750000005,0.0171796875000005
09:40:41.776,0.0904218750000005,0.0171796875000005
09:40:41.877,0.0904218750000005,0.0171796875000005
09:40:41.979,0.0904218750000005,0.0171796875000005
09:40:42.081,0.0904218750000005,0.0171796875000005
09:40:42.181,0.0904218750000005,0.0171796875000005
09:40:42.284,0.0904218750000005,0.0171796875000005
09:40:42.384,0.0904218750000005,0.0171796875000005
09:40:42.485,0.0904218750000005,0.0171796875000005
09:40:42.585,0.0904218750000005,0.0171796875000005
09:40:42.689,0.0904218750000005,0.0171796875000005
09:40:42.790,0.0904218750000005,0.0171796875000005
09:40:42.896,0.0904218750000005,0.0171796875000005
09:40:42.996,0.0904218750000005,0.0171796875000005
09:40:43.097,0.0904218750000005,0.0171796875000005
09:40:43.197,0.0904218750000005,0.0171796875000005
09:40:43.298,0.0904218750000005,0.0171796875000005
09:40:43.401,0.0904218750000005,0.0171796875000005
09:40:43.502,0.0904218750000005,0.0171796875000005
09:40:43.604,0.0904218750000005,0.0171796875000005
09:40:43.706,0.0904218750000005,0.0171796875000005
09:40:43.805,0.0904218750000005,0.0171796875000005
09:40:43.906,0.0904218750000005,0.0171796875000005
09:40:44.006,0.0904218750000005,0.0171796875000005
09:40:44.106,0.0904218750000005,0.0171796875000005
09:40:44.206,0.0904218750000005,0.0171796875000005
09:40:44.306,0.0904218750000005,0.0171796875000005
09:40:44.407,0.0904218750000005,0.0171796875000005
09:40:44.508,0.0904218750000005,0.0171796875000005
09:40:44.609,0.0904218750000005,0.0171796875000005
09:40:44.710,0.0904218750000005,0.0171796875000005
09:40:44.810,0.0904218750000005,0.0171796875000005
09:40:44.910,0.0904218750000005,0.0171796875000005
09:40:45.010,0.0904218750000005,0.0171796875000005
09:40:45.110,0.0904218750000005,0.0171796875000005
09:40:45.210,0.0904218750000005,0.0171796875000005
09:40:45.312,0.0904218750000005,0.0171796875000005
09:40:45.413,0.0904218750000005,0.0171796875000005
09:40:45.515,0.0904218750000005,0.0171796875000005
09:40:45.615,0.0904218750000005,0.0171796875000005
09:40:45.717,0.0904218750000005,0.0171796875000005
09:40:45.819,0.0904218750000005,0.0171796875000005
09:40:45.918,0.0904218750000005,0.0171796875000005
09:40:46.018,0.0904218750000005,0.0171796875000005
09:40:46.119,0.0904218750000005,0.0171796875000005
09:40:46.221,0.0904218750000005,0.0171796875000005
09:40:46.322,0.0904218750000005,0.0171796875000005
09:40:46.424,0.0904218750000005,0.0171796875000005
09:40:46.524,0.0904218750000005,0.0171796875000005
09:40:46.625,0.0904218750000005,0.0171796875000005
09:40:46.727,0.0904218750000005,0.0171796875000005
09:40:46.829,0.0904218750000005,0.0171796875000005
09:40:46.930,0.0904218750000005,0.0171796875000005
09:40:47.030,0.0904218750000005,0.0171796875000005
09:40:47.131,0.0904218750000005,0.0171796875000005
09:40:47.232,0.0904218750000005,0.0171796875000005
09:40:47.333,0.0904218750000005,0.0171796875000005
09:40:47.433,0.0904218750000005,0.0171796875000005
09:40:47.534,0.0904218750000005,0.0171796875000005
09:40:47.634,0.0904218750000005,0.0171796875000005
09:40:47.736,0.0904218750000005,0.0171796875000005
09:40:47.837,0.0904218750000005,0.0171796875000005
09:40:47.937,0.0904218750000005,0.0171796875000005
09:40:48.037,0.0904218750000005,0.0171796875000005
09:40:48.138,0.0904218750000005,0.0171796875000005
09:40:48.239,0.0904218750000005,0.0171796875000005
09:40:48.339,0.0904218750000005,0.0171796875000005
09:40:48.439,0.0904218750000005,0.0171796875000005
09:40:48.540,0.0904218750000005,0.0171796875000005
09:40:48.641,0.0904218750000005,0.0171796875000005
09:40:48.740,0.0904218750000005,0.0171796875000005
09:40:48.841,0.0904218750000005,0.0171796875000005
09:40:48.941,0.0904218750000005,0.0171796875000005
09:40:49.042,0.0904218750000005,0.0171796875000005
09:40:49.143,0.0904218750000005,0.0171796875000005
09:40:49.244,0.0904218750000005,0.0171796875000005
09:40:49.345,0.0904218750000005,0.0171796875000005
09:40:49.447,0.0904218750000005,0.0171796875000005
09:40:49.547,0.0904218750000005,0.0171796875000005
09:40:49.648,0.0904218750000005,0.0171796875000005
09:40:49.748,0.0904218750000005,0.0171796875000005
09:40:49.849,0.0904218750000005,0.0171796875000005
09:40:49.951,0.0904218750000005,0.0171796875000005
09:40:50.054,0.0904218750000005,0.0171796875000005
09:40:50.155,0.0904218750000005,0.0171796875000005
09:40:50.257,0.0904218750000005,0.0171796875000005
09:40:50.358,0.0904218750000005,0.0171796875000005
09:40:50.458,0.0904218750000005,0.0171796875000005
09:40:50.558,0.0904218750000005,0.0171796875000005
09:40:50.659,0.0904218750000005,0.0171796875000005
09:40:50.759,0.0904218750000005,0.0180843750000007
09:40:50.861,0.0904218750000005,0.0180843750000007
09:40:50.962,0.0904218750000005,0.0180843750000007
09:40:51.063,0.0904218750000005,0.0171796875000005
09:40:51.163,0.0904218750000005,0.0171796875000005
09:40:51.265,0.0904218750000005,0.0171796875000005
09:40:51.364,0.0904218750000005,0.0171796875000005
09:40:51.464,0.0904218750000005,0.0171796875000005
09:40:51.564,0.0904218750000005,0.0180843750000007
09:40:51.665,0.0904218750000005,0.0180843750000007
09:40:51.765,0.0904218750000005,0.0171796875000005
09:40:51.867,0.0904218750000005,0.0171796875000005
09:40:51.969,0.0904218750000005,0.0180843750000007
09:40:52.068,0.0904218750000005,0.0180843750000007
09:40:52.169,0.0904218750000005,0.0180843750000007
09:40:52.269,0.0904218750000005,0.0171796875000005
09:40:52.370,0.0904218750000005,0.0171796875000005
09:40:52.470,0.0904218750000005,0.0180843750000007
09:40:52.570,0.0904218750000005,0.0180843750000007
09:40:52.672,0.0904218750000005,0.0180843750000007
09:40:52.776,0.0904218750000005,0.0171796875000005
09:40:52.877,0.0904218750000005,0.0171796875000005
09:40:52.978,0.0904218750000005,0.0180843750000007
09:40:53.081,0.0904218750000005,0.0180843750000007
09:40:53.183,0.0904218750000005,0.0180843750000007
09:40:53.283,0.0904218750000005,0.0171796875000005
09:40:53.384,0.0904218750000005,0.0171796875000005
09:40:53.486,0.0904218750000005,0.0171796875000005
09:40:53.586,0.0904218750000005,0.0171796875000005
09:40:53.687,0.0904218750000005,0.0171796875000005
09:40:53.788,0.0904218750000005,0.0180843750000007
09:40:53.890,0.0904218750000005,0.0180843750000007
09:40:53.991,0.0904218750000005,0.0171796875000005
09:40:54.091,0.0904218750000005,0.0171796875000005
09:40:54.193,0.0904218750000005,0.0171796875000005
09:40:54.294,0.0904218750000005,0.0171796875000005
09:40:54.396,0.0904218750000005,0.0171796875000005
09:40:54.496,0.0904218750000005,0.0171796875000005
09:40:54.597,0.0904218750000005,0.0171796875000005
09:40:54.698,0.0904218750000005,0.0171796875000005
09:40:54.798,0.0904218750000005,0.0171796875000005
09:40:54.899,0.0904218750000005,0.0171796875000005
09:40:54.999,0.0904218750000005,0.0171796875000005
09:40:55.101,0.0904218750000005,0.0171796875000005
09:40:55.200,0.0904218750000005,0.0171796875000005
09:40:55.301,0.0904218750000005,0.0171796875000005
09:40:55.402,0.0904218750000005,0.0171796875000005
09:40:55.503,0.0904218750000005,0.0171796875000005
09:40:55.604,0.0904218750000005,0.0171796875000005
09:40:55.705,0.0904218750000005,0.0171796875000005
09:40:55.805,0.0904218750000005,0.0171796875000005
09:40:55.906,0.0904218750000005,0.0171796875000005
09:40:56.007,0.0904218750000005,0.0171796875000005
09:40:56.109,0.0904218750000005,0.0171796875000005
09:40:56.209,0.0904218750000005,0.0171796875000005
09:40:56.311,0.0904218750000005,0.0171796875000005
09:40:56.412,0.0904218750000005,0.0171796875000005
09:40:56.513,0.0904218750000005,0.0171796875000005
09:40:56.613,0.0904218750000005,0.0171796875000005
09:40:56.714,0.0904218750000005,0.0171796875000005
09:40:56.815,0.0904218750000005,0.0171796875000005
09:40:56.916,0.0904218750000005,0.0171796875000005
09:40:57.017,0.0904218750000005,0.0171796875000005
09:40:57.118,0.0904218750000005,0.0171796875000005
09:40:57.218,0.0904218750000005,0.0171796875000005
09:40:57.319,0.0904218750000005,0.0171796875000005
09:40:57.420,0.0904218750000005,0.0171796875000005
09:40:57.521,0.0904218750000005,0.0171796875000005
09:40:57.622,0.0904218750000005,0.0171796875000005
09:40:57.723,0.0904218750000005,0.0171796875000005
09:40:57.824,0.0904218750000005,0.0171796875000005
09:40:57.924,0.0904218750000005,0.0171796875000005
09:40:58.025,0.0904218750000005,0.0171796875000005
09:40:58.127,0.0904218750000005,0.0171796875000005
09:40:58.229,0.0904218750000005,0.0180843750000007
09:40:58.328,0.0904218750000005,0.0180843750000007
09:40:58.429,0.0904218750000005,0.0171796875000005
09:40:58.530,0.0904218750000005,0.0171796875000005
09:40:58.629,0.0904218750000005,0.0171796875000005
09:40:58.729,0.0904218750000005,0.0171796875000005
09:40:58.830,0.0904218750000005,0.0171796875000005
09:40:58.931,0.0904218750000005,0.0171796875000005
09:40:59.033,0.0904218750000005,0.0171796875000005
09:40:59.135,0.0904218750000005,0.0180843750000007
09:40:59.236,0.0904218750000005,0.0180843750000007
09:40:59.336,0.0904218750000005,0.0180843750000007
09:40:59.437,0.0904218750000005,0.0180843750000007
09:40:59.537,0.0904218750000005,0.0180843750000007
09:40:59.638,0.0904218750000005,0.0180843750000007
09:40:59.737,0.0904218750000005,0.0180843750000007
09:40:59.838,0.0904218750000005,0.0180843750000007
09:40:59.938,0.0904218750000005,0.0171796875000005
09:41:00.039,0.0904218750000005,0.0171796875000005
09:41:00.139,0.0904218750000005,0.0171796875000005
09:41:00.239,0.0904218750000005,0.0171796875000005
09:41:00.341,0.0904218750000005,0.0171796875000005
09:41:00.441,0.0904218750000005,0.0171796875000005
09:41:00.543,0.0904218750000005,0.0171796875000005
09:41:00.644,0.0904218750000005,0.0171796875000005
09:41:00.745,0.0904218750000005,0.0171796875000005
09:41:00.844,0.0904218750000005,0.0171796875000005
09:41:00.944,0.0904218750000005,0.0180843750000007
09:41:01.044,0.0904218750000005,0.0180843750000007
09:41:01.145,0.0904218750000005,0.0171796875000005
09:41:01.247,0.0904218750000005,0.0171796875000005
09:41:01.349,0.0904218750000005,0.0171796875000005
09:41:01.450,0.0904218750000005,0.0171796875000005
09:41:01.551,0.0904218750000005,0.0171796875000005
09:41:01.652,0.0904218750000005,0.0171796875000005
09:41:01.754,0.0904218750000005,0.0171796875000005
09:41:01.855,0.0904218750000005,0.0171796875000005
09:41:01.956,0.0904218750000005,0.0171796875000005
09:41:02.056,0.0904218750000005,0.0171796875000005
09:41:02.156,0.0904218750000005,0.0171796875000005
09:41:02.257,0.0904218750000005,0.0171796875000005
09:41:02.358,0.0904218750000005,0.0171796875000005
09:41:02.458,0.0904218750000005,0.0171796875000005
09:41:02.559,0.0904218750000005,0.0171796875000005
09:41:02.659,0.0904218750000005,0.0171796875000005
09:41:02.759,0.0904218750000005,0.0171796875000005
09:41:02.859,0.0904218750000005,0.0171796875000005
09:41:02.959,0.0904218750000005,0.0171796875000005
09:41:03.060,0.0904218750000005,0.0171796875000005
09:41:03.161,0.0904218750000005,0.0171796875000005
09:41:03.262,0.0904218750000005,0.0171796875000005
09:41:03.364,0.0904218750000005,0.0171796875000005
09:41:03.465,0.0904218750000005,0.0171796875000005
09:41:03.565,0.0904218750000005,0.0171796875000005
09:41:03.666,0.0904218750000005,0.0180843750000007
09:41:03.767,0.0904218750000005,0.0180843750000007
09:41:03.869,0.0904218750000005,0.0180843750000007
09:41:03.971,0.0904218750000005,0.0180843750000007
09:41:04.072,0.0904218750000005,0.0180843750000007
09:41:04.173,0.0904218750000005,0.0171796875000005
09:41:04.273,0.0904218750000005,0.0171796875000005
09:41:04.375,0.0904218750000005,0.0171796875000005
09:41:04.476,0.0904218750000005,0.0171796875000005
09:41:04.578,0.0904218750000005,0.0171796875000005
09:41:04.679,0.0904218750000005,0.0171796875000005
09:41:04.779,0.0904218750000005,0.0171796875000005
09:41:04.880,0.0904218750000005,0.0171796875000005
09:41:04.981,0.0904218750000005,0.0171796875000005
09:41:05.082,0.0904218750000005,0.0180843750000007
09:41:05.182,0.0904218750000005,0.0180843750000007
09:41:05.282,0.0904218750000005,0.0180843750000007
09:41:05.382,0.0904218750000005,0.0180843750000007
09:41:05.482,0.0904218750000005,0.0180843750000007
09:41:05.583,0.0904218750000005,0.0171796875000005
09:41:05.684,0.0904218750000005,0.0171796875000005
09:41:05.785,0.0904218750000005,0.0171796875000005
09:41:05.885,0.0904218750000005,0.0171796875000005
09:41:05.986,0.0904218750000005,0.0171796875000005
09:41:06.088,0.0904218750000005,0.0171796875000005
09:41:06.188,0.0904218750000005,0.0171796875000005
09:41:06.288,0.0904218750000005,0.0171796875000005
09:41:06.389,0.0904218750000005,0.0171796875000005
09:41:06.491,0.0904218750000005,0.0171796875000005
09:41:06.591,0.0904218750000005,0.0171796875000005
09:41:06.693,0.0904218750000005,0.0171796875000005
09:41:06.795,0.0904218750000005,0.0171796875000005
09:41:06.896,0.0904218750000005,0.0171796875000005
09:41:06.996,0.0904218750000005,0.0171796875000005
09:41:07.097,0.0904218750000005,0.0171796875000005
09:41:07.198,0.0904218750000005,0.0171796875000005
09:41:07.300,0.0904218750000005,0.0171796875000005
09:41:07.401,0.0904218750000005,0.0171796875000005
09:41:07.501,0.0904218750000005,0.0171796875000005
09:41:07.602,0.0904218750000005,0.0171796875000005
09:41:07.702,0.0904218750000005,0.0171796875000005
09:41:07.803,0.0904218750000005,0.0171796875000005
09:41:07.903,0.0904218750000005,0.0171796875000005
09:41:08.004,0.0904218750000005,0.0171796875000005
09:41:08.105,0.0904218750000005,0.0171796875000005
09:41:08.206,0.0904218750000005,0.0171796875000005
09:41:08.307,0.0904218750000005,0.0171796875000005
09:41:08.407,0.0904218750000005,0.0171796875000005
09:41:08.509,0.0904218750000005,0.0171796875000005
09:41:08.608,0.0904218750000005,0.0171796875000005
09:41:08.708,0.0904218750000005,0.0171796875000005
09:41:08.808,0.0904218750000005,0.0171796875000005
09:41:08.909,0.0904218750000005,0.0171796875000005
09:41:09.009,0.0904218750000005,0.0171796875000005
09:41:09.111,0.0904218750000005,0.0171796875000005
09:41:09.211,0.0904218750000005,0.0171796875000005
09:41:09.311,0.0904218750000005,0.0171796875000005
09:41:09.411,0.0904218750000005,0.0171796875000005
09:41:09.512,0.0904218750000005,0.0171796875000005
09:41:09.613,0.0904218750000005,0.0171796875000005
09:41:09.715,0.0904218750000005,0.0171796875000005
09:41:09.815,0.0904218750000005,0.0180843750000007
09:41:09.916,0.0904218750000005,0.0180843750000007
09:41:10.017,0.0904218750000005,0.0171796875000005
09:41:10.117,0.0904218750000005,0.0171796875000005
09:41:10.218,0.0904218750000005,0.0171796875000005
09:41:10.320,0.0904218750000005,0.0171796875000005
09:41:10.421,0.0904218750000005,0.0171796875000005
09:41:10.521,0.0904218750000005,0.0171796875000005
09:41:10.622,0.0904218750000005,0.0171796875000005
09:41:10.723,0.0904218750000005,0.0171796875000005
09:41:10.823,0.0904218750000005,0.0171796875000005
09:41:10.923,0.0904218750000005,0.0171796875000005
09:41:11.024,0.0904218750000005,0.0171796875000005
09:41:11.125,0.0904218750000005,0.0171796875000005
09:41:11.226,0.0904218750000005,0.0171796875000005
09:41:11.327,0.0904218750000005,0.0171796875000005
09:41:11.427,0.0904218750000005,0.0171796875000005
09:41:11.528,0.0904218750000005,0.0171796875000005
09:41:11.628,0.0904218750000005,0.0171796875000005
09:41:11.729,0.0904218750000005,0.0171796875000005
09:41:11.831,0.0904218750000005,0.0171796875000005
09:41:11.932,0.0904218750000005,0.0171796875000005
09:41:12.033,0.0904218750000005,0.0171796875000005
09:41:12.134,0.0904218750000005,0.0171796875000005
09:41:12.234,0.0904218750000005,0.0171796875000005
09:41:12.335,0.0904218750000005,0.0171796875000005
09:41:12.435,0.0904218750000005,0.0171796875000005
09:41:12.536,0.0904218750000005,0.0171796875000005
09:41:12.637,0.0904218750000005,0.0171796875000005
09:41:12.737,0.0904218750000005,0.0171796875000005
09:41:12.838,0.0904218750000005,0.0171796875000005
09:41:12.939,0.0904218750000005,0.0171796875000005
09:41:13.039,0.0904218750000005,0.0171796875000005
09:41:13.140,0.0904218750000005,0.0171796875000005
09:41:13.241,0.0904218750000005,0.0171796875000005
09:41:13.341,0.0904218750000005,0.0171796875000005
09:41:13.441,0.0904218750000005,0.0171796875000005
09:41:13.541,0.0904218750000005,0.0171796875000005
09:41:13.642,0.0904218750000005,0.0171796875000005
09:41:13.744,0.0904218750000005,0.0171796875000005
09:41:13.844,0.0904218750000005,0.0171796875000005
09:41:13.944,0.0904218750000005,0.0171796875000005
09:41:14.046,0.0904218750000005,0.0171796875000005
09:41:14.148,0.0904218750000005,0.0171796875000005
09:41:14.250,0.0904218750000005,0.0171796875000005
09:41:14.351,0.0904218750000005,0.0171796875000005
09:41:14.451,0.0904218750000005,0.0171796875000005
09:41:14.552,0.0904218750000005,0.0171796875000005
09:41:14.652,0.0904218750000005,0.0171796875000005
09:41:14.753,0.0904218750000005,0.0171796875000005
09:41:14.853,0.0904218750000005,0.0171796875000005
09:41:14.953,0.0904218750000005,0.0171796875000005
09:41:15.054,0.0904218750000005,0.0171796875000005
09:41:15.154,0.0904218750000005,0.0171796875000005
09:41:15.256,0.0904218750000005,0.0171796875000005
09:41:15.357,0.0904218750000005,0.0171796875000005
09:41:15.456,0.0904218750000005,0.0171796875000005
09:41:15.556,0.0904218750000005,0.0171796875000005
09:41:15.658,0.0904218750000005,0.0171796875000005
09:41:15.759,0.0904218750000005,0.0171796875000005
09:41:15.859,0.0904218750000005,0.0171796875000005
09:41:15.961,0.0904218750000005,0.0171796875000005
09:41:16.063,0.0904218750000005,0.0171796875000005
09:41:16.163,0.0904218750000005,0.0171796875000005
09:41:16.264,0.0904218750000005,0.0171796875000005
09:41:16.365,0.0904218750000005,0.0171796875000005
09:41:16.465,0.0904218750000005,0.0171796875000005
09:41:16.566,0.0904218750000005,0.0171796875000005
09:41:16.666,0.0904218750000005,0.0171796875000005
09:41:16.768,0.0904218750000005,0.0180843750000007
09:41:16.868,0.0904218750000005,0.0180843750000007
09:41:16.970,0.0904218750000005,0.0171796875000005
09:41:17.070,0.0904218750000005,0.0171796875000005
09:41:17.170,0.0904218750000005,0.0171796875000005
09:41:17.270,0.0904218750000005,0.0171796875000005
09:41:17.370,0.0904218750000005,0.0171796875000005
09:41:17.471,0.0904218750000005,0.0171796875000005
09:41:17.573,0.0904218750000005,0.0171796875000005
09:41:17.674,0.0904218750000005,0.0180843750000007
09:41:17.775,0.0904218750000005,0.0180843750000007
09:41:17.874,0.0904218750000005,0.0180843750000007
09:41:17.976,0.0904218750000005,0.0171796875000005
09:41:18.077,0.0904218750000005,0.0171796875000005
09:41:18.179,0.0904218750000005,0.0171796875000005
09:41:18.280,0.0904218750000005,0.0171796875000005
09:41:18.380,0.0904218750000005,0.0171796875000005
09:41:18.480,0.0904218750000005,0.0171796875000005
09:41:18.581,0.0904218750000005,0.0171796875000005
09:41:18.681,0.0904218750000005,0.0171796875000005
09:41:18.782,0.0904218750000005,0.0171796875000005
09:41:18.883,0.0904218750000005,0.0171796875000005
09:41:18.984,0.0904218750000005,0.0171796875000005
09:41:19.085,0.0904218750000005,0.0171796875000005
09:41:19.185,0.0904218750000005,0.0171796875000005
09:41:19.286,0.0904218750000005,0.0171796875000005
09:41:19.385,0.0904218750000005,0.0171796875000005
09:41:19.486,0.0904218750000005,0.0171796875000005
09:41:19.587,0.0904218750000005,0.0171796875000005
09:41:19.687,0.0904218750000005,0.0171796875000005
09:41:19.788,0.0904218750000005,0.0171796875000005
09:41:19.889,0.0904218750000005,0.0171796875000005
09:41:19.990,0.0904218750000005,0.0171796875000005
09:41:20.090,0.0904218750000005,0.0171796875000005
09:41:20.191,0.0904218750000005,0.0171796875000005
09:41:20.291,0.0904218750000005,0.0171796875000005
09:41:20.393,0.0904218750000005,0.0171796875000005
09:41:20.494,0.0904218750000005,0.0171796875000005
09:41:20.595,0.0904218750000005,0.0171796875000005
09:41:20.695,0.0904218750000005,0.0171796875000005
09:41:20.795,0.0904218750000005,0.0171796875000005
09:41:20.896,0.0904218750000005,0.0171796875000005
09:41:20.998,0.0904218750000005,0.0171796875000005
09:41:21.097,0.0904218750000005,0.0171796875000005
09:41:21.197,0.0904218750000005,0.0171796875000005
09:41:21.298,0.0904218750000005,0.0171796875000005
09:41:21.398,0.0904218750000005,0.0171796875000005
09:41:21.500,0.0904218750000005,0.0171796875000005
09:41:21.601,0.0904218750000005,0.0171796875000005
09:41:21.701,0.0904218750000005,0.0171796875000005
09:41:21.803,0.0904218750000005,0.0171796875000005
09:41:21.903,0.0904218750000005,0.0171796875000005
09:41:22.003,0.0904218750000005,0.0171796875000005
09:41:22.104,0.0904218750000005,0.0171796875000005
09:41:22.205,0.0904218750000005,0.0171796875000005
09:41:22.305,0.0904218750000005,0.0171796875000005
09:41:22.407,0.0904218750000005,0.0171796875000005
09:41:22.507,0.0904218750000005,0.0171796875000005
09:41:22.609,0.0904218750000005,0.0180843750000007
09:41:22.709,0.0904218750000005,0.0180843750000007
09:41:22.810,0.0904218750000005,0.0180843750000007
09:41:22.912,0.0904218750000005,0.0171796875000005
09:41:23.013,0.0904218750000005,0.0171796875000005
09:41:23.115,0.0904218750000005,0.0171796875000005
09:41:23.217,0.0904218750000005,0.0171796875000005
09:41:23.317,0.0904218750000005,0.0171796875000005
09:41:23.418,0.0904218750000005,0.0171796875000005
09:41:23.519,0.0904218750000005,0.0171796875000005
09:41:23.619,0.0904218750000005,0.0180843750000007
09:41:23.720,0.0904218750000005,0.0180843750000007
09:41:23.820,0.0904218750000005,0.0180843750000007
09:41:23.921,0.0904218750000005,0.0171796875000005
09:41:24.022,0.0904218750000005,0.0171796875000005
09:41:24.123,0.0904218750000005,0.0171796875000005
09:41:24.225,0.0904218750000005,0.0171796875000005
09:41:24.325,0.0904218750000005,0.0171796875000005
09:41:24.424,0.0904218750000005,0.0171796875000005
09:41:24.526,0.0904218750000005,0.0171796875000005
09:41:24.627,0.0904218750000005,0.0171796875000005
09:41:24.728,0.0904218750000005,0.0171796875000005
09:41:24.828,0.0904218750000005,0.0171796875000005
09:41:24.930,0.0904218750000005,0.0171796875000005
09:41:25.029,0.0904218750000005,0.0171796875000005
09:41:25.130,0.0904218750000005,0.0171796875000005
09:41:25.231,0.0904218750000005,0.0171796875000005
09:41:25.331,0.0904218750000005,0.0171796875000005
09:41:25.432,0.0904218750000005,0.0171796875000005
09:41:25.533,0.0904218750000005,0.0171796875000005
09:41:25.635,0.0904218750000005,0.0171796875000005
09:41:25.735,0.0904218750000005,0.0171796875000005
09:41:25.835,0.0904218750000005,0.0171796875000005
09:41:25.936,0.0904218750000005,0.0171796875000005
09:41:26.036,0.0904218750000005,0.0171796875000005
09:41:26.137,0.0904218750000005,0.0171796875000005
09:41:26.237,0.0904218750000005,0.0171796875000005
09:41:26.338,0.0904218750000005,0.0171796875000005
09:41:26.439,0.0904218750000005,0.0171796875000005
09:41:26.540,0.0904218750000005,0.0171796875000005
09:41:26.640,0.0904218750000005,0.0171796875000005
09:41:26.739,0.0904218750000005,0.0171796875000005
09:41:26.840,0.0904218750000005,0.0171796875000005
09:41:26.941,0.0904218750000005,0.0171796875000005
09:41:27.042,0.0904218750000005,0.0171796875000005
09:41:27.143,0.0904218750000005,0.0171796875000005
09:41:27.243,0.0904218750000005,0.0171796875000005
09:41:27.344,0.0904218750000005,0.0171796875000005
09:41:27.445,0.0904218750000005,0.0171796875000005
09:41:27.545,0.0904218750000005,0.0171796875000005
09:41:27.645,0.0904218750000005,0.0171796875000005
09:41:27.746,0.0904218750000005,0.0171796875000005
09:41:27.847,0.0904218750000005,0.0171796875000005
09:41:27.948,0.0904218750000005,0.0171796875000005
09:41:28.049,0.0904218750000005,0.0171796875000005
09:41:28.149,0.0904218750000005,0.0171796875000005
09:41:28.249,0.0904218750000005,0.0171796875000005
09:41:28.350,0.0904218750000005,0.0171796875000005
09:41:28.450,0.0904218750000005,0.0171796875000005
09:41:28.551,0.0904218750000005,0.0171796875000005
09:41:28.652,0.0904218750000005,0.0171796875000005
09:41:28.752,0.0904218750000005,0.0171796875000005
09:41:28.854,0.0904218750000005,0.0171796875000005
09:41:28.955,0.0904218750000005,0.0171796875000005
09:41:29.055,0.0904218750000005,0.0171796875000005
09:41:29.156,0.0904218750000005,0.0171796875000005
09:41:29.257,0.0904218750000005,0.0171796875000005
09:41:29.357,0.0904218750000005,0.0171796875000005
09:41:29.457,0.0904218750000005,0.0171796875000005
09:41:29.558,0.0904218750000005,0.0171796875000005
09:41:29.659,0.0904218750000005,0.0171796875000005
09:41:29.759,0.0904218750000005,0.0171796875000005
09:41:29.860,0.0904218750000005,0.0171796875000005
09:41:29.961,0.0904218750000005,0.0171796875000005
09:41:30.061,0.0904218750000005,0.0171796875000005
09:41:30.161,0.0904218750000005,0.0171796875000005
09:41:30.263,0.0904218750000005,0.0171796875000005
09:41:30.364,0.0904218750000005,0.0171796875000005
09:41:30.465,0.0904218750000005,0.0171796875000005
09:41:30.567,0.0904218750000005,0.0171796875000005
09:41:30.666,0.0904218750000005,0.0171796875000005
09:41:30.767,0.0904218750000005,0.0171796875000005
09:41:30.867,0.0904218750000005,0.0171796875000005
09:41:30.966,0.0904218750000005,0.0171796875000005
09:41:31.067,0.0904218750000005,0.0171796875000005
09:41:31.168,0.0904218750000005,0.0171796875000005
09:41:31.267,0.0904218750000005,0.0171796875000005
09:41:31.369,0.0904218750000005,0.0171796875000005
09:41:31.469,0.0904218750000005,0.0171796875000005
09:41:31.570,0.0904218750000005,0.0171796875000005
09:41:31.670,0.0904218750000005,0.0171796875000005
09:41:31.771,0.0904218750000005,0.0171796875000005
09:41:31.873,0.0904218750000005,0.0171796875000005
09:41:31.973,0.0904218750000005,0.0171796875000005
09:41:32.074,0.0904218750000005,0.0171796875000005
09:41:32.175,0.0904218750000005,0.0171796875000005
09:41:32.275,0.0904218750000005,0.0171796875000005
09:41:32.375,0.0904218750000005,0.0171796875000005
09:41:32.476,0.0904218750000005,0.0171796875000005
09:41:32.577,0.0913265625000007,0.0171796875000005
09:41:32.676,0.0913265625000007,0.0171796875000005
09:41:32.777,0.0913265625000007,0.0171796875000005
09:41:32.878,0.0904218750000005,0.0171796875000005
09:41:32.978,0.0904218750000005,0.0171796875000005
09:41:33.079,0.0904218750000005,0.0171796875000005
09:41:33.180,0.0904218750000005,0.0171796875000005
09:41:33.281,0.0904218750000005,0.0171796875000005
09:41:33.382,0.0904218750000005,0.0171796875000005
09:41:33.483,0.0904218750000005,0.0171796875000005
09:41:33.585,0.0904218750000005,0.0171796875000005
09:41:33.686,0.0904218750000005,0.0171796875000005
09:41:33.787,0.0904218750000005,0.0171796875000005
09:41:33.886,0.0904218750000005,0.0171796875000005
09:41:33.987,0.0904218750000005,0.0171796875000005
09:41:34.087,0.0904218750000005,0.0171796875000005
09:41:34.187,0.0904218750000005,0.0171796875000005
09:41:34.288,0.0904218750000005,0.0171796875000005
09:41:34.389,0.0904218750000005,0.0171796875000005
09:41:34.490,0.0904218750000005,0.0171796875000005
09:41:34.590,0.0904218750000005,0.0171796875000005
09:41:34.690,0.0904218750000005,0.0171796875000005
09:41:34.791,0.0904218750000005,0.0171796875000005
09:41:34.891,0.0904218750000005,0.0171796875000005
09:41:34.992,0.0904218750000005,0.0171796875000005
09:41:35.093,0.0904218750000005,0.0171796875000005
09:41:35.194,0.0904218750000005,0.0171796875000005
09:41:35.295,0.0904218750000005,0.0171796875000005
09:41:35.396,0.0904218750000005,0.0171796875000005
09:41:35.497,0.0904218750000005,0.0171796875000005
09:41:35.597,0.0904218750000005,0.0171796875000005
09:41:35.698,0.0904218750000005,0.0171796875000005
09:41:35.798,0.0904218750000005,0.0171796875000005
09:41:35.899,0.0904218750000005,0.0171796875000005
09:41:36.000,0.0904218750000005,0.0171796875000005
09:41:36.101,0.0904218750000005,0.0171796875000005
09:41:36.202,0.0904218750000005,0.0171796875000005
09:41:36.304,0.0904218750000005,0.0171796875000005
09:41:36.404,0.0904218750000005,0.0171796875000005
09:41:36.505,0.0904218750000005,0.0171796875000005
09:41:36.606,0.0904218750000005,0.0171796875000005
09:41:36.707,0.0904218750000005,0.0171796875000005
09:41:36.808,0.0904218750000005,0.0171796875000005
09:41:36.909,0.0904218750000005,0.0171796875000005
09:41:37.009,0.0904218750000005,0.0171796875000005
09:41:37.110,0.0904218750000005,0.0171796875000005
09:41:37.211,0.0904218750000005,0.0171796875000005
09:41:37.312,0.0904218750000005,0.0171796875000005
09:41:37.413,0.0904218750000005,0.0171796875000005
09:41:37.515,0.0904218750000005,0.0171796875000005
09:41:37.614,0.0904218750000005,0.0171796875000005
09:41:37.715,0.0904218750000005,0.0171796875000005
09:41:37.815,0.0904218750000005,0.0171796875000005
09:41:37.915,0.0904218750000005,0.0171796875000005
09:41:38.016,0.0904218750000005,0.0171796875000005
09:41:38.117,0.0904218750000005,0.0171796875000005
09:41:38.217,0.0904218750000005,0.0171796875000005
09:41:38.317,0.0904218750000005,0.0171796875000005
09:41:38.421,0.0904218750000005,0.0171796875000005
09:41:38.521,0.0904218750000005,0.0171796875000005
09:41:38.622,0.0904218750000005,0.0171796875000005
09:41:38.721,0.0904218750000005,0.0171796875000005
09:41:38.823,0.0904218750000005,0.0171796875000005
09:41:38.925,0.0904218750000005,0.0171796875000005
09:41:39.025,0.0904218750000005,0.0171796875000005
09:41:39.125,0.0904218750000005,0.0171796875000005
09:41:39.226,0.0904218750000005,0.0171796875000005
09:41:39.326,0.0904218750000005,0.0171796875000005
09:41:39.427,0.0904218750000005,0.0171796875000005
09:41:39.529,0.0904218750000005,0.0171796875000005
09:41:39.632,0.0904218750000005,0.0171796875000005
09:41:39.734,0.0904218750000005,0.0171796875000005
09:41:39.834,0.0904218750000005,0.0171796875000005
09:41:39.935,0.0904218750000005,0.0171796875000005
09:41:40.035,0.0904218750000005,0.0171796875000005
09:41:40.136,0.0904218750000005,0.0171796875000005
09:41:40.236,0.0904218750000005,0.0171796875000005
09:41:40.337,0.0904218750000005,0.0171796875000005
09:41:40.437,0.0904218750000005,0.0171796875000005
09:41:40.538,0.0904218750000005,0.0171796875000005
09:41:40.638,0.0904218750000005,0.0171796875000005
09:41:40.739,0.0904218750000005,0.0171796875000005
09:41:40.839,0.0904218750000005,0.0171796875000005
09:41:40.941,0.0904218750000005,0.0171796875000005
09:41:41.041,0.0904218750000005,0.0171796875000005
09:41:41.142,0.0904218750000005,0.0171796875000005
09:41:41.243,0.0904218750000005,0.0171796875000005
09:41:41.343,0.0904218750000005,0.0171796875000005
09:41:41.444,0.0904218750000005,0.0171796875000005
09:41:41.545,0.0904218750000005,0.0171796875000005
09:41:41.646,0.0904218750000005,0.0171796875000005
09:41:41.747,0.0904218750000005,0.0171796875000005
09:41:41.848,0.0904218750000005,0.0171796875000005
09:41:41.949,0.0904218750000005,0.0171796875000005
09:41:42.049,0.0904218750000005,0.0171796875000005
09:41:42.149,0.0904218750000005,0.0171796875000005
09:41:42.250,0.0904218750000005,0.0171796875000005
09:41:42.351,0.0904218750000005,0.0171796875000005
09:41:42.451,0.0904218750000005,0.0171796875000005
09:41:42.551,0.0904218750000005,0.0171796875000005
09:41:42.652,0.0904218750000005,0.0171796875000005
09:41:42.754,0.0904218750000005,0.0171796875000005
09:41:42.855,0.0904218750000005,0.0171796875000005
09:41:42.956,0.0904218750000005,0.0171796875000005
09:41:43.057,0.0904218750000005,0.0171796875000005
09:41:43.158,0.0904218750000005,0.0171796875000005
09:41:43.260,0.0904218750000005,0.0171796875000005
09:41:43.361,0.0904218750000005,0.0171796875000005
09:41:43.461,0.0904218750000005,0.0171796875000005
09:41:43.563,0.0904218750000005,0.0171796875000005
09:41:43.664,0.0904218750000005,0.0171796875000005
09:41:43.766,0.0895187500000005,0.0171796875000005
09:41:43.867,0.0895187500000005,0.0171796875000005
09:41:43.968,0.0904218750000005,0.0171796875000005
09:41:44.069,0.0904218750000005,0.0171796875000005
09:41:44.170,0.0904218750000005,0.0171796875000005
09:41:44.271,0.0904218750000005,0.0171796875000005
09:41:44.372,0.0904218750000005,0.0171796875000005
09:41:44.471,0.0895187500000005,0.0171796875000005
09:41:44.571,0.0895187500000005,0.0171796875000005
09:41:44.675,0.0895187500000005,0.0171796875000005
09:41:44.775,0.0895187500000005,0.0171796875000005
09:41:44.877,0.0895187500000005,0.0180843750000007
09:41:44.978,0.0904218750000005,0.0180843750000007
09:41:45.078,0.0904218750000005,0.0180843750000007
09:41:45.179,0.0904218750000005,0.0171796875000005
09:41:45.280,0.0904218750000005,0.0171796875000005
09:41:45.381,0.0904218750000005,0.0180843750000007
09:41:45.483,0.0904218750000005,0.0180843750000007
09:41:45.582,0.0904218750000005,0.0180843750000007
09:41:45.684,0.0904218750000005,0.0171796875000005
09:41:45.784,0.0904218750000005,0.0171796875000005
09:41:45.884,0.0904218750000005,0.0171796875000005
09:41:45.985,0.0895187500000005,0.0171796875000005
09:41:46.086,0.0895187500000005,0.0171796875000005
09:41:46.188,0.0904218750000005,0.0171796875000005
09:41:46.291,0.0904218750000005,0.0171796875000005
09:41:46.391,0.0904218750000005,0.0171796875000005
09:41:46.491,0.0904218750000005,0.0171796875000005
09:41:46.593,0.0904218750000005,0.0171796875000005
09:41:46.695,0.0904218750000005,0.0171796875000005
09:41:46.795,0.0904218750000005,0.0171796875000005
09:41:46.896,0.0904218750000005,0.0171796875000005
09:41:46.996,0.0904218750000005,0.0171796875000005
09:41:47.097,0.0904218750000005,0.0171796875000005
09:41:47.198,0.0904218750000005,0.0171796875000005
09:41:47.298,0.0904218750000005,0.0171796875000005
09:41:47.399,0.0904218750000005,0.0171796875000005
09:41:47.500,0.0904218750000005,0.0171796875000005
09:41:47.601,0.0904218750000005,0.0171796875000005
09:41:47.701,0.0904218750000005,0.0171796875000005
09:41:47.802,0.0904218750000005,0.0171796875000005
09:41:47.902,0.0904218750000005,0.0171796875000005
09:41:48.003,0.0904218750000005,0.0171796875000005
09:41:48.104,0.0904218750000005,0.0171796875000005
09:41:48.206,0.0904218750000005,0.0171796875000005
09:41:48.307,0.0904218750000005,0.0171796875000005
09:41:48.408,0.0904218750000005,0.0171796875000005
09:41:48.509,0.0904218750000005,0.0171796875000005
09:41:48.610,0.0904218750000005,0.0171796875000005
09:41:48.711,0.0904218750000005,0.0171796875000005
09:41:48.812,0.0904218750000005,0.0171796875000005
09:41:48.913,0.0904218750000005,0.0171796875000005
09:41:49.013,0.0904218750000005,0.0171796875000005
09:41:49.114,0.0904218750000005,0.0171796875000005
09:41:49.215,0.0904218750000005,0.0171796875000005
09:41:49.316,0.0904218750000005,0.0171796875000005
09:41:49.417,0.0904218750000005,0.0171796875000005
09:41:49.519,0.0904218750000005,0.0171796875000005
09:41:49.620,0.0904218750000005,0.0171796875000005
09:41:49.721,0.0904218750000005,0.0171796875000005
09:41:49.822,0.0904218750000005,0.0171796875000005
09:41:49.924,0.0904218750000005,0.0171796875000005
09:41:50.024,0.0904218750000005,0.0171796875000005
09:41:50.125,0.0904218750000005,0.0171796875000005
09:41:50.227,0.0904218750000005,0.0171796875000005
09:41:50.328,0.0904218750000005,0.0171796875000005
09:41:50.429,0.0904218750000005,0.0171796875000005
09:41:50.529,0.0904218750000005,0.0171796875000005
09:41:50.629,0.0904218750000005,0.0171796875000005
09:41:50.730,0.0904218750000005,0.0171796875000005
09:41:50.830,0.0904218750000005,0.0171796875000005
09:41:50.931,0.0904218750000005,0.0171796875000005
09:41:51.031,0.0904218750000005,0.0171796875000005
09:41:51.132,0.0904218750000005,0.0171796875000005
09:41:51.233,0.0904218750000005,0.0171796875000005
09:41:51.334,0.0904218750000005,0.0171796875000005
09:41:51.435,0.0904218750000005,0.0171796875000005
09:41:51.536,0.0904218750000005,0.0171796875000005
09:41:51.637,0.0904218750000005,0.0171796875000005
09:41:51.739,0.0904218750000005,0.0171796875000005
09:41:51.840,0.0904218750000005,0.0171796875000005
09:41:51.939,0.0904218750000005,0.0171796875000005
09:41:52.040,0.0904218750000005,0.0171796875000005
09:41:52.140,0.0904218750000005,0.0171796875000005
09:41:52.240,0.0904218750000005,0.0171796875000005
09:41:52.342,0.0904218750000005,0.0171796875000005
09:41:52.444,0.0904218750000005,0.0171796875000005
09:41:52.543,0.0904218750000005,0.0171796875000005
09:41:52.644,0.0904218750000005,0.0171796875000005
09:41:52.745,0.0904218750000005,0.0171796875000005
09:41:52.845,0.0904218750000005,0.0171796875000005
09:41:52.946,0.0904218750000005,0.0171796875000005
09:41:53.048,0.0904218750000005,0.0171796875000005
09:41:53.149,0.0904218750000005,0.0171796875000005
09:41:53.250,0.0904218750000005,0.0171796875000005
09:41:53.352,0.0904218750000005,0.0171796875000005
09:41:53.453,0.0904218750000005,0.0171796875000005
09:41:53.554,0.0904218750000005,0.0171796875000005
09:41:53.655,0.0904218750000005,0.0171796875000005
09:41:53.756,0.0904218750000005,0.0171796875000005
09:41:53.856,0.0904218750000005,0.0171796875000005
09:41:53.956,0.0904218750000005,0.0171796875000005
09:41:54.056,0.0904218750000005,0.0171796875000005
09:41:54.156,0.0904218750000005,0.0171796875000005
09:41:54.258,0.0904218750000005,0.0171796875000005
09:41:54.359,0.0904218750000005,0.0171796875000005
09:41:54.460,0.0904218750000005,0.0171796875000005
09:41:54.560,0.0904218750000005,0.0171796875000005
09:41:54.662,0.0904218750000005,0.0171796875000005
09:41:54.764,0.0904218750000005,0.0171796875000005
09:41:54.865,0.0904218750000005,0.0171796875000005
09:41:54.966,0.0904218750000005,0.0171796875000005
09:41:55.066,0.0904218750000005,0.0171796875000005
09:41:55.168,0.0904218750000005,0.0171796875000005
09:41:55.269,0.0904218750000005,0.0171796875000005
09:41:55.370,0.0904218750000005,0.0171796875000005
09:41:55.470,0.0904218750000005,0.0171796875000005
09:41:55.570,0.0904218750000005,0.0171796875000005
09:41:55.672,0.0904218750000005,0.0171796875000005
09:41:55.771,0.0904218750000005,0.0171796875000005
09:41:55.871,0.0904218750000005,0.0171796875000005
09:41:55.972,0.0904218750000005,0.0171796875000005
09:41:56.072,0.0904218750000005,0.0171796875000005
09:41:56.173,0.0904218750000005,0.0171796875000005
09:41:56.273,0.0904218750000005,0.0171796875000005
09:41:56.374,0.0904218750000005,0.0171796875000005
09:41:56.474,0.0904218750000005,0.0171796875000005
09:41:56.575,0.0904218750000005,0.0171796875000005
09:41:56.676,0.0904218750000005,0.0171796875000005
09:41:56.776,0.0904218750000005,0.0171796875000005
09:41:56.877,0.0904218750000005,0.0171796875000005
09:41:56.977,0.0904218750000005,0.0171796875000005
09:41:57.078,0.0904218750000005,0.0171796875000005
09:41:57.180,0.0904218750000005,0.0171796875000005
09:41:57.282,0.0904218750000005,0.0171796875000005
09:41:57.384,0.0904218750000005,0.0171796875000005
09:41:57.483,0.0904218750000005,0.0171796875000005
09:41:57.584,0.0904218750000005,0.0171796875000005
09:41:57.684,0.0904218750000005,0.0171796875000005
09:41:57.785,0.0904218750000005,0.0171796875000005
09:41:57.886,0.0904218750000005,0.0171796875000005
09:41:57.985,0.0904218750000005,0.0171796875000005
09:41:58.085,0.0904218750000005,0.0171796875000005
09:41:58.186,0.0904218750000005,0.0171796875000005
09:41:58.286,0.0904218750000005,0.0171796875000005
09:41:58.386,0.0904218750000005,0.0171796875000005
09:41:58.486,0.0904218750000005,0.0171796875000005
09:41:58.587,0.0904218750000005,0.0171796875000005
09:41:58.687,0.0904218750000005,0.0171796875000005
09:41:58.788,0.0904218750000005,0.0171796875000005
09:41:58.889,0.0904218750000005,0.0171796875000005
09:41:58.990,0.0904218750000005,0.0171796875000005
09:41:59.090,0.0904218750000005,0.0171796875000005
09:41:59.192,0.0904218750000005,0.0171796875000005
09:41:59.293,0.0904218750000005,0.0171796875000005
09:41:59.394,0.0904218750000005,0.0171796875000005
09:41:59.495,0.0904218750000005,0.0171796875000005
09:41:59.595,0.0904218750000005,0.0171796875000005
09:41:59.696,0.0904218750000005,0.0171796875000005
09:41:59.797,0.0904218750000005,0.0171796875000005
09:41:59.897,0.0904218750000005,0.0171796875000005
09:41:59.998,0.0904218750000005,0.0171796875000005
09:42:00.100,0.0904218750000005,0.0171796875000005
09:42:00.201,0.0904218750000005,0.0171796875000005
09:42:00.301,0.0904218750000005,0.0171796875000005
09:42:00.401,0.0904218750000005,0.0171796875000005
09:42:00.502,0.0904218750000005,0.0171796875000005
09:42:00.603,0.0904218750000005,0.0171796875000005
09:42:00.702,0.0904218750000005,0.0171796875000005
09:42:00.802,0.0904218750000005,0.0171796875000005
09:42:00.903,0.0904218750000005,0.0171796875000005
09:42:01.005,0.0904218750000005,0.0171796875000005
09:42:01.105,0.0904218750000005,0.0171796875000005
09:42:01.206,0.0904218750000005,0.0171796875000005
09:42:01.306,0.0904218750000005,0.0171796875000005
09:42:01.406,0.0904218750000005,0.0171796875000005
09:42:01.507,0.0904218750000005,0.0171796875000005
09:42:01.609,0.0904218750000005,0.0171796875000005
09:42:01.709,0.0904218750000005,0.0171796875000005
09:42:01.810,0.0904218750000005,0.0171796875000005
09:42:01.910,0.0904218750000005,0.0171796875000005
09:42:02.012,0.0904218750000005,0.0171796875000005
09:42:02.112,0.0904218750000005,0.0171796875000005
09:42:02.213,0.0904218750000005,0.0171796875000005
09:42:02.315,0.0904218750000005,0.0171796875000005
09:42:02.416,0.0904218750000005,0.0171796875000005
09:42:02.517,0.0904218750000005,0.0171796875000005
09:42:02.619,0.0904218750000005,0.0171796875000005
09:42:02.719,0.0904218750000005,0.0171796875000005
09:42:02.820,0.0904218750000005,0.0171796875000005
09:42:02.921,0.0904218750000005,0.0171796875000005
09:42:03.022,0.0904218750000005,0.0171796875000005
09:42:03.123,0.0904218750000005,0.0171796875000005
09:42:03.223,0.0904218750000005,0.0171796875000005
09:42:03.323,0.0904218750000005,0.0171796875000005
09:42:03.423,0.0904218750000005,0.0171796875000005
09:42:03.524,0.0904218750000005,0.0171796875000005
09:42:03.626,0.0904218750000005,0.0171796875000005
09:42:03.727,0.0904218750000005,0.0171796875000005
09:42:03.828,0.0904218750000005,0.0171796875000005
09:42:03.930,0.0904218750000005,0.0171796875000005
09:42:04.030,0.0904218750000005,0.0171796875000005
09:42:04.130,0.0904218750000005,0.0171796875000005
09:42:04.231,0.0904218750000005,0.0171796875000005
09:42:04.332,0.0904218750000005,0.0171796875000005
09:42:04.433,0.0904218750000005,0.0171796875000005
09:42:04.533,0.0904218750000005,0.0171796875000005
09:42:04.634,0.0904218750000005,0.0171796875000005
09:42:04.734,0.0904218750000005,0.0171796875000005
09:42:04.835,0.0904218750000005,0.0171796875000005
09:42:04.936,0.0904218750000005,0.0171796875000005
09:42:05.037,0.0904218750000005,0.0171796875000005
09:42:05.138,0.0904218750000005,0.0171796875000005
09:42:05.239,0.0904218750000005,0.0171796875000005
09:42:05.340,0.0904218750000005,0.0171796875000005
09:42:05.441,0.0904218750000005,0.0171796875000005
09:42:05.540,0.0904218750000005,0.0171796875000005
09:42:05.641,0.0904218750000005,0.0171796875000005
09:42:05.742,0.0904218750000005,0.0171796875000005
09:42:05.843,0.0904218750000005,0.0171796875000005
09:42:05.944,0.0904218750000005,0.0171796875000005
09:42:06.046,0.0904218750000005,0.0171796875000005
09:42:06.148,0.0904218750000005,0.0171796875000005
09:42:06.248,0.0904218750000005,0.0171796875000005
09:42:06.348,0.0904218750000005,0.0171796875000005
09:42:06.449,0.0904218750000005,0.0171796875000005
09:42:06.551,0.0904218750000005,0.0171796875000005
09:42:06.651,0.0904218750000005,0.0171796875000005
09:42:06.752,0.0904218750000005,0.0171796875000005
09:42:06.853,0.0904218750000005,0.0171796875000005
09:42:06.953,0.0904218750000005,0.0171796875000005
09:42:07.053,0.0904218750000005,0.0171796875000005
09:42:07.155,0.0904218750000005,0.0171796875000005
09:42:07.257,0.0904218750000005,0.0171796875000005
09:42:07.358,0.0904218750000005,0.0171796875000005
09:42:07.459,0.0904218750000005,0.0171796875000005
09:42:07.559,0.0904218750000005,0.0171796875000005
09:42:07.660,0.0904218750000005,0.0171796875000005
09:42:07.761,0.0904218750000005,0.0171796875000005
09:42:07.862,0.0904218750000005,0.0171796875000005
09:42:07.962,0.0904218750000005,0.0171796875000005
09:42:08.063,0.0904218750000005,0.0171796875000005
09:42:08.166,0.0904218750000005,0.0171796875000005
09:42:08.267,0.0904218750000005,0.0171796875000005
09:42:08.367,0.0904218750000005,0.0171796875000005
09:42:08.468,0.0904218750000005,0.0171796875000005
09:42:08.568,0.0904218750000005,0.0171796875000005
09:42:08.670,0.0904218750000005,0.0171796875000005
09:42:08.770,0.0904218750000005,0.0171796875000005
09:42:08.871,0.0904218750000005,0.0171796875000005
09:42:08.972,0.0904218750000005,0.0171796875000005
09:42:09.071,0.0904218750000005,0.0171796875000005
09:42:09.172,0.0904218750000005,0.0171796875000005
09:42:09.273,0.0904218750000005,0.0171796875000005
09:42:09.375,0.0904218750000005,0.0171796875000005
09:42:09.475,0.0904218750000005,0.0171796875000005
09:42:09.576,0.0904218750000005,0.0171796875000005
09:42:09.677,0.0904218750000005,0.0171796875000005
09:42:09.778,0.0904218750000005,0.0171796875000005
09:42:09.878,0.0904218750000005,0.0171796875000005
09:42:09.978,0.0904218750000005,0.0171796875000005
09:42:10.079,0.0904218750000005,0.0171796875000005
09:42:10.180,0.0904218750000005,0.0171796875000005
09:42:10.281,0.0904218750000005,0.0171796875000005
09:42:10.383,0.0904218750000005,0.0171796875000005
09:42:10.484,0.0904218750000005,0.0171796875000005
09:42:10.585,0.0904218750000005,0.0171796875000005
09:42:10.685,0.0904218750000005,0.0171796875000005
09:42:10.786,0.0904218750000005,0.0171796875000005
09:42:10.887,0.0904218750000005,0.0171796875000005
09:42:10.989,0.0904218750000005,0.0171796875000005
09:42:11.089,0.0904218750000005,0.0171796875000005
09:42:11.190,0.0904218750000005,0.0171796875000005
09:42:11.292,0.0904218750000005,0.0171796875000005
09:42:11.394,0.0904218750000005,0.0171796875000005
09:42:11.494,0.0904218750000005,0.0171796875000005
09:42:11.596,0.0904218750000005,0.0171796875000005
09:42:11.698,0.0904218750000005,0.0171796875000005
09:42:11.800,0.0904218750000005,0.0171796875000005
09:42:11.902,0.0904218750000005,0.0171796875000005
09:42:12.002,0.0904218750000005,0.0171796875000005
09:42:12.103,0.0904218750000005,0.0171796875000005
09:42:12.204,0.0904218750000005,0.0171796875000005
09:42:12.304,0.0904218750000005,0.0171796875000005
09:42:12.405,0.0904218750000005,0.0171796875000005
09:42:12.506,0.0904218750000005,0.0171796875000005
09:42:12.607,0.0895187500000005,0.0171796875000005
09:42:12.708,0.0895187500000005,0.0171796875000005
09:42:12.810,0.0895187500000005,0.0171796875000005
09:42:12.909,0.0904218750000005,0.0171796875000005
09:42:13.011,0.0904218750000005,0.0171796875000005
09:42:13.112,0.0904218750000005,0.0171796875000005
09:42:13.212,0.0904218750000005,0.0171796875000005
09:42:13.313,0.0904218750000005,0.0171796875000005
09:42:13.412,0.0904218750000005,0.0171796875000005
09:42:13.514,0.0904218750000005,0.0171796875000005
09:42:13.615,0.0904218750000005,0.0171796875000005
09:42:13.716,0.0904218750000005,0.0171796875000005
09:42:13.817,0.0904218750000005,0.0171796875000005
09:42:13.917,0.0904218750000005,0.0171796875000005
09:42:14.017,0.0904218750000005,0.0171796875000005
09:42:14.118,0.0904218750000005,0.0171796875000005
09:42:14.219,0.0904218750000005,0.0171796875000005
09:42:14.319,0.0904218750000005,0.0171796875000005
09:42:14.420,0.0904218750000005,0.0171796875000005
09:42:14.520,0.0904218750000005,0.0171796875000005
09:42:14.621,0.0895187500000005,0.0171796875000005
09:42:14.723,0.0895187500000005,0.0171796875000005
09:42:14.825,0.0895187500000005,0.0171796875000005
09:42:14.926,0.0895187500000005,0.0171796875000005
09:42:15.028,0.0895187500000005,0.0171796875000005
09:42:15.128,0.0904218750000005,0.0171796875000005
09:42:15.228,0.0904218750000005,0.0171796875000005
09:42:15.329,0.0904218750000005,0.0171796875000005
09:42:15.431,0.0904218750000005,0.0171796875000005
09:42:15.531,0.0904218750000005,0.0171796875000005
09:42:15.632,0.0904218750000005,0.0171796875000005
09:42:15.732,0.0904218750000005,0.0171796875000005
09:42:15.834,0.0904218750000005,0.0171796875000005
09:42:15.934,0.0904218750000005,0.0171796875000005
09:42:16.035,0.0904218750000005,0.0171796875000005
09:42:16.136,0.0904218750000005,0.0171796875000005
09:42:16.238,0.0904218750000005,0.0171796875000005
09:42:16.341,0.0904218750000005,0.0171796875000005
09:42:16.442,0.0904218750000005,0.0171796875000005
09:42:16.544,0.0904218750000005,0.0171796875000005
09:42:16.643,0.0904218750000005,0.0171796875000005
09:42:16.743,0.0904218750000005,0.0171796875000005
09:42:16.845,0.0904218750000005,0.0171796875000005
09:42:16.946,0.0904218750000005,0.0171796875000005
09:42:17.046,0.0904218750000005,0.0171796875000005
09:42:17.147,0.0904218750000005,0.0171796875000005
09:42:17.247,0.0904218750000005,0.0171796875000005
09:42:17.348,0.0904218750000005,0.0171796875000005
09:42:17.449,0.0904218750000005,0.0171796875000005
09:42:17.550,0.0904218750000005,0.0171796875000005
09:42:17.650,0.0904218750000005,0.0171796875000005
09:42:17.750,0.0904218750000005,0.0171796875000005
09:42:17.850,0.0904218750000005,0.0171796875000005
09:42:17.951,0.0904218750000005,0.0171796875000005
09:42:18.052,0.0904218750000005,0.0171796875000005
09:42:18.154,0.0904218750000005,0.0171796875000005
09:42:18.254,0.0904218750000005,0.0171796875000005
09:42:18.354,0.0904218750000005,0.0171796875000005
09:42:18.454,0.0904218750000005,0.0171796875000005
09:42:18.556,0.0904218750000005,0.0171796875000005
09:42:18.656,0.0904218750000005,0.0171796875000005
09:42:18.756,0.0904218750000005,0.0171796875000005
09:42:18.857,0.0904218750000005,0.0171796875000005
09:42:18.957,0.0904218750000005,0.0171796875000005
09:42:19.059,0.0904218750000005,0.0171796875000005
09:42:19.160,0.0904218750000005,0.0171796875000005
09:42:19.261,0.0904218750000005,0.0171796875000005
09:42:19.362,0.0904218750000005,0.0171796875000005
09:42:19.462,0.0904218750000005,0.0171796875000005
09:42:19.563,0.0904218750000005,0.0171796875000005
09:42:19.664,0.0904218750000005,0.0171796875000005
09:42:19.764,0.0904218750000005,0.0171796875000005
09:42:19.864,0.0904218750000005,0.0171796875000005
09:42:19.964,0.0904218750000005,0.0171796875000005
09:42:20.065,0.0904218750000005,0.0171796875000005
09:42:20.166,0.0904218750000005,0.0171796875000005
09:42:20.266,0.0904218750000005,0.0171796875000005
09:42:20.366,0.0904218750000005,0.0171796875000005
09:42:20.467,0.0904218750000005,0.0171796875000005
09:42:20.567,0.0904218750000005,0.0171796875000005
09:42:20.667,0.0904218750000005,0.0171796875000005
09:42:20.769,0.0904218750000005,0.0171796875000005
09:42:20.871,0.0904218750000005,0.0171796875000005
09:42:20.973,0.0904218750000005,0.0171796875000005
09:42:21.074,0.0904218750000005,0.0171796875000005
09:42:21.175,0.0904218750000005,0.0171796875000005
09:42:21.275,0.0904218750000005,0.0171796875000005
09:42:21.375,0.0904218750000005,0.0171796875000005
09:42:21.476,0.0904218750000005,0.0171796875000005
09:42:21.577,0.0904218750000005,0.0171796875000005
09:42:21.677,0.0904218750000005,0.0171796875000005
09:42:21.780,0.0904218750000005,0.0171796875000005
09:42:21.880,0.0904218750000005,0.0171796875000005
09:42:21.980,0.0904218750000005,0.0171796875000005
09:42:22.080,0.0904218750000005,0.0171796875000005
09:42:22.181,0.0904218750000005,0.0171796875000005
09:42:22.281,0.0904218750000005,0.0171796875000005
09:42:22.382,0.0904218750000005,0.0171796875000005
09:42:22.482,0.0904218750000005,0.0171796875000005
09:42:22.584,0.0904218750000005,0.0171796875000005
09:42:22.683,0.0904218750000005,0.0171796875000005
09:42:22.783,0.0904218750000005,0.0171796875000005
09:42:22.883,0.0904218750000005,0.0171796875000005
09:42:22.984,0.0904218750000005,0.0171796875000005
09:42:23.085,0.0904218750000005,0.0171796875000005
09:42:23.186,0.0904218750000005,0.0171796875000005
09:42:23.286,0.0904218750000005,0.0171796875000005
09:42:23.387,0.0904218750000005,0.0171796875000005
09:42:23.488,0.0904218750000005,0.0171796875000005
09:42:23.589,0.0904218750000005,0.0171796875000005
09:42:23.689,0.0904218750000005,0.0171796875000005
09:42:23.789,0.0904218750000005,0.0171796875000005
09:42:23.891,0.0904218750000005,0.0171796875000005
09:42:23.991,0.0904218750000005,0.0171796875000005
09:42:24.091,0.0904218750000005,0.0171796875000005
09:42:24.191,0.0904218750000005,0.0171796875000005
09:42:24.292,0.0904218750000005,0.0171796875000005
09:42:24.393,0.0904218750000005,0.0171796875000005
09:42:24.494,0.0904218750000005,0.0171796875000005
09:42:24.596,0.0904218750000005,0.0171796875000005
09:42:24.696,0.0904218750000005,0.0171796875000005
09:42:24.797,0.0904218750000005,0.0171796875000005
09:42:24.897,0.0904218750000005,0.0171796875000005
09:42:24.999,0.0904218750000005,0.0171796875000005
09:42:25.099,0.0904218750000005,0.0171796875000005
09:42:25.200,0.0904218750000005,0.0171796875000005
09:42:25.301,0.0904218750000005,0.0171796875000005
09:42:25.401,0.0904218750000005,0.0171796875000005
09:42:25.503,0.0904218750000005,0.0171796875000005
09:42:25.603,0.0904218750000005,0.0171796875000005
09:42:25.703,0.0904218750000005,0.0171796875000005
09:42:25.803,0.0904218750000005,0.0171796875000005
09:42:25.905,0.0904218750000005,0.0171796875000005
09:42:26.006,0.0904218750000005,0.0171796875000005
09:42:26.106,0.0904218750000005,0.0171796875000005
09:42:26.209,0.0904218750000005,0.0171796875000005
09:42:26.310,0.0904218750000005,0.0171796875000005
09:42:26.410,0.0904218750000005,0.0171796875000005
09:42:26.511,0.0904218750000005,0.0171796875000005
09:42:26.612,0.0904218750000005,0.0171796875000005
09:42:26.713,0.0904218750000005,0.0171796875000005
09:42:26.813,0.0904218750000005,0.0171796875000005
09:42:26.913,0.0904218750000005,0.0171796875000005
09:42:27.015,0.0904218750000005,0.0171796875000005
09:42:27.116,0.0904218750000005,0.0171796875000005
09:42:27.216,0.0904218750000005,0.0171796875000005
09:42:27.319,0.0904218750000005,0.0171796875000005
09:42:27.420,0.0904218750000005,0.0171796875000005
09:42:27.521,0.0904218750000005,0.0171796875000005
09:42:27.621,0.0904218750000005,0.0171796875000005
09:42:27.722,0.0904218750000005,0.0171796875000005
09:42:27.824,0.0904218750000005,0.0171796875000005
09:42:27.925,0.0904218750000005,0.0171796875000005
09:42:28.026,0.0904218750000005,0.0171796875000005
09:42:28.127,0.0904218750000005,0.0171796875000005
09:42:28.229,0.0904218750000005,0.0171796875000005
09:42:28.328,0.0904218750000005,0.0171796875000005
09:42:28.428,0.0904218750000005,0.0171796875000005
09:42:28.529,0.0904218750000005,0.0171796875000005
09:42:28.628,0.0904218750000005,0.0171796875000005
09:42:28.728,0.0904218750000005,0.0171796875000005
09:42:28.829,0.0904218750000005,0.0171796875000005
09:42:28.929,0.0904218750000005,0.0171796875000005
09:42:29.030,0.0904218750000005,0.0171796875000005
09:42:29.132,0.0904218750000005,0.0171796875000005
09:42:29.233,0.0904218750000005,0.0171796875000005
09:42:29.334,0.0904218750000005,0.0171796875000005
09:42:29.435,0.0913265625000007,0.0171796875000005
09:42:29.535,0.0913265625000007,0.0171796875000005
09:42:29.636,0.0904218750000005,0.0171796875000005
09:42:29.737,0.0904218750000005,0.0171796875000005
09:42:29.838,0.0904218750000005,0.0171796875000005
09:42:29.938,0.0904218750000005,0.0171796875000005
09:42:30.039,0.0904218750000005,0.0171796875000005
09:42:30.140,0.0904218750000005,0.0171796875000005
09:42:30.241,0.0904218750000005,0.0171796875000005
09:42:30.342,0.0904218750000005,0.0171796875000005
09:42:30.442,0.0904218750000005,0.0171796875000005
09:42:30.543,0.0904218750000005,0.0171796875000005
09:42:30.643,0.0904218750000005,0.0171796875000005
09:42:30.745,0.0904218750000005,0.0171796875000005
09:42:30.845,0.0904218750000005,0.0171796875000005
09:42:30.946,0.0904218750000005,0.0171796875000005
09:42:31.047,0.0904218750000005,0.0171796875000005
09:42:31.150,0.0904218750000005,0.0171796875000005
09:42:31.252,0.0904218750000005,0.0171796875000005
09:42:31.352,0.0904218750000005,0.0171796875000005
09:42:31.452,0.0904218750000005,0.0171796875000005
09:42:31.552,0.0904218750000005,0.0171796875000005
09:42:31.653,0.0904218750000005,0.0171796875000005
09:42:31.754,0.0904218750000005,0.0171796875000005
09:42:31.854,0.0904218750000005,0.0171796875000005
09:42:31.954,0.0904218750000005,0.0171796875000005
09:42:32.056,0.0904218750000005,0.0162765625000005
09:42:32.156,0.0904218750000005,0.0162765625000005
09:42:32.256,0.0904218750000005,0.0162765625000005
09:42:32.357,0.0904218750000005,0.0171796875000005
09:42:32.457,0.0904218750000005,0.0171796875000005
09:42:32.558,0.0904218750000005,0.0180843750000007
09:42:32.658,0.0904218750000005,0.0180843750000007
09:42:32.758,0.0904218750000005,0.0180843750000007
09:42:32.860,0.0904218750000005,0.0171796875000005
09:42:32.959,0.0904218750000005,0.0171796875000005
09:42:33.060,0.0904218750000005,0.0171796875000005
09:42:33.161,0.0904218750000005,0.0171796875000005
09:42:33.262,0.0904218750000005,0.0171796875000005
09:42:33.364,0.0895187500000005,0.0171796875000005
09:42:33.466,0.0895187500000005,0.0171796875000005
09:42:33.565,0.0895187500000005,0.0171796875000005
09:42:33.665,0.0904218750000005,0.0171796875000005
09:42:33.765,0.0904218750000005,0.0171796875000005
09:42:33.866,0.0904218750000005,0.0171796875000005
09:42:33.967,0.0904218750000005,0.0171796875000005
09:42:34.068,0.0904218750000005,0.0171796875000005
09:42:34.169,0.0904218750000005,0.0171796875000005
09:42:34.270,0.0904218750000005,0.0171796875000005
09:42:34.372,0.0904218750000005,0.0171796875000005
09:42:34.472,0.0904218750000005,0.0171796875000005
09:42:34.573,0.0913265625000007,0.0171796875000005
09:42:34.675,0.0913265625000007,0.0171796875000005
09:42:34.775,0.0913265625000007,0.0406906250000005
09:42:34.875,0.1220703125,0.0406906250000005
09:42:34.976,0.1220703125,0.0406906250000005
09:42:35.078,0.1681859375,0.0931343749999994
09:42:35.180,0.1681859375,0.0931343749999994
09:42:35.281,0.1681859375,0.103985937499999
09:42:35.382,0.1736109375,0.103985937499999
09:42:35.485,0.1736109375,0.103985937499999
09:42:35.587,0.198025,0.123878125
09:42:35.688,0.198025,0.123878125
09:42:35.789,0.198025,0.1808453125
09:42:35.890,0.2558953125,0.1808453125
09:42:35.991,0.2558953125,0.226056249999999
09:42:36.091,0.29025625,0.226056249999999
09:42:36.191,0.29025625,0.226056249999999
09:42:36.291,0.29025625,0.2405234375
09:42:36.392,0.305628125,0.2405234375
09:42:36.493,0.305628125,0.301106249999999
09:42:36.595,0.370732812500001,0.301106249999999
09:42:36.696,0.370732812500001,0.301106249999999
09:42:36.797,0.414134375,0.3535515625
09:42:36.898,0.414134375,0.3535515625
09:42:36.998,0.414134375,0.3815828125
09:42:37.099,0.4403578125,0.3815828125
09:42:37.199,0.4403578125,0.3815828125
09:42:37.303,0.509078125,0.439453125
09:42:37.403,0.509078125,0.439453125
09:42:37.504,0.509078125,0.47743125
09:42:37.605,0.5253546875,0.47743125
09:42:37.706,0.5253546875,0.47743125
09:42:37.807,0.539821875,0.4891859375
09:42:37.908,0.539821875,0.4891859375
09:42:38.009,0.539821875,0.509078125
09:42:38.111,0.56061875,0.509078125
09:42:38.211,0.56061875,0.509078125
09:42:38.311,0.5768953125,0.5271625
09:42:38.413,0.5768953125,0.5271625
09:42:38.516,0.5768953125,0.555193750000001
09:42:38.616,0.604926562499999,0.555193750000001
09:42:38.717,0.604926562499999,0.5750875
09:42:38.819,0.6230109375,0.5750875
09:42:38.919,0.6230109375,0.5750875
09:42:39.019,0.6230109375,0.603117187500001
09:42:39.122,0.6483296875,0.603117187500001
09:42:39.224,0.6483296875,0.632053125
09:42:39.325,0.68630625,0.632053125
09:42:39.424,0.68630625,0.632053125
09:42:39.525,0.712529687500001,0.6745515625
09:42:39.625,0.712529687500001,0.6745515625
09:42:39.726,0.712529687500001,0.6745515625
09:42:39.826,0.7197625,0.6745515625
09:42:39.926,0.7197625,0.6745515625
09:42:40.027,0.738751562499999,0.6953484375
09:42:40.127,0.738751562499999,0.6953484375
09:42:40.227,0.738751562499999,0.722475
09:42:40.329,0.768590625,0.722475
09:42:40.429,0.768590625,0.722475
09:42:40.530,0.81470625,0.765878125
09:42:40.630,0.81470625,0.765878125
09:42:40.731,0.81470625,0.821940625000001
09:42:40.833,0.870768750000001,0.821940625000001
09:42:40.934,0.870768750000001,0.821940625000001
09:42:41.035,0.945818750000001,0.894278125
09:42:41.135,0.945818750000001,0.894278125
09:42:41.236,0.945818750000001,0.9874125
09:42:41.336,1.043475,0.9874125
09:42:41.437,1.043475,1.0443796875
09:42:41.537,1.08235625,1.0443796875
09:42:41.638,1.08235625,1.0443796875
09:42:41.739,1.08235625,1.086878125
09:42:41.839,1.1212390625,1.086878125
09:42:41.939,1.1212390625,1.14113125
09:42:42.040,1.1782046875,1.14113125
09:42:42.141,1.1782046875,1.14113125
09:42:42.242,1.1854390625,1.1574078125
09:42:42.343,1.1854390625,1.1574078125
09:42:42.443,1.1854390625,1.161928125
09:42:42.544,1.1908640625,1.161928125
09:42:42.645,1.1908640625,1.161928125
09:42:42.746,1.2279375,1.19990625
09:42:42.846,1.2279375,1.19990625
09:42:42.946,1.2279375,1.2197984375
09:42:43.047,1.243309375,1.2197984375
09:42:43.149,1.243309375,1.2197984375
09:42:43.250,1.2532546875,1.225225
09:42:43.352,1.2532546875,1.225225
09:42:43.454,1.2532546875,1.2523515625
09:42:43.554,1.282190625,1.2523515625
09:42:43.655,1.282190625,1.2523515625
09:42:43.756,1.3138375,1.26953125
09:42:43.857,1.3138375,1.26953125
09:42:43.957,1.3138375,1.3346359375
09:42:44.058,1.3527203125,1.3346359375
09:42:44.159,1.3527203125,1.329209375
09:42:44.260,1.3481984375,1.329209375
09:42:44.364,1.3481984375,1.329209375
09:42:44.465,1.343678125,1.3246890625
09:42:44.565,1.343678125,1.3246890625
09:42:44.667,1.343678125,1.32288125
09:42:44.768,1.3427734375,1.32288125
09:42:44.869,1.3427734375,1.32288125
09:42:44.970,1.3427734375,1.32288125
09:42:45.071,1.3427734375,1.32288125
09:42:45.173,1.3427734375,1.3219765625
09:42:45.273,1.340965625,1.3219765625
09:42:45.374,1.340965625,1.3219765625
09:42:45.475,1.340965625,1.321071875
09:42:45.576,1.340965625,1.321071875
09:42:45.678,1.340965625,1.321071875
09:42:45.779,1.340965625,1.321071875
09:42:45.880,1.340965625,1.321071875
09:42:45.981,1.340965625,1.321071875
09:42:46.082,1.340965625,1.321071875
09:42:46.183,1.340965625,1.32830625
09:42:46.282,1.351815625,1.32830625
09:42:46.382,1.351815625,1.357240625
09:42:46.483,1.3843671875,1.357240625
09:42:46.583,1.3843671875,1.357240625
09:42:46.685,1.580584375,1.46213125
09:42:46.788,1.580584375,1.46213125
09:42:46.888,1.580584375,2.0055703125
09:42:46.988,2.10413125,2.0055703125
09:42:47.088,2.10413125,2.0055703125
09:42:47.188,2.2714125,2.2777421875
09:42:47.288,2.2714125,2.2777421875
09:42:47.389,2.2714125,2.261465625
09:42:47.490,2.2596578125,2.261465625
09:42:47.591,2.2596578125,2.261465625
09:42:47.693,2.2677953125,2.266890625
09:42:47.793,2.2677953125,2.266890625
09:42:47.894,2.2677953125,2.2786453125
09:42:47.995,2.27955,2.2786453125
09:42:48.096,2.27955,2.2786453125
09:42:48.197,2.2958265625,2.292209375
09:42:48.298,2.2958265625,2.292209375
09:42:48.399,2.2958265625,2.3247609375
09:42:48.502,2.333803125,2.3247609375
09:42:48.603,2.333803125,2.359121875
09:42:48.705,2.3582171875,2.359121875
09:42:48.805,2.3582171875,2.359121875
09:42:48.906,2.3934828125,2.3763015625
09:42:49.006,2.3934828125,2.3763015625
09:42:49.106,2.3934828125,2.4106625
09:42:49.206,2.445928125,2.4106625
09:42:49.306,2.445928125,2.4106625
09:42:49.406,2.5300203125,2.5372546875
09:42:49.507,2.5300203125,2.5372546875
09:42:49.606,2.5300203125,2.6991109375
09:42:49.707,2.7425125,2.6991109375
09:42:49.808,2.7425125,2.6991109375
09:42:49.908,3.0083546875,2.98575
09:42:50.010,3.0083546875,2.98575
09:42:50.110,3.0083546875,3.1548390625
09:42:50.211,3.2552078125,3.1548390625
09:42:50.312,3.2552078125,3.1548390625
09:42:50.414,3.42881875,3.4577546875
09:42:50.516,3.42881875,3.4577546875
09:42:50.617,3.42881875,3.4550421875
09:42:50.716,3.4369578125,3.4550421875
09:42:50.816,3.4369578125,3.4550421875
09:42:50.917,3.462275,3.47674375
09:42:51.017,3.462275,3.47674375
09:42:51.118,3.462275,3.539134375
09:42:51.219,3.6358875,3.539134375
09:42:51.320,3.6358875,3.87550625
09:42:51.421,3.865559375,3.87550625
09:42:51.522,3.865559375,3.87550625
09:42:51.622,3.865559375,3.95055625
09:42:51.722,3.9125796875,3.95055625
09:42:51.823,3.9125796875,3.9089625
09:42:51.923,3.87550625,3.9089625
09:42:52.023,3.87550625,3.9089625
09:42:52.125,3.851996875,3.882740625
09:42:52.226,3.851996875,3.882740625
09:42:52.327,3.851996875,3.8746015625
09:42:52.428,3.8447625,3.8746015625
09:42:52.529,3.8447625,3.8746015625
09:42:52.631,3.8375296875,3.868271875
09:42:52.733,3.8375296875,3.868271875
09:42:52.833,3.8375296875,3.862846875
09:42:52.934,3.8330078125,3.862846875
09:42:53.035,3.8330078125,3.862846875
09:42:53.135,3.826678125,3.8556140625
09:42:53.235,3.826678125,3.8556140625
09:42:53.335,3.826678125,3.851996875
09:42:53.436,3.821253125,3.851996875
09:42:53.539,3.821253125,3.851996875
09:42:53.640,3.8176359375,3.8456671875
09:42:53.740,3.8176359375,3.8456671875
09:42:53.841,3.8176359375,3.84205
09:42:53.942,3.813115625,3.84205
09:42:54.043,3.813115625,3.8384328125
09:42:54.144,3.8104015625,3.8384328125
09:42:54.245,3.8104015625,3.8384328125
09:42:54.346,3.815828125,3.8402421875
09:42:54.446,3.815828125,3.8402421875
09:42:54.547,3.815828125,3.86465625
09:42:54.647,3.8447625,3.86465625
09:42:54.748,3.8447625,3.86465625
09:42:54.848,3.8773140625,3.896303125
09:42:54.950,3.8773140625,3.896303125
09:42:55.051,3.8773140625,3.9306640625
09:42:55.152,3.910771875,3.9306640625
09:42:55.251,3.910771875,3.9306640625
09:42:55.351,3.9586953125,3.9740671875
09:42:55.452,3.9586953125,3.9740671875
09:42:55.552,3.9586953125,4.139540625
09:42:55.652,4.1232640625,4.139540625
09:42:55.753,4.1232640625,4.139540625
09:42:55.855,4.2308671875,4.2010265625
09:42:55.955,4.2308671875,4.2010265625
09:42:56.055,4.2308671875,4.2932578125
09:42:56.155,4.26613125,4.2932578125
09:42:56.256,4.26613125,4.3339484375
09:42:56.356,4.309534375,4.3339484375
09:42:56.457,4.309534375,4.3339484375
09:42:56.557,4.309534375,4.3809671875
09:42:56.657,4.3592671875,4.3809671875
09:42:56.758,4.3592671875,4.425275
09:42:56.859,4.39995625,4.425275
09:42:56.962,4.39995625,4.425275
09:42:57.063,4.448784375,4.4722953125
09:42:57.163,4.448784375,4.4722953125
09:42:57.264,4.448784375,4.5238359375
09:42:57.364,4.499421875,4.5238359375
09:42:57.465,4.499421875,4.5238359375
09:42:57.565,4.54825,4.574471875
09:42:57.666,4.54825,4.574471875
09:42:57.766,4.54825,4.6269171875
09:42:57.866,4.60069375,4.6269171875
09:42:57.967,4.60069375,4.6269171875
09:42:58.067,4.65404375,4.6793625
09:42:58.167,4.65404375,4.6793625
09:42:58.269,4.65404375,4.7327109375
09:42:58.371,4.7037765625,4.7327109375
09:42:58.472,4.7037765625,4.7327109375
09:42:58.573,4.7553171875,4.7833484375
09:42:58.675,4.7553171875,4.7833484375
09:42:58.776,4.7553171875,4.836696875
09:42:58.876,4.808665625,4.836696875
09:42:58.976,4.808665625,4.8945671875
09:42:59.077,4.867440625,4.8945671875
09:42:59.177,4.867440625,4.8945671875
09:42:59.277,4.867440625,4.9488203125
09:42:59.377,4.92440625,4.9488203125
09:42:59.477,4.92440625,5.0157328125
09:42:59.578,4.98589375,5.0157328125
09:42:59.678,4.98589375,5.0157328125
09:42:59.779,5.0437640625,5.0717953125
09:42:59.880,5.0437640625,5.0717953125
09:42:59.982,5.0437640625,5.1359953125
09:43:00.083,5.1052515625,5.1359953125
09:43:00.184,5.1052515625,5.1359953125
09:43:00.286,5.17035625,5.202003125
09:43:00.386,5.17035625,5.202003125
09:43:00.488,5.17035625,5.2698203125
09:43:00.588,5.2408859375,5.2698203125
09:43:00.689,5.2408859375,5.2698203125
09:43:00.790,5.31231875,5.345775
09:43:00.890,5.31231875,5.345775
09:43:00.991,5.31231875,5.419921875
09:43:01.092,5.3900828125,5.419921875
09:43:01.192,5.3900828125,5.419921875
09:43:01.292,5.4470484375,5.4823140625
09:43:01.393,5.4470484375,5.4823140625
09:43:01.496,5.4470484375,5.5465140625
09:43:01.597,5.51305625,5.5465140625
09:43:01.697,5.51305625,5.6107125
09:43:01.799,5.57725625,5.6107125
09:43:01.898,5.57725625,5.6107125
09:43:02.000,5.57725625,5.6776265625
09:43:02.100,5.63603125,5.6776265625
09:43:02.201,5.63603125,5.6604453125
09:43:02.302,5.5808734375,5.6604453125
09:43:02.403,5.5808734375,5.6604453125
09:43:02.504,5.53295,5.5862984375
09:43:02.604,5.53295,5.5862984375
09:43:02.705,5.53295,5.5754484375
09:43:02.807,5.5221,5.5754484375
09:43:02.909,5.5221,5.5754484375
09:43:03.009,5.51034375,5.5627890625
09:43:03.110,5.51034375,5.5627890625
09:43:03.212,5.51034375,5.551034375
09:43:03.312,5.4985890625,5.551034375
09:43:03.413,5.4985890625,5.551034375
09:43:03.515,5.4877390625,5.540184375
09:43:03.614,5.4877390625,5.540184375
09:43:03.714,5.4877390625,5.528428125
09:43:03.815,5.4750796875,5.528428125
09:43:03.916,5.4750796875,5.528428125
09:43:04.016,5.464228125,5.5157703125
09:43:04.116,5.464228125,5.5157703125
09:43:04.216,5.464228125,5.50763125
09:43:04.317,5.458803125,5.50763125
09:43:04.418,5.458803125,5.5338546875
09:43:04.519,5.5031109375,5.5338546875
09:43:04.620,5.5031109375,5.5338546875
09:43:04.720,5.5754484375,5.608
09:43:04.821,5.5754484375,5.608
09:43:04.922,5.5754484375,5.6839546875
09:43:05.023,5.6504984375,5.6839546875
09:43:05.125,5.6504984375,5.6839546875
09:43:05.226,5.723740625,5.757196875
09:43:05.327,5.723740625,5.757196875
09:43:05.427,5.723740625,5.82863125
09:43:05.528,5.7924625,5.82863125
09:43:05.630,5.7924625,5.82863125
09:43:05.730,5.8657046875,5.900065625
09:43:05.830,5.8657046875,5.900065625
09:43:05.931,5.8657046875,5.977828125
09:43:06.031,5.9434671875,5.977828125
09:43:06.131,5.9434671875,5.977828125
09:43:06.233,6.0275609375,6.062825
09:43:06.333,6.0275609375,6.062825
09:43:06.434,6.0275609375,6.1487265625
09:43:06.535,6.1125578125,6.1487265625
09:43:06.634,6.1125578125,6.2409578125
09:43:06.734,6.2075015625,6.2409578125
09:43:06.835,6.2075015625,6.2409578125
09:43:06.936,6.2075015625,6.3359015625
09:43:07.036,6.2997328125,6.3359015625
09:43:07.137,6.2997328125,6.4335578125
09:43:07.238,6.40100625,6.4335578125
09:43:07.339,6.40100625,6.4335578125
09:43:07.439,6.502278125,6.5393515625
09:43:07.541,6.502278125,6.5393515625
09:43:07.641,6.502278125,6.627965625
09:43:07.743,6.589084375,6.627965625
09:43:07.843,6.589084375,6.627965625
09:43:07.945,6.6885484375,6.725621875
09:43:08.047,6.6885484375,6.725621875
09:43:08.148,6.6885484375,6.8296078125
09:43:08.249,6.7934390625,6.8296078125
09:43:08.349,6.7934390625,6.8296078125
09:43:08.451,6.9019453125,6.93901875
09:43:08.552,6.9019453125,6.93901875
09:43:08.654,6.9019453125,7.046621875
09:43:08.755,7.0095484375,7.046621875
09:43:08.856,7.0095484375,7.046621875
09:43:08.956,7.1280015625,7.1632671875
09:43:09.058,7.1280015625,7.1632671875
09:43:09.159,7.1280015625,7.2871453125
09:43:09.259,7.250071875,7.2871453125
09:43:09.360,7.250071875,7.4128328125
09:43:09.460,7.3793765625,7.4128328125
09:43:09.560,7.3793765625,7.4128328125
09:43:09.661,7.50868125,7.545753125
09:43:09.762,7.50868125,7.545753125
09:43:09.862,7.50868125,7.6723453125
09:43:09.963,7.6343671875,7.6723453125
09:43:10.063,7.6343671875,7.6723453125
09:43:10.164,7.7600546875,7.8007453125
09:43:10.264,7.7600546875,7.8007453125
09:43:10.365,7.7600546875,7.922815625
09:43:10.464,7.883934375,7.922815625
09:43:10.567,7.883934375,7.922815625
09:43:10.667,8.020471875,8.0602578125
09:43:10.768,8.020471875,8.0602578125
09:43:10.869,8.020471875,8.1977
09:43:10.970,8.1552015625,8.1977
09:43:11.071,8.1552015625,8.1977
09:43:11.171,8.2872171875,8.3279078125
09:43:11.271,8.2872171875,8.3279078125
09:43:11.371,8.2872171875,8.4635421875
09:43:11.471,8.424659375,8.4635421875
09:43:11.573,8.424659375,8.4635421875
09:43:11.673,8.55758125,8.606409375
09:43:11.774,8.55758125,8.606409375
09:43:11.874,8.55758125,8.589228125
09:43:11.975,8.4563078125,8.589228125
09:43:12.075,8.4563078125,8.42918125
09:43:12.175,8.344184375,8.42918125
09:43:12.275,8.344184375,8.42918125
09:43:12.377,8.344184375,8.3966296875
09:43:12.479,8.313440625,8.3966296875
09:43:12.579,8.313440625,8.3667890625
09:43:12.680,8.2836015625,8.3667890625
09:43:12.780,8.2836015625,8.3667890625
09:43:12.881,8.2537609375,8.3360453125
09:43:12.982,8.2537609375,8.3360453125
09:43:13.084,8.2537609375,8.30620625
09:43:13.184,8.223921875,8.30620625
09:43:13.285,8.223921875,8.30620625
09:43:13.386,8.1949875,8.277271875
09:43:13.486,8.1949875,8.277271875
09:43:13.586,8.1949875,8.2483359375
09:43:13.686,8.16695625,8.2483359375
09:43:13.787,8.16695625,8.2483359375
09:43:13.888,8.138925,8.2203046875
09:43:13.989,8.138925,8.2203046875
09:43:14.089,8.138925,8.221209375
09:43:14.189,8.16966875,8.221209375
09:43:14.290,8.16966875,8.221209375
09:43:14.391,8.310728125,8.349609375
09:43:14.491,8.310728125,8.349609375
09:43:14.592,8.310728125,8.4942859375
09:43:14.694,8.4535953125,8.4942859375
09:43:14.794,8.4535953125,8.6543328125
09:43:14.894,8.61906875,8.6543328125
09:43:14.994,8.61906875,8.6543328125
09:43:15.094,8.61906875,8.799009375
09:43:15.194,8.7547015625,8.799009375
09:43:15.295,8.7547015625,8.9364515625
09:43:15.396,8.88943125,8.9364515625
09:43:15.497,8.88943125,8.9364515625
09:43:15.597,9.0295859375,9.072084375
09:43:15.698,9.0295859375,9.072084375
09:43:15.799,9.0295859375,9.228515625
09:43:15.899,9.187825,9.228515625
09:43:16.000,9.187825,9.228515625
09:43:16.101,9.3433515625,9.3867546875
09:43:16.202,9.3433515625,9.3867546875
09:43:16.303,9.3433515625,9.5332390625
09:43:16.403,9.4997828125,9.5332390625
09:43:16.504,9.4997828125,9.5332390625
09:43:16.604,9.6950953125,9.7330734375
09:43:16.705,9.6950953125,9.7330734375
09:43:16.806,9.6950953125,9.9021625
09:43:16.908,9.847909375,9.9021625
09:43:17.009,9.847909375,9.9021625
09:43:17.111,9.9672671875,10.0296578125
09:43:17.211,9.9672671875,10.0296578125
09:43:17.312,9.9672671875,10.118271875
09:43:17.412,10.06401875,10.118271875
09:43:17.512,10.06401875,10.2828421875
09:43:17.612,10.2313,10.2828421875
09:43:17.713,10.2313,10.2828421875
09:43:17.814,10.2313,10.4121453125
09:43:17.916,10.3624125,10.4121453125
09:43:18.016,10.3624125,10.5324078125
09:43:18.117,10.487196875,10.5324078125
09:43:18.218,10.487196875,10.5324078125
09:43:18.320,10.6409140625,10.6969765625
09:43:18.420,10.6409140625,10.6969765625
09:43:18.520,10.6409140625,10.6924546875
09:43:18.621,10.50256875,10.6924546875
09:43:18.723,10.50256875,10.6924546875
09:43:18.826,10.3714546875,10.4781546875
09:43:18.927,10.3714546875,10.4781546875
09:43:19.028,10.3714546875,10.411240625
09:43:19.127,10.30996875,10.411240625
09:43:19.227,10.30996875,10.411240625
09:43:19.327,10.261140625,10.3624125
09:43:19.428,10.261140625,10.3624125
09:43:19.529,10.261140625,10.3144890625
09:43:19.631,10.2141203125,10.3144890625
09:43:19.732,10.2141203125,10.2656609375
09:43:19.832,10.1652921875,10.2656609375
09:43:19.932,10.1652921875,10.2656609375
09:43:20.033,10.1652921875,10.2186421875
09:43:20.135,10.1191765625,10.2186421875
09:43:20.236,10.1191765625,10.171621875
09:43:20.338,10.073965625,10.171621875
09:43:20.439,10.073965625,10.171621875
09:43:20.541,10.0287546875,10.1264109375
09:43:20.641,10.0287546875,10.1264109375
09:43:20.743,10.0287546875,10.0812
09:43:20.845,9.984446875,10.0812
09:43:20.946,9.984446875,10.0812
09:43:21.047,9.9410453125,10.037796875
09:43:21.147,9.9410453125,10.037796875
09:43:21.249,9.9410453125,9.99439375
09:43:21.350,9.8985453125,9.99439375
09:43:21.451,9.8985453125,9.99439375
09:43:21.551,9.856046875,9.9518953125
09:43:21.652,9.856046875,9.9518953125
09:43:21.753,9.856046875,9.9103015625
09:43:21.853,9.814453125,9.9103015625
09:43:21.954,9.814453125,9.86870625
09:43:22.055,9.772859375,9.86870625
09:43:22.157,9.772859375,9.86870625
09:43:22.259,9.772859375,9.8271125
09:43:22.360,9.7330734375,9.8271125
09:43:22.461,9.7330734375,8.765553125
09:43:22.562,8.254665625,8.765553125
09:43:22.662,8.254665625,8.765553125
09:43:22.762,6.9589125,7.2970921875
09:43:22.863,6.9589125,7.2970921875
09:43:22.963,6.9589125,6.329571875
09:43:23.064,6.08271875,6.329571875
09:43:23.165,6.08271875,6.329571875
09:43:23.265,5.4343890625,5.623371875
09:43:23.365,5.4343890625,5.623371875
09:43:23.467,5.4343890625,5.463325
09:43:23.568,5.4343890625,5.463325
09:43:23.669,5.4343890625,5.463325
09:43:23.769,5.464228125,5.50763125
09:43:23.870,5.464228125,5.50763125
09:43:23.971,5.464228125,5.5184828125
09:43:24.073,5.4705578125,5.5184828125
09:43:24.175,5.4705578125,5.5184828125
09:43:24.275,5.46875,5.5184828125
09:43:24.375,5.46875,5.5184828125
09:43:24.475,5.46875,5.514865625
09:43:24.577,5.4651328125,5.514865625
09:43:24.678,5.4651328125,5.509440625
09:43:24.780,5.4597078125,5.509440625
09:43:24.880,5.4597078125,5.509440625
09:43:24.982,5.4597078125,5.50491875
09:43:25.082,5.4597078125,5.50491875
09:43:25.182,5.4597078125,5.556459375
09:43:25.282,5.5356625,5.556459375
09:43:25.383,5.5356625,5.556459375
09:43:25.484,7.213903125,6.74099375
09:43:25.585,7.213903125,6.74099375
09:43:25.686,7.213903125,8.293546875
09:43:25.787,8.7718828125,8.293546875
09:43:25.889,8.7718828125,8.293546875
09:43:25.990,10.2909796875,9.9672671875
09:43:26.090,10.2909796875,9.9672671875
09:43:26.191,10.2909796875,12.320059375
09:43:26.292,12.5786671875,12.320059375
09:43:26.393,12.5786671875,12.320059375
09:43:26.493,12.852646875,12.911421875
09:43:26.595,12.852646875,12.911421875
09:43:26.696,12.852646875,13.15285
09:43:26.796,13.137478125,13.15285
09:43:26.897,13.137478125,13.4756578125
09:43:26.998,13.4629984375,13.4756578125
09:43:27.099,13.4629984375,13.4756578125
09:43:27.199,13.4629984375,13.811125
09:43:27.300,13.7966578125,13.811125
09:43:27.401,13.7966578125,14.1348375
09:43:27.502,14.1257953125,14.1348375
09:43:27.602,14.1257953125,14.1348375
09:43:27.703,14.4820609375,14.4829640625
09:43:27.804,14.4820609375,14.4829640625
09:43:27.904,14.4820609375,14.856409375
09:43:28.005,14.8446546875,14.856409375
09:43:28.107,14.8446546875,14.856409375
09:43:28.208,15.1674625,15.1792171875
09:43:28.310,15.1674625,15.1792171875
09:43:28.409,15.1674625,15.503834375
09:43:28.509,15.4975046875,15.503834375
09:43:28.610,15.4975046875,15.503834375
09:43:28.710,15.8736625,15.8682359375
09:43:28.811,15.8736625,15.8682359375
09:43:28.913,15.8736625,16.2588609375
09:43:29.014,16.2561484375,16.2588609375
09:43:29.115,16.2561484375,16.2588609375
09:43:29.215,16.59885,16.608796875
09:43:29.315,16.59885,16.608796875
09:43:29.416,16.59885,16.96415625
09:43:29.517,16.96958125,16.96415625
09:43:29.617,16.96958125,17.325846875
09:43:29.717,17.3249421875,17.325846875
09:43:29.818,17.3249421875,17.325846875
09:43:29.919,17.3249421875,17.6613140625
09:43:30.020,17.6640265625,17.6613140625
09:43:30.121,17.6640265625,18.00220625
09:43:30.223,17.9958765625,18.00220625
09:43:30.325,17.9958765625,18.00220625
09:43:30.427,18.215603125,18.2445390625
09:43:30.526,18.215603125,18.2445390625
09:43:30.626,18.215603125,18.4371390625
09:43:30.728,18.405490625,18.4371390625
09:43:30.830,18.405490625,18.4371390625
09:43:30.930,18.656865625,18.66319375
09:43:31.031,18.656865625,18.66319375
09:43:31.133,18.656865625,18.97334375
09:43:31.234,18.97334375,18.97334375
09:43:31.336,18.97334375,18.97334375
09:43:31.436,19.295246875,19.297959375
09:43:31.538,19.295246875,19.297959375
09:43:31.638,19.295246875,19.1605171875
09:43:31.739,18.7689890625,19.1605171875
09:43:31.841,18.7689890625,18.5203265625
09:43:31.942,18.3756515625,18.5203265625
09:43:32.043,18.3756515625,18.5203265625
09:43:32.143,18.3756515625,18.268953125
09:43:32.244,18.12518125,18.268953125
09:43:32.344,18.12518125,18.0311421875
09:43:32.445,17.8900828125,18.0311421875
09:43:32.547,17.8900828125,18.0311421875
09:43:32.649,17.668546875,17.8087015625
09:43:32.751,17.668546875,17.8087015625
09:43:32.852,17.668546875,17.593496875
09:43:32.953,17.454246875,17.593496875
09:43:33.054,17.454246875,17.593496875
09:43:33.155,17.2507953125,17.3882375
09:43:33.255,17.2507953125,17.3882375
09:43:33.355,17.2507953125,17.1911171875
09:43:33.456,17.0527703125,17.1911171875
09:43:33.558,17.0527703125,17.1911171875
09:43:33.660,16.8628828125,16.9985171875
09:43:33.759,16.8628828125,16.9985171875
09:43:33.860,16.8628828125,17.1142578125
09:43:33.960,17.1558515625,17.1142578125
09:43:34.061,17.1558515625,17.6441328125
09:43:34.163,17.6875359375,17.6441328125
09:43:34.263,17.6875359375,17.6441328125
09:43:34.364,17.6875359375,18.1170421875
09:43:34.465,18.1342234375,18.1170421875
09:43:34.566,18.1342234375,18.5176140625
09:43:34.667,18.5438375,18.5176140625
09:43:34.767,18.5438375,18.5176140625
09:43:34.868,19.004990625,18.9652046875
09:43:34.969,19.004990625,18.9652046875
09:43:35.071,19.004990625,19.43359375
09:43:35.173,19.459815625,19.43359375
09:43:35.273,19.459815625,19.43359375
09:43:35.373,19.831453125,19.81879375
09:43:35.474,19.831453125,19.81879375
09:43:35.575,19.831453125,20.1868125
09:43:35.675,20.21484375,20.1868125
09:43:35.775,20.21484375,20.1868125
09:43:35.875,20.58015,20.5575453125
09:43:35.976,20.58015,20.5575453125
09:43:36.078,20.58015,20.880353125
09:43:36.178,20.905671875,20.880353125
09:43:36.277,20.905671875,20.880353125
09:43:36.379,21.2140125,21.198640625
09:43:36.480,21.2140125,21.198640625
09:43:36.580,21.2140125,21.4762375
09:43:36.680,21.495225,21.4762375
09:43:36.781,21.495225,21.756546875
09:43:36.882,21.7755359375,21.756546875
09:43:36.983,21.7755359375,21.756546875
09:43:37.083,22.04499375,22.02871875
09:43:37.185,22.04499375,22.02871875
09:43:37.285,22.04499375,22.3262078125
09:43:37.386,22.356046875,22.3262078125
09:43:37.487,22.356046875,22.3262078125
09:43:37.588,22.6264109375,22.6038046875
09:43:37.688,22.6264109375,22.6038046875
09:43:37.789,22.6264109375,22.8606046875
09:43:37.890,22.89044375,22.8606046875
09:43:37.992,22.89044375,22.8606046875
09:43:38.092,23.126446875,23.100225
09:43:38.193,23.126446875,23.100225
09:43:38.294,23.126446875,23.314525
09:43:38.394,23.3335140625,23.314525
09:43:38.499,23.3335140625,23.314525
09:43:38.599,23.52430625,23.5134546875
09:43:38.699,23.52430625,23.5134546875
09:43:38.800,23.52430625,23.670790625
09:43:38.901,23.6933953125,23.670790625
09:43:39.002,23.6933953125,23.670790625
09:43:39.102,23.871528125,23.848921875
09:43:39.203,23.871528125,23.848921875
09:43:39.304,23.871528125,24.018915625
09:43:39.405,24.0125875,24.018915625
09:43:39.505,24.0125875,24.1717296875
09:43:39.606,24.2015703125,24.1717296875
09:43:39.708,24.2015703125,24.1717296875
09:43:39.809,24.3769890625,24.3489578125
09:43:39.910,24.3769890625,24.3489578125
09:43:40.012,24.3769890625,24.585865625
09:43:40.113,24.5876734375,24.585865625
09:43:40.214,24.5876734375,24.585865625
09:43:40.316,23.6952046875,24.2079
09:43:40.418,23.6952046875,24.2079
09:43:40.518,23.6952046875,23.249421875
09:43:40.620,23.103840625,23.249421875
09:43:40.722,23.103840625,23.249421875
09:43:40.823,22.6725265625,22.8162984375
09:43:40.923,22.6725265625,22.8162984375
09:43:41.024,22.6725265625,22.4103015625
09:43:41.124,22.2692421875,22.4103015625
09:43:41.225,22.2692421875,22.4103015625
09:43:41.325,21.8885640625,22.02871875
09:43:41.426,21.8885640625,22.02871875
09:43:41.527,21.8885640625,21.6661234375
09:43:41.627,21.5268734375,21.6661234375
09:43:41.729,21.5268734375,21.31980625
09:43:41.829,21.1823640625,21.31980625
09:43:41.929,21.1823640625,21.31980625
09:43:42.031,20.8767359375,20.991571875
09:43:42.131,20.8767359375,20.991571875
09:43:42.232,20.8767359375,21.2727859375
09:43:42.333,21.3831015625,21.2727859375
09:43:42.434,21.3831015625,21.2727859375
09:43:42.534,22.02871875,21.91930625
09:43:42.635,22.02871875,21.91930625
09:43:42.735,22.02871875,22.5423171875
09:43:42.836,22.6535375,22.5423171875
09:43:42.938,22.6535375,22.5423171875
09:43:43.039,23.2846859375,23.165328125
09:43:43.138,23.2846859375,23.165328125
09:43:43.238,23.2846859375,23.7811046875
09:43:43.338,23.8959421875,23.7811046875
09:43:43.439,23.8959421875,23.7811046875
09:43:43.540,24.3824140625,24.298321875
09:43:43.641,24.3824140625,24.298321875
09:43:43.741,24.3824140625,24.730540625
09:43:43.842,24.8517078125,24.730540625
09:43:43.943,24.8517078125,24.730540625
09:43:44.045,25.3770609375,25.2586078125
09:43:44.146,25.3770609375,25.2586078125
09:43:44.247,25.3770609375,25.7152421875
09:43:44.348,25.8291734375,25.7152421875
09:43:44.448,25.8291734375,26.13028125
09:43:44.551,26.2333625,26.13028125
09:43:44.651,26.2333625,26.13028125
09:43:44.752,26.5652125,26.45399375
09:43:44.853,26.5652125,26.45399375
09:43:44.955,26.5652125,26.809353125
09:43:45.054,26.9160515625,26.809353125
09:43:45.154,26.9160515625,26.809353125
09:43:45.255,26.8419046875,26.9540296875
09:43:45.357,26.8419046875,26.9540296875
09:43:45.458,26.8419046875,26.274053125
09:43:45.558,25.8906609375,26.274053125
09:43:45.659,25.8906609375,26.274053125
09:43:45.760,25.0669125,25.1962171875
09:43:45.860,25.0669125,25.1962171875
09:43:45.961,25.0669125,24.70431875
09:43:46.062,24.5741109375,24.70431875
09:43:46.162,24.5741109375,24.70431875
09:43:46.263,24.1147640625,24.2431640625
09:43:46.363,24.1147640625,24.2431640625
09:43:46.464,24.1147640625,23.810040625
09:43:46.564,23.6825453125,23.810040625
09:43:46.664,23.6825453125,23.39861875
09:43:46.765,23.2711234375,23.39861875
09:43:46.866,23.2711234375,23.39861875
09:43:46.968,23.2711234375,23.008896875
09:43:47.069,22.87959375,23.008896875
09:43:47.169,22.87959375,22.6345484375
09:43:47.270,22.504340625,22.6345484375
09:43:47.371,22.504340625,22.6345484375
09:43:47.473,22.14265,22.2746671875
09:43:47.573,22.14265,22.2746671875
09:43:47.674,22.14265,21.9274453125
09:43:47.776,21.7963328125,21.9274453125
09:43:47.877,21.7963328125,21.9274453125
09:43:47.979,21.4644828125,21.5955953125
09:43:48.078,21.4644828125,21.5955953125
09:43:48.180,21.4644828125,21.2754984375
09:43:48.281,21.1434828125,21.2754984375
09:43:48.382,21.1434828125,21.2754984375
09:43:48.483,20.8324296875,20.9644453125
09:43:48.584,20.8324296875,20.9644453125
09:43:48.687,20.8324296875,20.6660515625
09:43:48.787,20.534034375,20.6660515625
09:43:48.888,20.534034375,20.3767
09:43:48.988,20.2437796875,20.3767
09:43:49.090,20.2437796875,20.3767
09:43:49.190,20.2437796875,20.0981984375
09:43:49.291,19.95533125,20.0981984375
09:43:49.393,19.95533125,2.955909375
09:43:49.494,1.8328625,2.955909375
09:43:49.596,1.8328625,2.955909375
09:43:49.697,0.738751562499999,0.836407812499999
09:43:49.798,0.738751562499999,0.836407812499999
09:43:49.898,0.738751562499999,0.3589765625
09:43:50.000,0.359881250000001,0.3589765625
09:43:50.100,0.359881250000001,0.3589765625
09:43:50.201,0.1916953125,0.1482921875
09:43:50.301,0.1916953125,0.1482921875
09:43:50.402,0.1916953125,0.0424984375000007
09:43:50.503,0.1112203125,0.0424984375000007
09:43:50.603,0.1112203125,0.0424984375000007
09:43:50.703,0.104890625,0.0217015624999997
09:43:50.804,0.104890625,0.0217015624999997
09:43:50.904,0.104890625,0.0207968749999995
09:43:51.004,0.103081250000001,0.0207968749999995
09:43:51.106,0.103081250000001,0.0207968749999995
09:43:51.207,0.103081250000001,0.0217015624999997
09:43:51.309,0.103081250000001,0.0217015624999997
09:43:51.409,0.103081250000001,0.0226062499999999
09:43:51.510,0.103081250000001,0.0226062499999999
09:43:51.611,0.103081250000001,0.0235093749999998
09:43:51.713,0.103081250000001,0.0235093749999998
09:43:51.813,0.103081250000001,0.0235093749999998
09:43:51.916,0.103081250000001,0.0217015624999997
09:43:52.016,0.103081250000001,0.0217015624999997
09:43:52.117,0.103081250000001,0.0244140625
09:43:52.225,0.103081250000001,0.0244140625
09:43:52.327,0.103081250000001,0.0244140625
09:43:52.430,0.103081250000001,0.0244140625
09:43:52.530,0.103081250000001,0.0244140625
09:43:52.631,0.103081250000001,0.0235093749999998
09:43:52.732,0.103081250000001,0.0235093749999998
09:43:52.833,0.103081250000001,0.0235093749999998
09:43:52.933,0.103081250000001,0.0226062499999999
09:43:53.034,0.103081250000001,0.0226062499999999
09:43:53.135,0.103081250000001,0.0235093749999998
09:43:53.237,0.103081250000001,0.0235093749999998
09:43:53.337,0.103081250000001,0.0189890624999994
09:43:53.439,0.0967515624999998,0.0189890624999994
09:43:53.539,0.0967515624999998,0.0189890624999994
09:43:53.640,0.0967515624999998,0.0217015624999997
09:43:53.741,0.0994640625000001,0.0217015624999997
09:43:53.842,0.0994640625000001,0.0207968749999995
09:43:53.943,0.0985609375000002,0.0207968749999995
09:43:54.044,0.0985609375000002,0.0207968749999995
09:43:54.145,0.0967515624999998,0.0198921874999994
09:43:54.246,0.0967515624999998,0.0198921874999994
09:43:54.346,0.0967515624999998,0.0180843750000007
09:43:54.446,0.0967515624999998,0.0180843750000007
09:43:54.546,0.0967515624999998,0.0180843750000007
09:43:54.646,0.0949437499999997,0.0180843750000007
09:43:54.746,0.0949437499999997,0.0180843750000007
09:43:54.847,0.0949437499999997,0.0180843750000007
09:43:54.948,0.0967515624999998,0.0180843750000007
09:43:55.049,0.0967515624999998,0.0180843750000007
09:43:55.150,0.0967515624999998,0.0180843750000007
09:43:55.251,0.0967515624999998,0.0180843750000007
09:43:55.351,0.0967515624999998,0.0180843750000007
09:43:55.453,0.0967515624999998,0.0180843750000007
09:43:55.554,0.0967515624999998,0.0180843750000007
09:43:55.656,0.0958484374999999,0.0180843750000007
09:43:55.757,0.0958484374999999,0.0180843750000007
09:43:55.856,0.0958484374999999,0.0189890624999994
09:43:55.956,0.0958484374999999,0.0189890624999994
09:43:56.056,0.0958484374999999,0.0189890624999994
09:43:56.156,0.0958484374999999,0.0189890624999994
09:43:56.257,0.0958484374999999,0.0189890624999994
09:43:56.357,0.0958484374999999,0.0189890624999994
09:43:56.458,0.0967515624999998,0.0189890624999994
09:43:56.559,0.0967515624999998,0.0180843750000007
09:43:56.660,0.0958484374999999,0.0180843750000007
09:43:56.760,0.0958484374999999,0.0180843750000007
09:43:56.861,0.0967515624999998,0.0198921874999994
09:43:56.963,0.0967515624999998,0.0198921874999994
09:43:57.063,0.0967515624999998,0.0198921874999994
09:43:57.164,0.0967515624999998,0.0198921874999994
09:43:57.266,0.0967515624999998,0.0198921874999994
09:43:57.371,0.0967515624999998,0.0198921874999994
09:43:57.472,0.0967515624999998,0.0198921874999994
09:43:57.572,0.0967515624999998,0.0198921874999994
09:43:57.674,0.0967515624999998,0.0198921874999994
09:43:57.775,0.0967515624999998,0.0198921874999994
09:43:57.876,0.0967515624999998,0.0207968749999995
09:43:57.977,0.0967515624999998,0.0207968749999995
09:43:58.076,0.0967515624999998,0.0207968749999995
09:43:58.177,0.0967515624999998,0.0207968749999995
09:43:58.278,0.0967515624999998,0.0207968749999995
09:43:58.379,0.0967515624999998,0.0207968749999995
09:43:58.479,0.0967515624999998,0.0207968749999995
09:43:58.580,0.0967515624999998,0.0198921874999994
09:43:58.680,0.0967515624999998,0.0198921874999994
09:43:58.780,0.0967515624999998,0.0198921874999994
09:43:58.883,0.0967515624999998,0.0198921874999994
09:43:58.983,0.0967515624999998,0.0198921874999994
09:43:59.086,0.0967515624999998,0.0198921874999994
09:43:59.187,0.0967515624999998,0.0198921874999994
09:43:59.287,0.0967515624999998,0.0207968749999995
09:43:59.388,0.0967515624999998,0.0207968749999995
09:43:59.489,0.0967515624999998,0.0207968749999995
09:43:59.590,0.0967515624999998,0.0207968749999995
09:43:59.691,0.0967515624999998,0.0207968749999995
09:43:59.791,0.0967515624999998,0.0207968749999995
09:43:59.892,0.0967515624999998,0.0207968749999995
09:43:59.993,0.0967515624999998,0.0207968749999995
09:44:00.094,0.0967515624999998,0.0207968749999995
09:44:00.195,0.0967515624999998,0.0207968749999995
09:44:00.296,0.0967515624999998,0.0207968749999995
09:44:00.397,0.0967515624999998,0.0207968749999995
09:44:00.497,0.0967515624999998,0.0207968749999995
09:44:00.598,0.0985609375000002,0.0217015624999997
09:44:00.699,0.0985609375000002,0.0217015624999997
09:44:00.801,0.0985609375000002,0.0217015624999997
09:44:00.902,0.0967515624999998,0.0217015624999997
09:44:01.002,0.0967515624999998,0.0207968749999995
09:44:01.102,0.09765625,0.0207968749999995
09:44:01.202,0.09765625,0.0207968749999995
09:44:01.303,0.0985609375000002,0.0217015624999997
09:44:01.405,0.0985609375000002,0.0217015624999997
09:44:01.505,0.0985609375000002,0.0217015624999997
09:44:01.606,0.0994640625000001,0.0217015624999997
09:44:01.706,0.0994640625000001,0.0217015624999997
09:44:01.807,0.0985609375000002,0.0217015624999997
09:44:01.908,0.0985609375000002,0.0217015624999997
09:44:02.009,0.0985609375000002,0.0217015624999997
09:44:02.109,0.0994640625000001,0.0217015624999997
09:44:02.209,0.0994640625000001,0.0217015624999997
09:44:02.310,0.0994640625000001,0.0226062499999999
09:44:02.411,0.0994640625000001,0.0226062499999999
09:44:02.515,0.0994640625000001,0.0244140625
09:44:02.617,0.0994640625000001,0.0244140625
09:44:02.717,0.0994640625000001,0.0244140625
09:44:02.819,0.0994640625000001,0.0217015624999997
09:44:02.919,0.0994640625000001,0.0217015624999997
09:44:03.019,0.0994640625000001,0.0226062499999999
09:44:03.119,0.0994640625000001,0.0226062499999999
09:44:03.220,0.0994640625000001,0.0235093749999998
09:44:03.320,0.0985609375000002,0.0235093749999998
09:44:03.421,0.0985609375000002,0.0235093749999998
09:44:03.521,0.0985609375000002,0.0217015624999997
09:44:03.622,0.0985609375000002,0.0217015624999997
09:44:03.724,0.0985609375000002,0.0226062499999999
09:44:03.825,0.0985609375000002,0.0226062499999999
09:44:03.928,0.0985609375000002,0.0226062499999999
09:44:04.028,0.0985609375000002,0.0226062499999999
09:44:04.129,0.0985609375000002,0.0226062499999999
09:44:04.230,0.0985609375000002,0.0226062499999999
09:44:04.331,0.0994640625000001,0.0226062499999999
09:44:04.432,0.0994640625000001,0.0226062499999999
09:44:04.533,0.0994640625000001,0.0235093749999998
09:44:04.634,0.0994640625000001,0.0235093749999998
09:44:04.736,0.0994640625000001,0.0226062499999999
09:44:04.837,0.0985609375000002,0.0226062499999999
09:44:04.938,0.0985609375000002,0.0226062499999999
09:44:05.038,0.0994640625000001,0.0226062499999999
09:44:05.139,0.0994640625000001,0.0226062499999999
09:44:05.241,0.0994640625000001,0.0226062499999999
09:44:05.342,0.0994640625000001,0.0226062499999999
09:44:05.442,0.0994640625000001,0.0226062499999999
09:44:05.544,0.0994640625000001,0.0226062499999999
09:44:05.646,0.0994640625000001,0.0226062499999999
09:44:05.745,0.0994640625000001,0.0226062499999999
09:44:05.845,0.0985609375000002,0.0226062499999999
09:44:05.946,0.0985609375000002,0.0226062499999999
09:44:06.047,0.0994640625000001,0.0226062499999999
09:44:06.147,0.0994640625000001,0.0226062499999999
09:44:06.249,0.0985609375000002,0.0235093749999998
09:44:06.350,0.0985609375000002,0.0235093749999998
09:44:06.451,0.0985609375000002,0.0235093749999998
09:44:06.551,0.0994640625000001,0.0235093749999998
09:44:06.654,0.0994640625000001,0.0235093749999998
09:44:06.754,0.0985609375000002,0.0244140625
09:44:06.856,0.0985609375000002,0.0244140625
09:44:06.957,0.0985609375000002,0.0226062499999999
09:44:07.059,0.0985609375000002,0.0226062499999999
09:44:07.162,0.0985609375000002,0.0226062499999999
09:44:07.264,0.0985609375000002,0.0235093749999998
09:44:07.364,0.0985609375000002,0.0235093749999998
09:44:07.464,0.0985609375000002,0.0226062499999999
09:44:07.565,0.0985609375000002,0.0226062499999999
09:44:07.666,0.0985609375000002,0.0235093749999998
09:44:07.767,0.0994640625000001,0.0235093749999998
09:44:07.868,0.0994640625000001,0.0235093749999998
09:44:07.970,0.0994640625000001,0.0235093749999998
09:44:08.070,0.0985609375000002,0.0235093749999998
09:44:08.170,0.0985609375000002,0.0244140625
09:44:08.270,0.102178125000001,0.0244140625
09:44:08.372,0.102178125000001,0.0244140625
09:44:08.472,0.1609515625,0.0669125000000007
09:44:08.575,0.1609515625,0.0669125000000007
09:44:08.674,0.1609515625,0.16999375
09:44:08.777,0.2568,0.16999375
09:44:08.878,0.2568,0.16999375
09:44:08.977,0.372540624999999,0.28211875
09:44:09.078,0.372540624999999,0.28211875
09:44:09.178,0.372540624999999,0.420464062500001
09:44:09.279,0.482856249999999,0.420464062500001
09:44:09.380,0.482856249999999,0.420464062500001
09:44:09.482,0.4918984375,0.431315625000001
09:44:09.582,0.4918984375,0.431315625000001
09:44:09.683,0.4918984375,0.48556875
09:44:09.784,0.55790625,0.48556875
09:44:09.885,0.55790625,0.48556875
09:44:09.986,0.663701562500001,0.592267187499999
09:44:10.085,0.663701562500001,0.592267187499999
09:44:10.186,0.663701562500001,0.6872109375
09:44:10.286,0.736943750000001,0.6872109375
09:44:10.388,0.736943750000001,0.714337499999999
09:44:10.490,0.75864375,0.714337499999999
09:44:10.591,0.75864375,0.714337499999999
09:44:10.691,0.8210359375,0.7704
09:44:10.791,0.8210359375,0.7704
09:44:10.892,0.8210359375,0.87890625
09:44:10.992,0.930446875,0.87890625
09:44:11.092,0.930446875,0.87890625
09:44:11.192,0.946723437499999,0.896085937500001
09:44:11.293,0.946723437499999,0.896085937500001
09:44:11.395,0.946723437499999,0.961190625
09:44:11.499,1.0091140625,0.961190625
09:44:11.600,1.0091140625,0.961190625
09:44:11.703,1.1040578125,1.0470921875
09:44:11.806,1.1040578125,1.0470921875
09:44:11.906,1.1040578125,1.1546953125
09:44:12.006,1.1990015625,1.1546953125
09:44:12.105,1.1990015625,1.1546953125
09:44:12.205,1.3536234375,1.3093171875
09:44:12.306,1.3536234375,1.3093171875
09:44:12.406,1.3536234375,1.4205375
09:44:12.507,1.46213125,1.4205375
09:44:12.608,1.46213125,1.516384375
09:44:12.709,1.557075,1.516384375
09:44:12.809,1.557075,1.516384375
09:44:12.909,1.557075,1.6511140625
09:44:13.009,1.700846875,1.6511140625
09:44:13.110,1.700846875,1.7234515625
09:44:13.212,1.747865625,1.7234515625
09:44:13.311,1.747865625,1.7234515625
09:44:13.412,1.8563734375,1.812065625
09:44:13.513,1.8563734375,1.812065625
09:44:13.617,1.8563734375,1.9648796875
09:44:13.717,1.9829640625,1.9648796875
09:44:13.817,1.9829640625,1.9648796875
09:44:13.917,2.24066875,2.1936484375
09:44:14.019,2.24066875,2.1936484375
09:44:14.121,2.24066875,2.199978125
09:44:14.222,2.1990734375,2.199978125
09:44:14.324,2.1990734375,2.199978125
09:44:14.423,2.1837015625,2.1855109375
09:44:14.524,2.1837015625,2.1855109375
09:44:14.625,2.1837015625,2.1809890625
09:44:14.729,2.18189375,2.1809890625
09:44:14.828,2.18189375,2.1809890625
09:44:14.930,2.17918125,2.1773734375
09:44:15.030,2.17918125,2.1773734375
09:44:15.131,2.17918125,2.17646875
09:44:15.232,2.17918125,2.17646875
09:44:15.333,2.17918125,2.174659375
09:44:15.435,2.1773734375,2.174659375
09:44:15.535,2.1773734375,2.174659375
09:44:15.636,2.1827984375,2.1755640625
09:44:15.738,2.1827984375,2.1755640625
09:44:15.838,2.1827984375,2.5842734375
09:44:15.939,2.9007515625,2.5842734375
09:44:16.039,2.9007515625,2.5842734375
09:44:16.144,3.5771125,3.2054765625
09:44:16.244,3.5771125,3.2054765625
09:44:16.345,3.5771125,4.21006875
09:44:16.445,4.14044375,4.21006875
09:44:16.546,4.14044375,4.21006875
09:44:16.647,4.471390625,4.3854890625
09:44:16.748,4.471390625,4.3854890625
09:44:16.848,4.471390625,4.7064890625
09:44:16.949,4.6558515625,4.7064890625
09:44:17.052,4.6558515625,4.7064890625
09:44:17.152,4.674840625,4.7073921875
09:44:17.253,4.674840625,4.7073921875
09:44:17.354,4.674840625,4.747178125
09:44:17.454,4.71824375,4.747178125
09:44:17.556,4.71824375,4.8023359375
09:44:17.657,4.777921875,4.8023359375
09:44:17.757,4.777921875,4.8023359375
09:44:17.858,4.8583984375,4.8828125
09:44:17.959,4.8583984375,4.8828125
09:44:18.060,4.8583984375,4.939778125
09:44:18.162,4.9117484375,4.939778125
09:44:18.262,4.9117484375,4.939778125
09:44:18.362,4.98860625,5.003978125
09:44:18.464,4.98860625,5.003978125
09:44:18.564,4.98860625,5.1070609375
09:44:18.665,5.129665625,5.1070609375
09:44:18.766,5.129665625,5.1070609375
09:44:18.868,5.2381734375,5.221896875
09:44:18.970,5.2381734375,5.221896875
09:44:19.071,5.2381734375,5.409071875
09:44:19.172,5.391890625,5.409071875
09:44:19.274,5.391890625,5.409071875
09:44:19.374,5.4497609375,5.4805046875
09:44:19.476,5.4497609375,5.4805046875
09:44:19.577,5.4497609375,5.5573640625
09:44:19.679,5.5248125,5.5573640625
09:44:19.781,5.5248125,5.6351265625
09:44:19.882,5.5998625,5.6351265625
09:44:19.983,5.5998625,5.6351265625
09:44:20.083,5.6839546875,5.721028125
09:44:20.183,5.6839546875,5.721028125
09:44:20.283,5.6839546875,5.78975
09:44:20.383,5.75629375,5.78975
09:44:20.484,5.75629375,5.78975
09:44:20.585,5.8421953125,5.8729390625
09:44:20.687,5.8421953125,5.8729390625
09:44:20.787,5.8421953125,6.2029796875
09:44:20.887,6.16319375,6.2029796875
09:44:20.988,6.16319375,6.2029796875
09:44:21.088,6.2147359375,6.2509046875
09:44:21.189,6.2147359375,6.2509046875
09:44:21.289,6.2147359375,6.3386140625
09:44:21.389,6.3114875,6.3386140625
09:44:21.513,6.3114875,6.3386140625
09:44:21.614,7.280815625,7.0222078125
09:44:21.715,7.280815625,7.0222078125
09:44:21.816,7.331453125,7.3793765625
09:44:21.920,7.331453125,7.3793765625
09:44:22.020,7.331453125,7.432725
09:44:22.121,7.33506875,7.432725
09:44:22.222,7.33506875,7.432725
09:44:22.323,7.1894890625,7.2663484375
09:44:22.423,7.1894890625,7.2663484375
09:44:22.524,7.1894890625,7.2319875
09:44:22.626,7.1560328125,7.2319875
09:44:22.726,7.1560328125,7.2319875
09:44:22.827,7.1252890625,7.1994359375
09:44:22.928,7.1252890625,7.1994359375
09:44:23.028,7.1252890625,7.169596875
09:44:23.129,7.0981625,7.169596875
09:44:23.228,7.0981625,7.169596875
09:44:23.330,8.1705734375,8.1913703125
09:44:23.431,8.1705734375,8.1913703125
09:44:23.531,8.1705734375,8.28993125
09:44:23.633,8.246528125,8.28993125
09:44:23.734,8.246528125,8.4662546875
09:44:23.834,8.7972,8.4662546875
09:44:23.935,8.7972,8.4662546875
09:44:24.037,9.169740625,9.21856875
09:44:24.136,9.169740625,9.21856875
09:44:24.236,9.169740625,9.3740953125
09:44:24.337,9.3397359375,9.3740953125
09:44:24.438,9.3397359375,9.3740953125
09:44:24.540,9.5196765625,9.5585578125
09:44:24.641,9.5196765625,9.5585578125
09:44:24.741,9.5196765625,9.7538703125
09:44:24.842,9.7231265625,9.7538703125
09:44:24.944,9.7231265625,9.7538703125
09:44:25.044,9.9419484375,9.973596875
09:44:25.145,9.9419484375,9.973596875
09:44:25.246,9.9419484375,10.1878984375
09:44:25.345,10.1535375,10.1878984375
09:44:25.447,10.1535375,10.1878984375
09:44:25.549,10.3651265625,10.3985828125
09:44:25.649,10.3651265625,10.3985828125
09:44:25.750,10.3651265625,10.6282546875
09:44:25.851,10.5920859375,10.6282546875
09:44:25.953,10.5920859375,10.8570234375
09:44:26.052,10.8253765625,10.8570234375
09:44:26.154,10.8253765625,10.8570234375
09:44:26.255,10.8253765625,11.0830796875
09:44:26.355,11.0487203125,11.0830796875
09:44:26.456,11.0487203125,11.3227
09:44:26.558,11.29738125,11.3227
09:44:26.659,11.29738125,11.3227
09:44:26.759,11.5605109375,11.5867328125
09:44:26.860,11.5605109375,11.5867328125
09:44:26.961,11.5605109375,11.859809375
09:44:27.062,11.8381078125,11.859809375
09:44:27.162,11.8381078125,11.859809375
09:44:27.262,12.150065625,12.1672453125
09:44:27.363,12.150065625,12.1672453125
09:44:27.465,12.150065625,12.4493640625
09:44:27.565,12.4159078125,12.4493640625
09:44:27.666,12.4159078125,12.4493640625
09:44:27.767,12.1175125,12.412290625
09:44:27.868,12.1175125,12.412290625
09:44:27.969,12.1175125,12.132884375
09:44:28.072,12.0153359375,12.132884375
09:44:28.173,12.0153359375,12.0361328125
09:44:28.274,11.9194875,12.0361328125
09:44:28.375,11.9194875,12.0361328125
09:44:28.475,11.9194875,11.9457109375
09:44:28.578,11.8299703125,11.9457109375
09:44:28.679,11.8299703125,11.859809375
09:44:28.780,11.74406875,11.859809375
09:44:28.881,11.74406875,11.859809375
09:44:28.982,13.800275,13.8481984375
09:44:29.082,13.800275,13.8481984375
09:44:29.182,13.800275,14.0507453125
09:44:29.283,14.0272359375,14.0507453125
09:44:29.383,14.0272359375,14.0507453125
09:44:29.483,14.3229171875,14.34733125
09:44:29.584,14.3229171875,14.34733125
09:44:29.685,14.3229171875,14.658384375
09:44:29.786,14.6520546875,14.658384375
09:44:29.887,14.6520546875,14.658384375
09:44:29.988,15.01374375,15.01374375
09:44:30.089,15.01374375,15.01374375
09:44:30.188,15.01374375,15.3718171875
09:44:30.289,15.3609671875,15.3718171875
09:44:30.389,15.3609671875,15.3718171875
09:44:30.490,15.7217515625,15.7208484375
09:44:30.592,15.7217515625,15.7208484375
09:44:30.695,15.7217515625,16.0807296875
09:44:30.795,16.0879625,16.0807296875
09:44:30.894,16.0879625,16.4677375
09:44:30.995,16.47045,16.4677375
09:44:31.094,16.47045,16.4677375
09:44:31.196,16.47045,16.8493203125
09:44:31.295,16.85565,16.8493203125
09:44:31.396,16.85565,17.2164359375
09:44:31.497,17.2218609375,17.2164359375
09:44:31.597,17.2218609375,17.2164359375
09:44:31.698,17.61971875,17.601634375
09:44:31.799,17.61971875,17.601634375
09:44:31.899,17.61971875,18.0248125
09:44:31.999,18.0492265625,18.0248125
09:44:32.099,18.0492265625,18.0248125
09:44:32.199,18.477828125,18.4479890625
09:44:32.303,18.477828125,18.4479890625
09:44:32.404,18.477828125,18.8720703125
09:44:32.506,18.8973890625,18.8720703125
09:44:32.607,18.8973890625,18.8720703125
09:44:32.706,19.328703125,19.297959375
09:44:32.807,19.328703125,19.297959375
09:44:32.908,19.328703125,19.703053125
09:44:33.009,19.7274671875,19.703053125
09:44:33.109,19.7274671875,19.703053125
09:44:33.210,20.1488359375,20.1108578125
09:44:33.310,20.1488359375,20.1108578125
09:44:33.410,20.1488359375,20.500578125
09:44:33.510,20.54126875,20.500578125
09:44:33.612,20.54126875,20.9002453125
09:44:33.714,20.9454578125,20.9002453125
09:44:33.814,20.9454578125,20.9002453125
09:44:33.914,20.9454578125,21.37586875
09:44:34.014,21.242946875,21.37586875
09:44:34.116,21.242946875,20.5060046875
09:44:34.217,20.3549984375,20.5060046875
09:44:34.317,20.3549984375,20.5060046875
09:44:34.418,20.0312859375,20.1777703125
09:44:34.520,20.0312859375,20.1777703125
09:44:34.620,20.0312859375,19.8739515625
09:44:34.721,19.7265625,19.8739515625
09:44:34.822,19.7265625,19.8739515625
09:44:34.923,19.4552953125,19.5972578125
09:44:35.024,19.4552953125,19.5972578125
09:44:35.126,19.4552953125,19.6298109375
09:44:35.226,21.1778421875,19.6298109375
09:44:35.327,21.1778421875,19.6298109375
09:44:35.430,23.20601875,23.196071875
09:44:35.530,23.20601875,23.196071875
09:44:35.632,23.20601875,23.606590625
09:44:35.733,23.7060546875,23.606590625
09:44:35.833,23.7060546875,24.1219984375
09:44:35.936,24.228696875,24.1219984375
09:44:36.036,24.228696875,24.1219984375
09:44:36.136,24.228696875,24.5958109375
09:44:36.237,24.6925640625,24.5958109375
09:44:36.337,24.6925640625,25.0660078125
09:44:36.438,25.1962171875,25.0660078125
09:44:36.539,25.1962171875,25.0660078125
09:44:36.639,25.7342296875,25.6022140625
09:44:36.739,25.7342296875,25.6022140625
09:44:36.840,25.7342296875,26.13028125
09:44:36.940,26.2505421875,26.13028125
09:44:37.042,26.2505421875,26.13028125
09:44:37.143,26.5950515625,26.5127671875
09:44:37.245,26.5950515625,26.5127671875
09:44:37.345,26.5950515625,26.5453203125
09:44:37.446,26.439525,26.5453203125
09:44:37.547,26.439525,26.5453203125
09:44:37.646,26.01815625,26.0995375
09:44:37.747,26.01815625,26.0995375
09:44:37.848,26.01815625,25.5949796875
09:44:37.949,25.4557296875,25.5949796875
09:44:38.048,25.4557296875,25.5949796875
09:44:38.149,24.6419265625,24.889684375
09:44:38.248,24.6419265625,24.889684375
09:44:38.349,24.6419265625,24.144603125
09:44:38.453,24.0198203125,24.144603125
09:44:38.553,24.0198203125,23.73860625
09:44:38.654,23.6156328125,23.73860625
09:44:38.755,23.6156328125,23.73860625
09:44:38.855,23.6156328125,23.357928125
09:44:38.956,23.232240625,23.357928125
09:44:39.058,23.232240625,22.9917171875
09:44:39.158,22.8651265625,22.9917171875
09:44:39.258,22.8651265625,22.9917171875
09:44:39.360,22.5115734375,22.6390703125
09:44:39.461,22.5115734375,22.6390703125
09:44:39.562,22.5115734375,22.29908125
09:44:39.664,22.1697765625,22.29908125
09:44:39.764,22.1697765625,22.29908125
09:44:39.865,21.8433515625,21.9708484375
09:44:39.965,21.8433515625,21.9708484375
09:44:40.064,21.8433515625,21.6579859375
09:44:40.167,21.52868125,21.6579859375
09:44:40.268,21.52868125,21.6579859375
09:44:40.368,21.2257671875,21.3541671875
09:44:40.470,21.2257671875,21.3541671875
09:44:40.570,21.2257671875,21.0611984375
09:44:40.670,20.9309890625,21.0611984375
09:44:40.771,20.9309890625,21.0611984375
09:44:40.872,20.646159375,20.777271875
09:44:40.973,20.646159375,20.777271875
09:44:41.075,20.646159375,20.5041953125
09:44:41.176,20.369465625,20.5041953125
09:44:41.276,20.369465625,20.235640625
09:44:41.378,20.1036234375,20.235640625
09:44:41.477,20.1036234375,20.235640625
09:44:41.577,20.1036234375,8.6597578125
09:44:41.679,4.3366609375,8.6597578125
09:44:41.780,4.3366609375,1.78313125
09:44:41.881,1.5426078125,1.78313125
09:44:41.981,1.5426078125,1.78313125
09:44:42.082,0.938584375,1.0136359375
09:44:42.184,0.938584375,1.0136359375
09:44:42.284,0.938584375,0.62481875
09:44:42.384,0.612159375,0.62481875
09:44:42.485,0.612159375,0.62481875
09:44:42.585,0.406901562500001,0.3996671875
09:44:42.686,0.406901562500001,0.3996671875
09:44:42.788,0.406901562500001,0.1582390625
09:44:42.889,0.1916953125,0.1582390625
09:44:42.989,0.1916953125,0.1582390625
09:44:43.090,0.110315625,0.0415937500000005
09:44:43.192,0.110315625,0.0415937500000005
09:44:43.294,0.110315625,0.0207968749999995
09:44:43.395,0.0985609375000002,0.0207968749999995
09:44:43.495,0.0985609375000002,0.0198921874999994
09:44:43.597,0.09765625,0.0198921874999994
09:44:43.699,0.09765625,0.0198921874999994
09:44:43.800,0.09765625,0.0189890624999994
09:44:43.902,0.0967515624999998,0.0189890624999994
09:44:44.003,0.0967515624999998,0.0180843750000007
09:44:44.103,0.0958484374999999,0.0180843750000007
09:44:44.206,0.0958484374999999,0.0180843750000007
09:44:44.307,0.0958484374999999,0.0180843750000007
09:44:44.407,0.0958484374999999,0.0180843750000007
09:44:44.507,0.0958484374999999,0.0180843750000007
09:44:44.608,0.0949437499999997,0.0180843750000007
09:44:44.710,0.0949437499999997,0.0180843750000007
09:44:44.810,0.0949437499999997,0.0162765625000005
09:44:44.910,0.0949437499999997,0.0162765625000005
09:44:45.010,0.0949437499999997,0.0162765625000005
09:44:45.111,0.0931343749999994,0.0162765625000005
09:44:45.212,0.0931343749999994,0.0162765625000005
09:44:45.313,0.0931343749999994,0.0162765625000005
09:44:45.415,0.0931343749999994,0.0162765625000005
09:44:45.515,0.0931343749999994,0.0126593750000001
09:44:45.617,0.0877093750000002,0.0126593750000001
09:44:45.717,0.0877093750000002,0.0126593750000001
09:44:45.819,0.0913265625000007,0.0162765625000005
09:44:45.919,0.0913265625000007,0.0162765625000005
09:44:46.020,0.0913265625000007,0.0099468749999998
09:44:46.121,0.0877093750000002,0.0099468749999998
09:44:46.223,0.0877093750000002,0.0126593750000001
09:44:46.325,0.0886140625000004,0.0126593750000001
09:44:46.425,0.0886140625000004,0.0126593750000001
09:44:46.527,0.0868062500000003,0.00904218749999963
09:44:46.627,0.0868062500000003,0.00904218749999963
09:44:46.727,0.0868062500000003,0.0099468749999998
09:44:46.828,0.0877093750000002,0.0099468749999998
09:44:46.930,0.0877093750000002,0.0099468749999998
09:44:47.030,0.0868062500000003,0.0099468749999998
09:44:47.132,0.0868062500000003,0.0099468749999998
09:44:47.233,0.0868062500000003,0.00904218749999963
09:44:47.334,0.0859015625000001,0.00904218749999963
09:44:47.435,0.0859015625000001,0.00904218749999963
09:44:47.535,0.0868062500000003,0.0099468749999998
09:44:47.637,0.0868062500000003,0.0099468749999998
09:44:47.737,0.0868062500000003,0.0099468749999998
09:44:47.839,0.0868062500000003,0.0099468749999998
09:44:47.941,0.0868062500000003,0.0099468749999998
09:44:48.041,0.0868062500000003,0.0099468749999998
09:44:48.141,0.0868062500000003,0.0099468749999998
09:44:48.243,0.0868062500000003,0.0099468749999998
09:44:48.344,0.0868062500000003,0.0099468749999998
09:44:48.445,0.0868062500000003,0.0099468749999998
09:44:48.546,0.0868062500000003,0.0099468749999998
09:44:48.647,0.0868062500000003,0.0099468749999998
09:44:48.748,0.0877093750000002,0.0099468749999998
09:44:48.850,0.0877093750000002,0.0099468749999998
09:44:48.950,0.0877093750000002,0.0099468749999998
09:44:49.051,0.0877093750000002,0.0099468749999998
09:44:49.152,0.0877093750000002,0.0099468749999998
09:44:49.253,0.0877093750000002,0.0099468749999998
09:44:49.355,0.0877093750000002,0.0099468749999998
09:44:49.455,0.0877093750000002,0.0099468749999998
09:44:49.556,0.0877093750000002,0.0099468749999998
09:44:49.656,0.0877093750000002,0.0099468749999998
09:44:49.756,0.0877093750000002,0.0099468749999998
09:44:49.857,0.0877093750000002,0.0099468749999998
09:44:49.958,0.0877093750000002,0.0099468749999998
09:44:50.059,0.0877093750000002,0.0099468749999998
09:44:50.159,0.0877093750000002,0.0099468749999998
09:44:50.261,0.0877093750000002,0.0117546874999999
09:44:50.360,0.0877093750000002,0.0117546874999999
09:44:50.461,0.0877093750000002,0.0099468749999998
09:44:50.562,0.0877093750000002,0.0099468749999998
09:44:50.665,0.0877093750000002,0.0108499999999997
09:44:50.765,0.0877093750000002,0.0108499999999997
09:44:50.865,0.0877093750000002,0.0108499999999997
09:44:50.966,0.0877093750000002,0.0126593750000001
09:44:51.066,0.0877093750000002,0.0126593750000001
09:44:51.167,0.0877093750000002,0.0117546874999999
09:44:51.268,0.0877093750000002,0.0117546874999999
09:44:51.368,0.0877093750000002,0.0117546874999999
09:44:51.469,0.0877093750000002,0.0117546874999999
09:44:51.570,0.0877093750000002,0.0117546874999999
09:44:51.671,0.0877093750000002,0.0126593750000001
09:44:51.772,0.0877093750000002,0.0126593750000001
09:44:51.873,0.0877093750000002,0.0126593750000001
09:44:51.975,0.0877093750000002,0.0117546874999999
09:44:52.076,0.0877093750000002,0.0117546874999999
09:44:52.177,0.0877093750000002,0.0126593750000001
09:44:52.277,0.0877093750000002,0.0126593750000001
09:44:52.378,0.0877093750000002,0.0126593750000001
09:44:52.480,0.0877093750000002,0.0126593750000001
09:44:52.582,0.0877093750000002,0.0126593750000001
09:44:52.681,0.0877093750000002,0.0126593750000001
09:44:52.782,0.0877093750000002,0.0126593750000001
09:44:52.883,0.0877093750000002,0.0126593750000001
09:44:52.984,0.0877093750000002,0.0126593750000001
09:44:53.084,0.0877093750000002,0.0126593750000001
09:44:53.185,0.0877093750000002,0.0126593750000001
09:44:53.286,0.0877093750000002,0.0126593750000001
09:44:53.387,0.0877093750000002,0.0126593750000001
09:44:53.487,0.0877093750000002,0.0126593750000001
09:44:53.591,0.0877093750000002,0.0126593750000001
09:44:53.692,0.0877093750000002,0.0126593750000001
09:44:53.793,0.0877093750000002,0.0126593750000001
09:44:53.894,0.0877093750000002,0.0126593750000001
09:44:53.995,0.0877093750000002,0.0126593750000001
09:44:54.095,0.0877093750000002,0.0126593750000001
09:44:54.195,0.0886140625000004,0.0135640625000003
09:44:54.296,0.0886140625000004,0.0135640625000003
09:44:54.397,0.0886140625000004,0.0162765625000005
09:44:54.497,0.0922312499999994,0.0162765625000005
09:44:54.600,0.0922312499999994,0.0162765625000005
09:44:54.701,0.0886140625000004,0.0144671875000002
09:44:54.802,0.0886140625000004,0.0144671875000002
09:44:54.903,0.0886140625000004,0.0144671875000002
09:44:55.003,0.0886140625000004,0.0144671875000002
09:44:55.104,0.0886140625000004,0.0144671875000002
09:44:55.205,0.0886140625000004,0.0144671875000002
09:44:55.305,0.0886140625000004,0.0144671875000002
09:44:55.406,0.0886140625000004,0.0135640625000003
09:44:55.509,0.0886140625000004,0.0135640625000003
09:44:55.609,0.0886140625000004,0.0144671875000002
09:44:55.710,0.0886140625000004,0.0144671875000002
09:44:55.811,0.0886140625000004,0.0144671875000002
09:44:55.911,0.0886140625000004,0.0135640625000003
09:44:56.013,0.0886140625000004,0.0135640625000003
09:44:56.113,0.0886140625000004,0.0135640625000003
09:44:56.215,0.0886140625000004,0.0135640625000003
09:44:56.315,0.0886140625000004,0.0135640625000003
09:44:56.416,0.0886140625000004,0.0135640625000003
09:44:56.517,0.0886140625000004,0.0135640625000003
09:44:56.618,0.0886140625000004,0.0135640625000003
09:44:56.721,0.0886140625000004,0.0135640625000003
09:44:56.821,0.0886140625000004,0.0135640625000003
09:44:56.922,0.0886140625000004,0.0144671875000002
09:44:57.023,0.0886140625000004,0.0144671875000002
09:44:57.125,0.0886140625000004,0.0144671875000002
09:44:57.226,0.0886140625000004,0.0144671875000002
09:44:57.326,0.0886140625000004,0.0144671875000002
09:44:57.428,0.0886140625000004,0.0144671875000002
09:44:57.529,0.0886140625000004,0.0144671875000002
09:44:57.630,0.0886140625000004,0.0144671875000002
09:44:57.731,0.0886140625000004,0.0144671875000002
09:44:57.832,0.0886140625000004,0.0144671875000002
09:44:57.933,0.0886140625000004,0.0144671875000002
09:44:58.033,0.0886140625000004,0.0144671875000002
09:44:58.134,0.0886140625000004,0.0144671875000002
09:44:58.236,0.0886140625000004,0.0144671875000002
09:44:58.337,0.0886140625000004,0.0144671875000002
09:44:58.439,0.0886140625000004,0.0144671875000002
09:44:58.539,0.0886140625000004,0.0144671875000002
09:44:58.641,0.0886140625000004,0.0144671875000002
09:44:58.742,0.0886140625000004,0.0144671875000002
09:44:58.844,0.0886140625000004,0.0144671875000002
09:44:58.945,0.0886140625000004,0.0144671875000002
09:44:59.044,0.0886140625000004,0.0144671875000002
09:44:59.146,0.0886140625000004,0.0144671875000002
09:44:59.247,0.0886140625000004,0.0144671875000002
09:44:59.348,0.0886140625000004,0.0144671875000002
09:44:59.449,0.0886140625000004,0.0144671875000002
09:44:59.548,0.0886140625000004,0.0144671875000002
09:44:59.650,0.0886140625000004,0.0144671875000002
09:44:59.751,0.0886140625000004,0.0144671875000002
09:44:59.852,0.0886140625000004,0.0144671875000002
09:44:59.953,0.0886140625000004,0.0144671875000002
09:45:00.056,0.0886140625000004,0.0144671875000002
09:45:00.156,0.0886140625000004,0.0144671875000002
09:45:00.258,0.0886140625000004,0.0144671875000002
09:45:00.357,0.0886140625000004,0.0135640625000003
09:45:00.460,0.0886140625000004,0.0135640625000003
09:45:00.561,0.0886140625000004,0.0135640625000003
09:45:00.662,0.0886140625000004,0.0135640625000003
09:45:00.762,0.0886140625000004,0.0135640625000003
09:45:00.862,0.0886140625000004,0.0135640625000003
09:45:00.962,0.0886140625000004,0.0135640625000003
09:45:01.062,0.0886140625000004,0.0144671875000002
09:45:01.164,0.0886140625000004,0.0144671875000002
09:45:01.263,0.0886140625000004,0.0144671875000002
09:45:01.363,0.0886140625000004,0.0144671875000002
09:45:01.465,0.0886140625000004,0.0144671875000002
09:45:01.565,0.0886140625000004,0.0144671875000002
09:45:01.665,0.0886140625000004,0.0144671875000002
09:45:01.765,0.0886140625000004,0.0144671875000002
09:45:01.865,0.0886140625000004,0.0144671875000002
09:45:01.966,0.0886140625000004,0.0144671875000002
09:45:02.067,0.0886140625000004,0.0144671875000002
09:45:02.169,0.0886140625000004,0.0144671875000002
09:45:02.269,0.0886140625000004,0.0144671875000002
09:45:02.372,0.0886140625000004,0.0135640625000003
09:45:02.472,0.0886140625000004,0.0135640625000003
09:45:02.572,0.0886140625000004,0.0144671875000002
09:45:02.673,0.0886140625000004,0.0144671875000002
09:45:02.774,0.0886140625000004,0.0144671875000002
09:45:02.875,0.0886140625000004,0.0144671875000002
09:45:02.976,0.0886140625000004,0.0144671875000002
09:45:03.076,0.0886140625000004,0.0135640625000003
09:45:03.177,0.0886140625000004,0.0135640625000003
09:45:03.278,0.0886140625000004,0.0144671875000002
09:45:03.380,0.0886140625000004,0.0144671875000002
09:45:03.480,0.0886140625000004,0.0144671875000002
09:45:03.580,0.0886140625000004,0.0144671875000002
09:45:03.681,0.0886140625000004,0.0144671875000002
09:45:03.781,0.0886140625000004,0.0144671875000002
09:45:03.882,0.0886140625000004,0.0144671875000002
09:45:03.983,0.0886140625000004,0.0144671875000002
09:45:04.084,0.0886140625000004,0.0144671875000002
09:45:04.186,0.0886140625000004,0.0144671875000002
09:45:04.286,0.0886140625000004,0.0144671875000002
09:45:04.388,0.0886140625000004,0.0144671875000002
09:45:04.491,0.0886140625000004,0.0144671875000002
09:45:04.592,0.0886140625000004,0.0144671875000002
09:45:04.693,0.0886140625000004,0.0144671875000002
09:45:04.794,0.0886140625000004,0.0144671875000002
09:45:04.895,0.0886140625000004,0.0144671875000002
09:45:04.995,0.0886140625000004,0.0144671875000002
09:45:05.097,0.0886140625000004,0.0144671875000002
09:45:05.198,0.0886140625000004,0.0144671875000002
09:45:05.300,0.0886140625000004,0.0144671875000002
09:45:05.401,0.0886140625000004,0.0144671875000002
09:45:05.502,0.0886140625000004,0.0144671875000002
09:45:05.603,0.0886140625000004,0.0144671875000002
09:45:05.702,0.0886140625000004,0.0144671875000002
09:45:05.803,0.0886140625000004,0.0144671875000002
09:45:05.903,0.0886140625000004,0.0144671875000002
09:45:06.005,0.0886140625000004,0.0144671875000002
09:45:06.105,0.0886140625000004,0.0144671875000002
09:45:06.207,0.0886140625000004,0.0144671875000002
09:45:06.309,0.0886140625000004,0.0144671875000002
09:45:06.409,0.0886140625000004,0.0144671875000002
09:45:06.510,0.0886140625000004,0.0144671875000002
09:45:06.611,0.0886140625000004,0.0144671875000002
09:45:06.711,0.0886140625000004,0.0144671875000002
09:45:06.811,0.0886140625000004,0.0144671875000002
09:45:06.912,0.0886140625000004,0.0144671875000002
09:45:07.013,0.0886140625000004,0.0144671875000002
09:45:07.114,0.0886140625000004,0.0144671875000002
09:45:07.215,0.0886140625000004,0.0144671875000002
09:45:07.316,0.0886140625000004,0.0144671875000002
09:45:07.415,0.0886140625000004,0.0144671875000002
09:45:07.517,0.0886140625000004,0.0144671875000002
09:45:07.617,0.0886140625000004,0.0144671875000002
09:45:07.717,0.0886140625000004,0.0144671875000002
09:45:07.819,0.0886140625000004,0.0144671875000002
09:45:07.920,0.0886140625000004,0.0144671875000002
09:45:08.020,0.0886140625000004,0.0144671875000002
09:45:08.121,0.0886140625000004,0.0144671875000002
09:45:08.222,0.0886140625000004,0.0144671875000002
09:45:08.323,0.0886140625000004,0.0144671875000002
09:45:08.424,0.0886140625000004,0.0144671875000002
09:45:08.524,0.0886140625000004,0.0144671875000002
09:45:08.626,0.0886140625000004,0.0144671875000002
09:45:08.727,0.0886140625000004,0.0144671875000002
09:45:08.827,0.0886140625000004,0.0144671875000002
09:45:08.927,0.0886140625000004,0.0144671875000002
09:45:09.031,0.0886140625000004,0.0144671875000002
09:45:09.131,0.0886140625000004,0.0144671875000002
09:45:09.234,0.0886140625000004,0.0144671875000002
09:45:09.335,0.0886140625000004,0.0144671875000002
09:45:09.436,0.0886140625000004,0.0144671875000002
09:45:09.537,0.0886140625000004,0.0144671875000002
09:45:09.636,0.0886140625000004,0.0144671875000002
09:45:09.738,0.0886140625000004,0.0144671875000002
09:45:09.838,0.0886140625000004,0.0144671875000002
09:45:09.939,0.0886140625000004,0.0144671875000002
09:45:10.040,0.0886140625000004,0.0144671875000002
09:45:10.141,0.0886140625000004,0.0144671875000002
09:45:10.242,0.0886140625000004,0.0144671875000002
09:45:10.344,0.0886140625000004,0.0144671875000002
09:45:10.444,0.0886140625000004,0.0144671875000002
09:45:10.545,0.0886140625000004,0.0144671875000002
09:45:10.648,0.0886140625000004,0.0144671875000002
09:45:10.748,0.0886140625000004,0.0144671875000002
09:45:10.850,0.0886140625000004,0.0144671875000002
09:45:10.952,0.0886140625000004,0.0144671875000002
09:45:11.051,0.0886140625000004,0.0144671875000002
09:45:11.152,0.0886140625000004,0.0144671875000002
09:45:11.254,0.0886140625000004,0.0144671875000002
09:45:11.355,0.0886140625000004,0.0144671875000002
09:45:11.456,0.0886140625000004,0.0144671875000002
09:45:11.555,0.0886140625000004,0.0144671875000002
09:45:11.657,0.0886140625000004,0.0144671875000002
09:45:11.757,0.0886140625000004,0.0144671875000002
09:45:11.857,0.0886140625000004,0.0144671875000002
09:45:11.961,0.0886140625000004,0.0144671875000002
09:45:12.061,0.0886140625000004,0.0144671875000002
09:45:12.163,0.0886140625000004,0.0144671875000002
09:45:12.264,0.0886140625000004,0.0144671875000002
09:45:12.365,0.0886140625000004,0.0144671875000002
09:45:12.466,0.0886140625000004,0.0144671875000002
09:45:12.565,0.0886140625000004,0.0144671875000002
09:45:12.666,0.0886140625000004,0.0144671875000002
09:45:12.767,0.0886140625000004,0.0144671875000002
09:45:12.868,0.0886140625000004,0.0144671875000002
09:45:12.969,0.0886140625000004,0.0144671875000002
09:45:13.069,0.0886140625000004,0.0144671875000002
09:45:13.171,0.0886140625000004,0.0144671875000002
09:45:13.272,0.0886140625000004,0.0144671875000002
09:45:13.373,0.0886140625000004,0.0144671875000002
09:45:13.474,0.0886140625000004,0.0144671875000002
09:45:13.575,0.0886140625000004,0.0144671875000002
09:45:13.675,0.0886140625000004,0.0144671875000002
09:45:13.778,0.0886140625000004,0.0144671875000002
09:45:13.879,0.0886140625000004,0.0144671875000002
09:45:13.979,0.0886140625000004,0.0144671875000002
09:45:14.080,0.0886140625000004,0.0144671875000002
09:45:14.180,0.0886140625000004,0.0144671875000002
09:45:14.280,0.0886140625000004,0.0144671875000002
09:45:14.381,0.0886140625000004,0.0144671875000002
09:45:14.482,0.0886140625000004,0.0144671875000002
09:45:14.584,0.0886140625000004,0.0144671875000002
09:45:14.685,0.0886140625000004,0.0144671875000002
09:45:14.786,0.0886140625000004,0.0144671875000002
09:45:14.887,0.0886140625000004,0.0144671875000002
09:45:14.988,0.0886140625000004,0.0144671875000002
09:45:15.089,0.0886140625000004,0.0144671875000002
09:45:15.189,0.0886140625000004,0.0144671875000002
09:45:15.291,0.0886140625000004,0.0144671875000002
09:45:15.390,0.0886140625000004,0.0144671875000002
09:45:15.491,0.0886140625000004,0.0144671875000002
09:45:15.591,0.0886140625000004,0.0144671875000002
09:45:15.693,0.0886140625000004,0.0144671875000002
09:45:15.794,0.0886140625000004,0.0144671875000002
09:45:15.896,0.0886140625000004,0.0144671875000002
09:45:16.000,0.0886140625000004,0.0144671875000002
09:45:16.100,0.0886140625000004,0.0144671875000002
09:45:16.200,0.0886140625000004,0.0153718750000004
09:45:16.300,0.0886140625000004,0.0153718750000004
09:45:16.401,0.0886140625000004,0.0162765625000005
09:45:16.501,0.0886140625000004,0.0162765625000005
09:45:16.601,0.0886140625000004,0.0162765625000005
09:45:16.701,0.0886140625000004,0.0153718750000004
09:45:16.801,0.0886140625000004,0.0153718750000004
09:45:16.901,0.0886140625000004,0.0153718750000004
09:45:17.002,0.0886140625000004,0.0153718750000004
09:45:17.103,0.0886140625000004,0.0153718750000004
09:45:17.203,0.0886140625000004,0.0153718750000004
09:45:17.305,0.0886140625000004,0.0153718750000004
09:45:17.406,0.0886140625000004,0.0153718750000004
09:45:17.507,0.0886140625000004,0.0153718750000004
09:45:17.607,0.0886140625000004,0.0153718750000004
09:45:17.708,0.0886140625000004,0.0153718750000004
09:45:17.809,0.0886140625000004,0.0153718750000004
09:45:17.910,0.0886140625000004,0.0153718750000004
09:45:18.011,0.0886140625000004,0.0153718750000004
09:45:18.111,0.0886140625000004,0.0153718750000004
09:45:18.212,0.0886140625000004,0.0153718750000004
09:45:18.313,0.0886140625000004,0.0153718750000004
09:45:18.413,0.0886140625000004,0.0153718750000004
09:45:18.514,0.0886140625000004,0.0153718750000004
09:45:18.616,0.0886140625000004,0.0153718750000004
09:45:18.717,0.0886140625000004,0.0153718750000004
09:45:18.819,0.0886140625000004,0.0153718750000004
09:45:18.919,0.0886140625000004,0.0153718750000004
09:45:19.019,0.0886140625000004,0.0153718750000004
09:45:19.119,0.0886140625000004,0.0162765625000005
09:45:19.221,0.0886140625000004,0.0162765625000005
09:45:19.321,0.0886140625000004,0.0144671875000002
09:45:19.421,0.0886140625000004,0.0144671875000002
09:45:19.523,0.0886140625000004,0.0144671875000002
09:45:19.626,0.0886140625000004,0.0162765625000005
09:45:19.726,0.0886140625000004,0.0162765625000005
09:45:19.827,0.0886140625000004,0.0162765625000005
09:45:19.927,0.0886140625000004,0.0162765625000005
09:45:20.029,0.0886140625000004,0.0162765625000005
09:45:20.130,0.0886140625000004,0.0162765625000005
09:45:20.232,0.0886140625000004,0.0162765625000005
09:45:20.333,0.0886140625000004,0.0162765625000005
09:45:20.433,0.0886140625000004,0.0162765625000005
09:45:20.534,0.0886140625000004,0.0162765625000005
09:45:20.633,0.0886140625000004,0.0162765625000005
09:45:20.735,0.0886140625000004,0.0162765625000005
09:45:20.836,0.0886140625000004,0.0162765625000005
09:45:20.937,0.0886140625000004,0.0162765625000005
09:45:21.037,0.0886140625000004,0.0162765625000005
09:45:21.138,0.0886140625000004,0.0162765625000005
09:45:21.238,0.0886140625000004,0.0162765625000005
09:45:21.339,0.0886140625000004,0.0162765625000005
09:45:21.440,0.0886140625000004,0.0162765625000005
09:45:21.541,0.0886140625000004,0.0162765625000005
09:45:21.642,0.0886140625000004,0.0171796875000005
09:45:21.744,0.0886140625000004,0.0171796875000005
09:45:21.845,0.0886140625000004,0.0162765625000005
09:45:21.945,0.0886140625000004,0.0162765625000005
09:45:22.046,0.0886140625000004,0.0162765625000005
09:45:22.147,0.0886140625000004,0.0162765625000005
09:45:22.247,0.0886140625000004,0.0162765625000005
09:45:22.348,0.0886140625000004,0.0162765625000005
09:45:22.450,0.0886140625000004,0.0162765625000005
09:45:22.551,0.0886140625000004,0.0162765625000005
09:45:22.652,0.0886140625000004,0.0162765625000005
09:45:22.751,0.0886140625000004,0.0162765625000005
09:45:22.852,0.0886140625000004,0.0162765625000005
09:45:22.953,0.0886140625000004,0.0162765625000005
09:45:23.054,0.0886140625000004,0.0162765625000005
09:45:23.156,0.0886140625000004,0.0162765625000005
09:45:23.257,0.0886140625000004,0.0162765625000005
09:45:23.358,0.0886140625000004,0.0171796875000005
09:45:23.459,0.0886140625000004,0.0171796875000005
09:45:23.560,0.0886140625000004,0.0162765625000005
09:45:23.660,0.0886140625000004,0.0162765625000005
09:45:23.761,0.0886140625000004,0.0162765625000005
09:45:23.861,0.0886140625000004,0.0162765625000005
09:45:23.962,0.0886140625000004,0.0162765625000005
09:45:24.063,0.0886140625000004,0.0162765625000005
09:45:24.164,0.0886140625000004,0.0162765625000005
09:45:24.266,0.0886140625000004,0.0162765625000005
09:45:24.366,0.0886140625000004,0.0162765625000005
09:45:24.468,0.0886140625000004,0.0162765625000005
09:45:24.567,0.0886140625000004,0.0162765625000005
09:45:24.669,0.0886140625000004,0.0162765625000005
09:45:24.770,0.0886140625000004,0.0162765625000005
09:45:24.873,0.0886140625000004,0.0162765625000005
09:45:24.974,0.0886140625000004,0.0162765625000005
09:45:25.075,0.0886140625000004,0.0162765625000005
09:45:25.176,0.0886140625000004,0.0162765625000005
09:45:25.277,0.0886140625000004,0.0162765625000005
09:45:25.377,0.0886140625000004,0.0162765625000005
09:45:25.476,0.0886140625000004,0.0162765625000005
09:45:25.577,0.0886140625000004,0.0162765625000005
09:45:25.677,0.0886140625000004,0.0162765625000005
09:45:25.778,0.0886140625000004,0.0171796875000005
09:45:25.878,0.0886140625000004,0.0171796875000005
09:45:25.979,0.0886140625000004,0.0171796875000005
09:45:26.080,0.0886140625000004,0.0162765625000005
09:45:26.182,0.0886140625000004,0.0162765625000005
09:45:26.282,0.0886140625000004,0.0162765625000005
09:45:26.383,0.0886140625000004,0.0162765625000005
09:45:26.484,0.0886140625000004,0.0162765625000005
09:45:26.585,0.0886140625000004,0.0162765625000005
09:45:26.687,0.0886140625000004,0.0162765625000005
09:45:26.787,0.0886140625000004,0.0162765625000005
09:45:26.887,0.0886140625000004,0.0162765625000005
09:45:26.987,0.0886140625000004,0.0162765625000005
09:45:27.088,0.0886140625000004,0.0162765625000005
09:45:27.190,0.0886140625000004,0.0162765625000005
09:45:27.290,0.0895187500000005,0.0162765625000005
09:45:27.391,0.0895187500000005,0.0162765625000005
09:45:27.493,0.0895187500000005,0.0162765625000005
09:45:27.593,0.0886140625000004,0.0162765625000005
09:45:27.693,0.0886140625000004,0.0162765625000005
09:45:27.793,0.0886140625000004,0.0162765625000005
09:45:27.894,0.0886140625000004,0.0162765625000005
09:45:27.994,0.0886140625000004,0.0162765625000005
09:45:28.096,0.0886140625000004,0.0162765625000005
09:45:28.198,0.0886140625000004,0.0162765625000005
09:45:28.298,0.0886140625000004,0.0162765625000005
09:45:28.399,0.0886140625000004,0.0162765625000005
09:45:28.500,0.0886140625000004,0.0162765625000005
09:45:28.601,0.0886140625000004,0.0162765625000005
09:45:28.702,0.0886140625000004,0.0162765625000005
09:45:28.803,0.0886140625000004,0.0162765625000005
09:45:28.903,0.0886140625000004,0.0162765625000005
09:45:29.005,0.0886140625000004,0.0162765625000005
09:45:29.105,0.0886140625000004,0.0162765625000005
09:45:29.205,0.0886140625000004,0.0162765625000005
09:45:29.306,0.0895187500000005,0.0162765625000005
09:45:29.407,0.0895187500000005,0.0162765625000005
09:45:29.507,0.0895187500000005,0.0162765625000005
09:45:29.608,0.0886140625000004,0.0162765625000005
09:45:29.708,0.0886140625000004,0.0162765625000005
09:45:29.808,0.0886140625000004,0.0162765625000005
09:45:29.910,0.0886140625000004,0.0162765625000005
09:45:30.009,0.0895187500000005,0.0162765625000005
09:45:30.111,0.0895187500000005,0.0162765625000005
09:45:30.212,0.0895187500000005,0.0162765625000005
09:45:30.314,0.0886140625000004,0.0162765625000005
09:45:30.416,0.0886140625000004,0.0162765625000005
09:45:30.518,0.0895187500000005,0.0162765625000005
09:45:30.619,0.0895187500000005,0.0162765625000005
09:45:30.720,0.0895187500000005,0.0162765625000005
09:45:30.820,0.0904218750000005,0.0162765625000005
09:45:30.920,0.0904218750000005,0.0162765625000005
09:45:31.023,0.1609515625,0.0696249999999995
09:45:31.124,0.1609515625,0.0696249999999995
09:45:31.227,0.1609515625,0.15371875
09:45:31.327,0.2323859375,0.15371875
09:45:31.429,0.2323859375,0.226056249999999
09:45:31.530,0.299298437499999,0.226056249999999
09:45:31.631,0.299298437499999,0.226056249999999
09:45:31.731,0.299298437499999,0.301106249999999
09:45:31.832,0.3788703125,0.301106249999999
09:45:31.933,0.3788703125,0.410517187499999
09:45:32.035,0.49913125,0.410517187499999
09:45:32.136,0.49913125,0.410517187499999
09:45:32.236,0.6311484375,0.580512499999999
09:45:32.337,0.6311484375,0.580512499999999
09:45:32.437,0.6311484375,0.593171874999999
09:45:32.537,0.654657812499999,0.593171874999999
09:45:32.637,0.654657812499999,0.593171874999999
09:45:32.738,0.7360390625,0.68359375
09:45:32.840,0.7360390625,0.68359375
09:45:32.941,0.7360390625,0.78125
09:45:33.041,0.850875,0.78125
09:45:33.143,0.850875,0.78125
09:45:33.244,0.9765625,0.9159796875
09:45:33.346,0.9765625,0.9159796875
09:45:33.445,0.9765625,1.0516125
09:45:33.546,1.125759375,1.0516125
09:45:33.646,1.125759375,1.0516125
09:45:33.747,1.2351703125,1.212565625
09:45:33.849,1.2351703125,1.212565625
09:45:33.950,1.2351703125,1.2939453125
09:45:34.053,1.3780375,1.2939453125
09:45:34.155,1.3780375,1.53446875
09:45:34.255,1.577871875,1.53446875
09:45:34.355,1.577871875,1.53446875
09:45:34.457,1.801215625,1.72706875
09:45:34.558,1.801215625,1.72706875
09:45:34.658,1.801215625,1.8536609375
09:45:34.758,1.8645109375,1.8536609375
09:45:34.858,1.8645109375,1.8536609375
09:45:34.959,2.0697703125,1.9694015625
09:45:35.061,2.0697703125,1.9694015625
09:45:35.163,2.0697703125,2.4377890625
09:45:35.263,2.526403125,2.4377890625
09:45:35.363,2.526403125,2.4377890625
09:45:35.464,2.7850109375,2.70905625
09:45:35.565,2.7850109375,2.70905625
09:45:35.667,2.7850109375,3.165690625
09:45:35.768,3.1575515625,3.165690625
09:45:35.869,3.1575515625,3.165690625
09:45:35.969,3.0978734375,3.1231921875
09:45:36.071,3.0978734375,3.1231921875
09:45:36.172,3.0978734375,3.09425625
09:45:36.272,3.073459375,3.09425625
09:45:36.372,3.073459375,3.0852140625
09:45:36.471,3.068034375,3.0852140625
09:45:36.572,3.068034375,3.0852140625
09:45:36.674,3.068034375,3.078884375
09:45:36.776,3.0644171875,3.078884375
09:45:36.877,3.0644171875,3.0752671875
09:45:36.978,3.0580875,3.0752671875
09:45:37.078,3.0580875,3.0752671875
09:45:37.179,3.120478125,3.125
09:45:37.281,3.120478125,3.125
09:45:37.381,3.120478125,3.7697125
09:45:37.481,4.474103125,3.7697125
09:45:37.581,4.474103125,3.7697125
09:45:37.682,5.9280953125,5.7752828125
09:45:37.782,5.9280953125,5.7752828125
09:45:37.883,5.9280953125,6.21383125
09:45:37.985,6.1885125,6.21383125
09:45:38.085,6.1885125,6.21383125
09:45:38.186,6.3458484375,6.393771875
09:45:38.287,6.3458484375,6.393771875
09:45:38.387,6.3458484375,6.437175
09:45:38.489,6.47605625,6.437175
09:45:38.591,6.47605625,6.437175
09:45:38.691,6.7825875,6.7681203125
09:45:38.793,6.7825875,6.7681203125
09:45:38.894,6.7825875,6.9146046875
09:45:38.994,6.8675859375,6.9146046875
09:45:39.094,6.8675859375,7.0095484375
09:45:39.195,6.9697625,7.0095484375
09:45:39.295,6.9697625,7.0095484375
09:45:39.397,6.9697625,7.12076875
09:45:39.498,7.080078125,7.12076875
09:45:39.598,7.080078125,7.2319875
09:45:39.698,7.19310625,7.2319875
09:45:39.800,7.19310625,7.2319875
09:45:39.900,7.3106546875,7.347728125
09:45:40.001,7.3106546875,7.347728125
09:45:40.102,7.3106546875,7.46618125
09:45:40.204,7.431821875,7.46618125
09:45:40.304,7.431821875,7.46618125
09:45:40.405,7.5566046875,7.593678125
09:45:40.505,7.5566046875,7.593678125
09:45:40.606,7.5566046875,7.7311203125
09:45:40.705,7.689525,7.7311203125
09:45:40.807,7.689525,7.7311203125
09:45:40.908,7.822446875,7.8631359375
09:45:41.007,7.822446875,7.8631359375
09:45:41.109,7.822446875,8.0014828125
09:45:41.209,7.9626015625,8.0014828125
09:45:41.309,7.9626015625,8.0014828125
09:45:41.409,8.11089375,8.149775
09:45:41.510,8.11089375,8.149775
09:45:41.610,8.11089375,8.3016859375
09:45:41.713,8.2637078125,8.3016859375
09:45:41.814,8.2637078125,8.4545
09:45:41.916,8.4129046875,8.4545
09:45:42.017,8.4129046875,8.4545
09:45:42.117,8.56571875,8.6082171875
09:45:42.217,8.56571875,8.6082171875
09:45:42.318,8.56571875,8.7257671875
09:45:42.418,8.631728125,8.7257671875
09:45:42.519,8.631728125,8.7257671875
09:45:42.619,8.449978125,8.5566765625
09:45:42.720,8.449978125,8.5566765625
09:45:42.821,8.449978125,8.480721875
09:45:42.921,8.3930125,8.480721875
09:45:43.023,8.3930125,8.480721875
09:45:43.125,8.35413125,8.441840625
09:45:43.227,8.35413125,8.441840625
09:45:43.327,8.35413125,8.4020546875
09:45:43.428,8.3143453125,8.4020546875
09:45:43.528,8.3143453125,8.4020546875
09:45:43.629,8.277271875,8.3640765625
09:45:43.729,8.277271875,8.3640765625
09:45:43.830,8.277271875,8.3279078125
09:45:43.933,8.241103125,8.3279078125
09:45:44.034,8.241103125,8.29264375
09:45:44.134,8.2058375,8.29264375
09:45:44.235,8.2058375,8.29264375
09:45:44.337,8.2058375,8.257378125
09:45:44.439,8.1714765625,8.257378125
09:45:44.539,8.1714765625,8.257378125
09:45:44.640,8.2221140625,8.257378125
09:45:44.741,8.2221140625,8.257378125
09:45:44.841,8.4924765625,8.4680625
09:45:44.943,8.4924765625,8.4680625
09:45:45.043,8.4924765625,8.9680984375
09:45:45.143,8.9210796875,8.9680984375
09:45:45.244,8.9210796875,8.9680984375
09:45:45.343,9.1172953125,9.1525609375
09:45:45.444,9.1172953125,9.1525609375
09:45:45.545,9.1172953125,9.356915625
09:45:45.645,9.3243640625,9.356915625
09:45:45.745,9.3243640625,9.356915625
09:45:45.846,9.52871875,9.560365625
09:45:45.946,9.52871875,9.560365625
09:45:46.048,9.52871875,9.778284375
09:45:46.148,9.7457328125,9.778284375
09:45:46.250,9.7457328125,9.778284375
09:45:46.349,9.9618421875,9.9952984375
09:45:46.451,9.9618421875,9.9952984375
09:45:46.553,9.9618421875,10.205078125
09:45:46.653,10.1680046875,10.205078125
09:45:46.753,10.1680046875,10.4103375
09:45:46.853,10.37416875,10.4103375
09:45:46.955,10.37416875,10.4103375
09:45:47.057,10.37416875,10.6165
09:45:47.157,10.57490625,10.6165
09:45:47.257,10.57490625,10.821759375
09:45:47.357,10.788303125,10.821759375
09:45:47.458,10.788303125,10.821759375
09:45:47.559,11.02430625,11.0550484375
09:45:47.661,11.02430625,11.0550484375
09:45:47.761,11.02430625,11.3037109375
09:45:47.863,11.2729671875,11.3037109375
09:45:47.963,11.2729671875,11.3037109375
09:45:48.063,11.5017359375,11.536096875
09:45:48.163,11.5017359375,11.536096875
09:45:48.264,11.5017359375,11.7693859375
09:45:48.365,11.731409375,11.7693859375
09:45:48.465,11.731409375,11.7693859375
09:45:48.567,11.9836875,12.018953125
09:45:48.667,11.9836875,12.018953125
09:45:48.768,11.9836875,12.2703265625
09:45:48.869,12.2432,12.2703265625
09:45:48.971,12.2432,12.2703265625
09:45:49.072,12.5162765625,12.543403125
09:45:49.174,12.5162765625,12.543403125
09:45:49.275,12.5162765625,12.8345625
09:45:49.376,12.8119578125,12.8345625
09:45:49.478,12.8119578125,13.134765625
09:45:49.578,13.1202984375,13.134765625
09:45:49.680,13.1202984375,13.134765625
09:45:49.783,13.2622609375,13.3951828125
09:45:49.885,13.2622609375,13.3951828125
09:45:49.986,13.2622609375,13.0217375
09:45:50.088,12.8535515625,13.0217375
09:45:50.188,12.8535515625,13.0217375
09:45:50.289,12.7486625,12.86801875
09:45:50.390,12.7486625,12.86801875
09:45:50.492,12.7486625,12.774884375
09:45:50.593,12.65371875,12.774884375
09:45:50.693,12.65371875,12.774884375
09:45:50.793,12.5605828125,12.6790359375
09:45:50.894,12.5605828125,12.6790359375
09:45:50.995,12.5605828125,12.587709375
09:45:51.095,12.4701609375,12.587709375
09:45:51.195,12.4701609375,12.587709375
09:45:51.296,12.3824515625,12.4981921875
09:45:51.396,12.3824515625,12.4981921875
09:45:51.496,12.3824515625,12.41319375
09:45:51.598,12.297453125,12.41319375
09:45:51.698,12.297453125,12.504521875
09:45:51.801,12.4936703125,12.504521875
09:45:51.902,12.4936703125,12.504521875
09:45:52.002,12.8535515625,12.85174375
09:45:52.103,12.8535515625,12.85174375
09:45:52.202,12.8535515625,13.2414640625
09:45:52.303,13.240559375,13.2414640625
09:45:52.405,13.240559375,13.2414640625
09:45:52.505,13.628471875,13.6194296875
09:45:52.605,13.628471875,13.6194296875
09:45:52.707,13.628471875,14.0335640625
09:45:52.807,14.041703125,14.0335640625
09:45:52.908,14.041703125,14.0335640625
09:45:53.009,14.4540296875,14.4495078125
09:45:53.109,14.4540296875,14.4495078125
09:45:53.211,14.4540296875,14.8527921875
09:45:53.312,14.8582171875,14.8527921875
09:45:53.412,14.8582171875,14.8527921875
09:45:53.513,15.2795859375,15.2660234375
09:45:53.613,15.2795859375,15.2660234375
09:45:53.715,15.2795859375,15.6892
09:45:53.815,15.6973375,15.6892
09:45:53.917,15.6973375,16.1069515625
09:45:54.016,16.117803125,16.1069515625
09:45:54.118,16.117803125,16.1069515625
09:45:54.219,16.117803125,16.524703125
09:45:54.320,16.5364578125,16.524703125
09:45:54.421,16.5364578125,16.932509375
09:45:54.520,16.9370296875,16.932509375
09:45:54.621,16.9370296875,16.932509375
09:45:54.722,17.308665625,17.303240625
09:45:54.823,17.308665625,17.303240625
09:45:54.923,17.308665625,17.6567921875
09:45:55.025,17.652271875,17.6567921875
09:45:55.126,17.652271875,17.6567921875
09:45:55.227,18.01034375,18.006728125
09:45:55.328,18.01034375,18.006728125
09:45:55.428,18.01034375,18.354853125
09:45:55.529,18.3602796875,18.354853125
09:45:55.629,18.3602796875,18.354853125
09:45:55.731,18.6514390625,18.691225
09:45:55.831,18.6514390625,18.691225
09:45:55.931,18.6514390625,18.3756515625
09:45:56.033,17.9832171875,18.3756515625
09:45:56.134,17.9832171875,18.3756515625
09:45:56.236,17.73726875,17.87651875
09:45:56.336,17.73726875,17.87651875
09:45:56.438,17.73726875,17.663121875
09:45:56.540,17.5256796875,17.663121875
09:45:56.642,17.5256796875,17.4605765625
09:45:56.744,17.3240375,17.4605765625
09:45:56.845,17.3240375,17.4605765625
09:45:56.948,17.1323421875,17.267071875
09:45:57.049,17.1323421875,17.267071875
09:45:57.150,17.1323421875,17.08170625
09:45:57.251,16.948784375,17.08170625
09:45:57.351,16.948784375,17.08170625
09:45:57.453,16.770653125,16.90266875
09:45:57.554,16.770653125,16.90266875
09:45:57.654,16.770653125,17.03649375
09:45:57.755,17.0762796875,17.03649375
09:45:57.856,17.0762796875,17.03649375
09:45:57.956,17.6233359375,17.5817421875
09:45:58.060,17.6233359375,17.5817421875
09:45:58.161,17.6233359375,18.06911875
09:45:58.262,18.1107125,18.06911875
09:45:58.365,18.1107125,18.5076671875
09:45:58.465,18.547453125,18.5076671875
09:45:58.567,18.547453125,18.5076671875
09:45:58.668,18.547453125,18.9489296875
09:45:58.768,18.98148125,18.9489296875
09:45:58.868,18.98148125,19.3965203125
09:45:58.969,19.44173125,19.3965203125
09:45:59.070,19.44173125,19.3965203125
09:45:59.172,19.864909375,19.847728125
09:45:59.272,19.864909375,19.847728125
09:45:59.374,19.864909375,20.2311203125
09:45:59.475,20.2700015625,20.2311203125
09:45:59.575,20.2700015625,20.2311203125
09:45:59.676,20.746528125,20.7004125
09:45:59.778,20.746528125,20.7004125
09:45:59.878,20.746528125,21.0946546875
09:45:59.979,21.12178125,21.0946546875
09:46:00.082,21.12178125,21.0946546875
09:46:00.182,21.4418765625,21.4210796875
09:46:00.284,21.4418765625,21.4210796875
09:46:00.385,21.4418765625,21.7791515625
09:46:00.486,21.8252671875,21.7791515625
09:46:00.587,21.8252671875,22.17881875
09:46:00.688,22.22403125,22.17881875
09:46:00.789,22.22403125,22.17881875
09:46:00.889,22.22403125,22.5450296875
09:46:00.988,22.5802953125,22.5450296875
09:46:01.089,22.5802953125,22.897678125
09:46:01.191,22.95735625,22.897678125
09:46:01.291,22.95735625,22.897678125
09:46:01.391,23.377821875,23.2955375
09:46:01.493,23.377821875,23.2955375
09:46:01.594,23.377821875,23.743128125
09:46:01.696,23.815465625,23.743128125
09:46:01.796,23.815465625,23.743128125
09:46:01.897,24.2513015625,24.1708265625
09:46:01.998,24.2513015625,24.1708265625
09:46:02.098,24.2513015625,24.4619859375
09:46:02.199,24.4104453125,24.4619859375
09:46:02.300,24.4104453125,24.4619859375
09:46:02.401,23.355215625,23.5387734375
09:46:02.502,23.355215625,23.5387734375
09:46:02.604,23.355215625,23.1020328125
09:46:02.705,22.9709203125,23.1020328125
09:46:02.808,22.9709203125,23.1020328125
09:46:02.912,22.6083265625,22.7376296875
09:46:03.012,22.6083265625,22.7376296875
09:46:03.112,22.6083265625,22.394025
09:46:03.213,22.265625,22.394025
09:46:03.313,22.265625,22.0712171875
09:46:03.415,21.944625,22.0712171875
09:46:03.515,21.944625,22.0712171875
09:46:03.617,21.6371890625,21.7628765625
09:46:03.718,21.6371890625,21.7628765625
09:46:03.818,21.6371890625,21.4699078125
09:46:03.917,21.3469328125,21.4699078125
09:46:04.018,21.3469328125,21.4699078125
09:46:04.119,21.0639109375,21.19140625
09:46:04.220,21.0639109375,21.19140625
09:46:04.322,21.0639109375,21.2592234375
09:46:04.423,21.345125,21.2592234375
09:46:04.522,21.345125,21.2592234375
09:46:04.624,22.141746875,21.9970703125
09:46:04.724,22.141746875,21.9970703125
09:46:04.827,22.141746875,22.771990625
09:46:04.928,22.9428890625,22.771990625
09:46:05.030,22.9428890625,22.771990625
09:46:05.130,23.80280625,23.6192484375
09:46:05.230,23.80280625,23.6192484375
09:46:05.331,23.80280625,24.4104453125
09:46:05.432,24.5487921875,24.4104453125
09:46:05.533,24.5487921875,24.789315625
09:46:05.634,24.920428125,24.789315625
09:46:05.735,24.920428125,24.789315625
09:46:05.834,24.920428125,25.47743125
09:46:05.935,25.62481875,25.47743125
09:46:06.036,25.62481875,26.0624640625
09:46:06.138,26.2116609375,26.0624640625
09:46:06.238,26.2116609375,26.0624640625
09:46:06.338,26.7487703125,26.60409375
09:46:06.438,26.7487703125,26.60409375
09:46:06.538,26.7487703125,27.091471875
09:46:06.639,27.220775,27.091471875
09:46:06.740,27.220775,27.091471875
09:46:06.841,26.817490625,27.0896625
09:46:06.942,26.817490625,27.0896625
09:46:07.043,26.817490625,25.9711375
09:46:07.144,25.835503125,25.9711375
09:46:07.245,25.835503125,25.9711375
09:46:07.344,25.375253125,25.4891859375
09:46:07.444,25.375253125,25.4891859375
09:46:07.546,25.375253125,25.0551578125
09:46:07.647,24.943034375,25.0551578125
09:46:07.747,24.943034375,25.0551578125
09:46:07.849,24.5361328125,24.6491609375
09:46:07.949,24.5361328125,24.6491609375
09:46:08.050,24.5361328125,24.2639609375
09:46:08.151,24.1518375,24.2639609375
09:46:08.251,24.1518375,23.8950375
09:46:08.351,23.7829140625,23.8950375
09:46:08.451,23.7829140625,23.8950375
09:46:08.552,23.7829140625,23.5441984375
09:46:08.651,23.432075,23.5441984375
09:46:08.751,23.432075,23.2096359375
09:46:08.853,23.0947984375,23.2096359375
09:46:08.954,23.0947984375,23.2096359375
09:46:09.054,22.7683734375,22.8832109375
09:46:09.156,22.7683734375,22.8832109375
09:46:09.257,22.7683734375,22.5721578125
09:46:09.357,22.453703125,22.5721578125
09:46:09.456,22.453703125,22.5721578125
09:46:09.557,22.1489796875,22.2692421875
09:46:09.658,22.1489796875,22.2692421875
09:46:09.759,22.1489796875,19.6967234375
09:46:09.859,9.4048390625,19.6967234375
09:46:09.959,9.4048390625,19.6967234375
09:46:10.060,1.053421875,1.393409375
09:46:10.161,1.053421875,1.393409375
09:46:10.262,1.053421875,0.465675
09:46:10.363,0.423176562499999,0.465675
09:46:10.463,0.423176562499999,0.465675
09:46:10.564,0.1862703125,0.149196875
09:46:10.664,0.1862703125,0.149196875
09:46:10.765,0.1862703125,0.0397859375000004
09:46:10.866,0.1112203125,0.0397859375000004
09:46:10.965,0.1112203125,0.0171796875000005
09:46:11.066,0.0994640625000001,0.0171796875000005
09:46:11.166,0.0994640625000001,0.0171796875000005
09:46:11.269,0.0994640625000001,0.0207968749999995
09:46:11.370,0.0994640625000001,0.0207968749999995
09:46:11.471,0.0994640625000001,0.0189890624999994
09:46:11.570,0.09765625,0.0189890624999994
09:46:11.672,0.09765625,0.0189890624999994
09:46:11.773,0.0985609375000002,0.0198921874999994
09:46:11.875,0.0985609375000002,0.0198921874999994
09:46:11.977,0.0985609375000002,0.0198921874999994
09:46:12.078,0.0967515624999998,0.0198921874999994
09:46:12.179,0.0967515624999998,0.0198921874999994
09:46:12.278,0.0994640625000001,0.0198921874999994
09:46:12.379,0.0994640625000001,0.0198921874999994
09:46:12.481,0.0994640625000001,0.0171796875000005
09:46:12.582,0.0931343749999994,0.0171796875000005
09:46:12.684,0.0931343749999994,0.0171796875000005
09:46:12.785,0.0967515624999998,0.0180843750000007
09:46:12.885,0.0967515624999998,0.0180843750000007
09:46:12.986,0.0967515624999998,0.0162765625000005
09:46:13.088,0.0931343749999994,0.0162765625000005
09:46:13.189,0.0931343749999994,0.0180843750000007
09:46:13.288,0.0967515624999998,0.0180843750000007
09:46:13.389,0.0967515624999998,0.0180843750000007
09:46:13.491,0.0967515624999998,0.0189890624999994
09:46:13.592,0.0958484374999999,0.0189890624999994
09:46:13.693,0.0958484374999999,0.0189890624999994
09:46:13.794,0.0958484374999999,0.0189890624999994
09:46:13.896,0.0958484374999999,0.0189890624999994
09:46:13.996,0.0958484374999999,0.0198921874999994
09:46:14.097,0.0958484374999999,0.0198921874999994
09:46:14.197,0.0958484374999999,0.0198921874999994
09:46:14.297,0.0967515624999998,0.0198921874999994
09:46:14.398,0.0967515624999998,0.0198921874999994
09:46:14.499,0.0967515624999998,0.0198921874999994
09:46:14.600,0.0967515624999998,0.0198921874999994
09:46:14.702,0.0967515624999998,0.0207968749999995
09:46:14.803,0.0967515624999998,0.0207968749999995
09:46:14.903,0.0967515624999998,0.0207968749999995
09:46:15.004,0.0967515624999998,0.0207968749999995
09:46:15.106,0.0967515624999998,0.0207968749999995
09:46:15.206,0.0967515624999998,0.0207968749999995
09:46:15.307,0.0967515624999998,0.0207968749999995
09:46:15.408,0.0967515624999998,0.0198921874999994
09:46:15.509,0.0967515624999998,0.0198921874999994
09:46:15.610,0.0967515624999998,0.0198921874999994
09:46:15.711,0.0967515624999998,0.0198921874999994
09:46:15.811,0.0967515624999998,0.0198921874999994
09:46:15.911,0.0967515624999998,0.0198921874999994
09:46:16.013,0.0967515624999998,0.0198921874999994
09:46:16.113,0.0967515624999998,0.0198921874999994
09:46:16.213,0.0967515624999998,0.0198921874999994
09:46:16.314,0.0967515624999998,0.0198921874999994
09:46:16.414,0.0967515624999998,0.0207968749999995
09:46:16.516,0.0967515624999998,0.0207968749999995
09:46:16.617,0.0967515624999998,0.0207968749999995
09:46:16.718,0.0967515624999998,0.0207968749999995
09:46:16.819,0.0967515624999998,0.0207968749999995
09:46:16.919,0.0967515624999998,0.0207968749999995
09:46:17.019,0.0967515624999998,0.0207968749999995
09:46:17.119,0.0967515624999998,0.0207968749999995
09:46:17.219,0.0967515624999998,0.0198921874999994
09:46:17.320,0.0967515624999998,0.0198921874999994
09:46:17.421,0.0967515624999998,0.0207968749999995
09:46:17.522,0.0967515624999998,0.0207968749999995
09:46:17.623,0.0967515624999998,0.0207968749999995
09:46:17.724,0.0967515624999998,0.0198921874999994
09:46:17.826,0.0967515624999998,0.0198921874999994
09:46:17.926,0.0967515624999998,0.0207968749999995
09:46:18.027,0.0967515624999998,0.0207968749999995
09:46:18.128,0.0967515624999998,0.0207968749999995
09:46:18.229,0.0967515624999998,0.0207968749999995
09:46:18.330,0.0967515624999998,0.0207968749999995
09:46:18.432,0.0967515624999998,0.0207968749999995
09:46:18.534,0.0967515624999998,0.0207968749999995
